#usda 1.0
(
    customLayerData = {
        dictionary renderSettings = {
        }
    }
    defaultPrim = "ReferenceTarget"
    metersPerUnit = 1
    upAxis = "Z"
)

def Xform "ReferenceTarget" (
    kind = "group"
)
{
    float3 xformOp:rotateXYZ = (0, 0, 0)
    float3 xformOp:scale = (1, 1, 1)
    double3 xformOp:translate = (0, 0, 0)
    uniform token[] xformOpOrder = ["xformOp:translate", "xformOp:rotateXYZ", "xformOp:scale"]

    def Xform "XForms" (
        kind = "group"
    )
    {
        float3 xformOp:rotateXYZ = (0, 0, 0)
        float3 xformOp:scale = (100, 100, 100)
        double3 xformOp:translate = (0, 0, 0)
        uniform token[] xformOpOrder = ["xformOp:translate", "xformOp:rotateXYZ", "xformOp:scale"]

        def Xform "World" (
            kind = "component"
        )
        {
            float3 xformOp:rotateXYZ = (0, 0, 0)
            float3 xformOp:scale = (1, 1, 1)
            double3 xformOp:translate = (0, 0, 0)
            uniform token[] xformOpOrder = ["xformOp:translate", "xformOp:rotateXYZ", "xformOp:scale"]

            def Scope "Looks" (references = @materials.usda@</Looks>)
            {
            }

            def Xform "plant_19_dry"
            {
                float3 xformOp:rotateXYZ = (0, 0, 0)
                float3 xformOp:scale = (1, 1, 1)
                double3 xformOp:translate = (0, 0, 0)
                uniform token[] xformOpOrder = ["xformOp:translate", "xformOp:rotateXYZ", "xformOp:scale"]

                def Mesh "Icosphere_032" (
                    prepend apiSchemas = ["MaterialBindingAPI"]
                )
                {
                    float3[] extent = [(-0.37504986, -0.47687328, -0.0011513624), (0.27870747, 0.34134477, 0.6752261)]
                    int[] faceVertexCounts = [3, 3, 3, 3, 3, 3, 3, 3, 3, 3, 3, 3, 3, 3, 3, 3, 3, 3, 3, 3, 3, 3, 3, 3, 3, 3, 3, 3, 3, 3, 3, 3, 3, 3, 3, 3, 3, 3, 3, 3, 3, 3, 3, 3, 3, 3, 3, 3, 3, 3, 3, 3, 3, 3, 3, 3, 3, 3, 3, 3, 3, 3, 3, 3, 3, 3, 3, 3, 3, 3, 3, 3, 3, 3, 3, 3, 3, 3, 3, 3, 3, 3, 3, 3, 3, 3, 3, 3, 3, 3, 3, 3, 3, 3, 3, 3, 3, 3, 3, 3, 3, 3, 3, 3, 3, 3, 3, 3, 3, 3, 3, 3, 3, 3, 3, 3, 3, 3, 3, 3, 3, 3, 3, 3, 3, 3, 3, 3, 3, 3, 3, 3, 3, 3, 3, 3, 3, 3, 3, 3, 3, 3, 3, 3, 3, 3, 3, 3, 3, 3, 3, 3, 3, 3, 3, 3, 3, 3, 3, 3, 3, 3, 3, 3, 3, 3, 3, 3, 3, 3, 3, 3, 3, 3, 3, 3, 3, 3, 3, 3, 3, 3, 3, 3, 3, 3, 3, 3, 3, 3, 3, 3, 3, 3, 3, 3, 3, 3, 3, 3, 3, 3, 3, 3, 3, 3, 3, 3, 3, 3, 3, 3, 3, 3, 3, 3, 3, 3, 3, 3, 3, 3, 3, 3, 3, 3, 3, 3, 3, 3, 3, 3, 3, 3, 3, 3, 3, 3, 3, 3, 3, 3, 3, 3, 3, 3, 3, 3, 3, 3, 3, 3, 3, 3, 3, 3, 3, 3, 3, 3, 3, 3, 3, 3, 3, 3, 3, 3, 3, 3, 3, 3, 3, 3, 3, 3, 3, 3, 3, 3, 3, 3, 3, 3, 3, 3, 3, 3, 3, 3, 3, 3, 3, 3, 3, 3, 3, 3, 3, 3, 3, 3, 3, 3, 3, 3, 3, 3, 3, 3, 3, 3, 3, 3, 3, 3, 3, 3, 3, 3, 3, 3, 3, 3, 3, 3, 3, 3, 3, 3, 3, 3, 3, 3, 3, 3, 3, 3, 3, 3, 3, 3, 3, 3, 3, 3, 3, 3, 3, 3, 3, 3, 3, 3, 3, 3, 3, 3, 3, 3, 3, 3, 3, 3, 3, 3, 3, 3, 3, 3, 3, 3, 3, 3, 3, 3, 3, 3, 3, 3, 3, 3, 3, 3, 3, 3, 3, 3, 3, 3, 3, 3, 3, 3, 3, 3, 3, 3, 3, 3, 3, 3, 3, 3, 3, 3, 3, 3, 3, 3, 3, 3, 3, 3, 3, 3, 3, 3, 3, 3, 3, 3, 3, 3, 3, 3, 3, 3, 3, 3, 3, 3, 3, 3, 3, 3, 3, 3, 3, 3, 3, 3, 3, 3, 3, 3, 3, 3, 3, 3, 3, 3, 3, 3, 3, 3, 3, 3, 3, 3, 3, 3, 3, 3, 3, 3, 3, 3, 3, 3, 3, 3, 3, 3, 3, 3, 3, 3, 3, 3, 3, 3, 3, 3, 3, 3, 3, 3, 3, 3, 3, 3, 3, 3, 3, 3, 3, 3, 3, 3, 3, 3, 3, 3, 3, 3, 3, 3, 3, 3, 3, 3, 3, 3, 3, 3, 3, 3, 3, 3, 3, 3, 3, 3, 3, 3, 3, 3, 3, 3, 3, 3, 3, 3, 3, 3, 3, 3, 3, 3, 3, 3, 3, 3, 3, 3, 3, 3, 3, 3, 3, 3, 3, 3, 3, 3, 3, 3, 3, 3, 3, 3, 3, 3, 3, 3, 3, 3, 3, 3, 3, 3, 3, 3, 3, 3, 3, 3, 3, 3, 3, 3, 3, 3, 3, 3, 3, 3, 3, 3, 3, 3, 3, 3, 3, 3, 3, 3, 3, 3, 3, 3, 3, 3, 3, 3, 3, 3, 3, 3, 3, 3, 3, 3, 3, 3, 3, 3, 3, 3, 3, 3, 3, 3, 3, 3, 3, 3, 3, 3, 3, 3, 3, 3, 3, 3, 3, 3, 3, 3, 3, 3, 3, 3, 3, 3, 3, 3, 3, 3, 3, 3, 3, 3, 3, 3, 3, 3, 3, 3, 3, 3, 3, 3, 3, 3, 3, 3, 3, 3, 3, 3, 3, 3, 3, 3, 3, 3, 3, 3, 3, 3, 3, 3, 3, 3, 3, 3, 3, 3, 3, 3, 3, 3, 3, 3, 3, 3, 3, 3, 3, 3, 3, 3, 3, 3, 3, 3, 3, 3, 3, 3, 3, 3, 3, 3, 3, 3, 3, 3, 3, 3, 3, 3, 3, 3, 3, 3, 3, 3, 3, 3, 3, 3, 3, 3, 3, 3, 3, 3, 3, 3, 3, 3, 3, 3, 3, 3, 3, 3, 3, 3, 3, 3, 3, 3, 3, 3, 3, 3, 3, 3, 3, 3, 3, 3, 3, 3, 3, 3, 3, 3, 3, 3, 3, 3, 3, 3, 3, 3, 3, 3, 3, 3, 3, 3, 3, 3, 3, 3, 3, 3, 3, 3, 3, 3, 3, 3, 3, 3, 3, 3, 3, 3, 3, 3, 3, 3, 3, 3, 3, 3, 3, 3, 3, 3, 3, 3, 3, 3, 3, 3, 3, 3, 3, 3, 3, 3, 3, 3, 3, 3, 3, 3, 3, 3, 3, 3, 3, 3, 3, 3, 3, 3, 3, 3, 3, 3, 3, 3, 3, 3, 3, 3, 3, 3, 3, 3, 3, 3, 3, 3, 3, 3, 3, 3, 3, 3, 3, 3, 3, 3, 3, 3, 3, 3, 3, 3, 3, 3, 3, 3, 3, 3, 3, 3, 3, 3, 3, 3, 3, 3, 3, 3, 3, 3, 3, 3, 3, 3, 3, 3, 3, 3, 3, 3, 3, 3, 3, 3, 3, 3, 3, 3, 3, 3, 3, 3, 3, 3, 3, 3, 3, 3, 3, 3, 3, 3, 3, 3, 3, 3, 3, 3, 3, 3, 3, 3, 3, 3, 3, 3, 3, 3, 3, 3, 3, 3, 3, 3, 3, 3, 3, 3, 3, 3, 3, 3, 3, 3, 3, 3, 3, 3, 3, 3, 3, 3, 3, 3, 3, 3, 3, 3, 3, 3, 3, 3, 3, 3, 3, 3, 3, 3, 3, 3, 3, 3, 3, 3, 3, 3, 3, 3, 3, 3, 3, 3, 3, 3, 3, 3, 3, 3, 3, 3, 3, 3, 3, 3, 3, 3, 3, 3, 3, 3, 3, 3, 3, 3, 3, 3, 3, 3, 3, 3, 3, 3, 3, 3, 3, 3, 3, 3, 3, 3, 3, 3, 3, 3, 3, 3, 3, 3, 3, 3, 3, 3, 3, 3, 3, 3, 3, 3, 3, 3, 3, 3, 3, 3, 3, 3, 3, 3, 3, 3, 3, 3, 3, 3, 3, 3, 3, 3, 3, 3, 3, 3, 3, 3, 3, 3, 3, 3, 3, 3, 3, 3, 3, 3, 3, 3, 3, 3, 3, 3, 3, 3, 3, 3, 3, 3, 3, 3, 3, 3, 3, 3, 3, 3, 3, 3, 3, 3, 3, 3, 3, 3, 3, 3, 3, 3, 3, 3, 3, 3, 3, 3, 3, 3, 3, 3, 3, 3, 3, 3, 3, 3, 3, 3, 3, 3, 3, 3, 3, 3, 3, 3, 3, 3, 3, 3, 3, 3, 3, 3, 3, 3, 3, 3, 3, 3, 3, 3, 3, 3, 3, 3, 3, 3, 3, 3, 3, 3, 3, 3, 3, 3, 3, 3, 3, 3, 3, 3, 3, 3, 3, 3, 3, 3, 3, 3, 3, 3, 3, 3, 3, 3, 3, 3, 3, 3, 3, 3, 3, 3, 3, 3, 3, 3, 3, 3, 3, 3, 3, 3, 3, 3, 3, 3, 3, 3, 3, 3, 3, 3, 3, 3, 3, 3, 3, 3, 3, 3, 3, 3, 3, 3, 3, 3, 3, 3, 3, 3, 3, 3, 3, 3, 3, 3, 3, 3, 3, 3, 3, 3, 3, 3, 3, 3, 3, 3, 3, 3, 3, 3, 3, 3, 3, 3, 3, 3, 3, 3, 3, 3, 3, 3, 3, 3, 3, 3, 3, 3, 3, 3, 3, 3, 3, 3, 3, 3, 3, 3, 3, 3, 3, 3, 3, 3, 3, 3, 3, 3, 3, 3, 3, 3, 3, 3, 3, 3, 3, 3, 3, 3, 3, 3, 3, 3, 3, 3, 3, 3, 3, 3, 3, 3, 3, 3, 3, 3, 3, 3, 3, 3, 3, 3, 3, 3, 3, 3, 3, 3, 3, 3, 3, 3, 3, 3, 3, 3, 3, 3, 3, 3, 3, 3, 3, 3, 3, 3, 3, 3, 3, 3, 3, 3, 3, 3, 3, 3, 3, 3, 3, 3, 3, 3, 3, 3, 3, 3, 3, 3, 3, 3, 3, 3, 3, 3, 3, 3, 3, 3, 3, 3, 3, 3, 3, 3, 3, 3, 3, 3, 3, 3, 3, 3, 3, 3, 3, 3, 3, 3, 3, 3, 3, 3, 3, 3, 3, 3, 3, 3, 3, 3, 3, 3, 3, 3, 3, 3, 3, 3, 3, 3, 3, 3, 3, 3, 3, 3, 3, 3, 3, 3, 3, 3, 3, 3, 3, 3, 3, 3, 3, 3, 3, 3, 3, 3, 3, 3, 3, 3, 3, 3, 3, 3, 3, 3, 3, 3, 3, 3, 3, 3, 3, 3, 3, 3, 3, 3, 3, 3, 3, 3, 3, 3, 3, 3, 3, 3, 3, 3, 3, 3, 3, 3, 3, 3, 3, 3, 3, 3, 3, 3, 3, 3, 3, 3, 3, 3, 3, 3, 3, 3, 3, 3, 3, 3, 3, 3, 3, 3, 3, 3, 3, 3, 3, 3, 3, 3, 3, 3, 3, 3, 3, 3, 3, 3, 3, 3, 3, 3, 3, 3, 3, 3, 3, 3, 3, 3, 3, 3, 3, 3, 3, 3, 3, 3, 3, 3, 3, 3, 3, 3, 3, 3, 3, 3, 3, 3, 3, 3, 3, 3, 3, 3, 3, 3, 3, 3, 3, 3, 3, 3, 3, 3, 3, 3, 3, 3, 3, 3, 3, 3, 3, 3, 3, 3, 3, 3, 3, 3, 3, 3, 3, 3, 3, 3, 3, 3, 3, 3, 3, 3, 3, 3, 3, 3, 3, 3, 3, 3, 3, 3, 3, 3, 3, 3, 3, 3, 3, 3, 3, 3, 3, 3, 3, 3, 3, 3, 3, 3, 3, 3, 3, 3, 3, 3, 3, 3, 3, 3, 3, 3, 3, 3, 3, 3, 3, 3, 3, 3, 3, 3, 3, 3, 3, 3, 3, 3, 3, 3, 3, 3, 3, 3, 3, 3, 3, 3, 3, 3, 3, 3, 3, 3, 3, 3, 3, 3, 3, 3, 3, 3, 3, 3, 3, 3, 3, 3, 3, 3, 3, 3, 3, 3, 3, 3, 3, 3, 3, 3, 3, 3, 3, 3, 3, 3, 3, 3, 3, 3, 3, 3, 3, 3, 3, 3, 3, 3, 3, 3, 3, 3, 3, 3, 3, 3, 3, 3, 3, 3, 3, 3, 3, 3, 3, 3, 3, 3, 3, 3, 3, 3, 3, 3, 3, 3, 3, 3, 3, 3, 3, 3, 3, 3, 3, 3, 3, 3, 3, 3, 3, 3, 3, 3, 3, 3, 3, 3, 3, 3, 3, 3, 3, 3, 3, 3, 3, 3, 3, 3, 3, 3, 3, 3, 3, 3, 3, 3, 3, 3, 3, 3, 3, 3, 3, 3, 3, 3, 3, 3, 3, 3, 3, 3, 3, 3, 3, 3, 3, 3, 3, 3, 3, 3, 3, 3, 3, 3, 3, 3, 3, 3, 3, 3, 3, 3, 3, 3, 3, 3, 3, 3, 3, 3, 3, 3, 3, 3, 3, 3, 3, 3, 3, 3, 3, 3, 3, 3, 3, 3, 3, 3, 3, 3, 3, 3, 3, 3, 3, 3, 3, 3, 3, 3, 3, 3, 3, 3, 3, 3, 3, 3, 3, 3, 3, 3, 3, 3, 3, 3, 3, 3, 3, 3, 3, 3, 3, 3, 3, 3, 3, 3, 3, 3, 3, 3, 3, 3, 3, 3, 3, 3, 3, 3, 3, 3, 3, 3, 3, 3, 3, 3, 3, 3, 3, 3, 3, 3, 3, 3, 3, 3, 3, 3, 3, 3, 3, 3, 3, 3, 3, 3, 3, 3, 3, 3, 3, 3, 3, 3, 3, 3, 3, 3, 3, 3, 3, 3, 3, 3, 3, 3, 3, 3, 3, 3, 3, 3, 3, 3, 3, 3, 3, 3, 3, 3, 3, 3, 3, 3, 3, 3, 3, 3, 3, 3, 3, 3, 3, 3, 3, 3, 3, 3, 3, 3, 3, 3, 3, 3, 3, 3, 3, 3, 3, 3, 3, 3, 3, 3, 3, 3, 3, 3, 3, 3, 3, 3, 3, 3, 3, 3, 3, 3, 3, 3, 3, 3, 3, 3, 3, 3, 3, 3, 3, 3, 3, 3, 3, 3, 3, 3, 3, 3, 3, 3, 3, 3, 3, 3, 3, 3, 3, 3, 3, 3, 3, 3, 3, 3, 3, 3, 3, 3, 3, 3, 3, 3, 3, 3, 3, 3, 3, 3, 3, 3, 3, 3, 3, 3, 3, 3, 3, 3, 3, 3, 3, 3, 3, 3, 3, 3, 3, 3, 3, 3, 3, 3, 3, 3, 3, 3, 3, 3, 3, 3, 3, 3, 3, 3, 3, 3, 3, 3, 3, 3, 3, 3, 3, 3, 3, 3, 3, 3, 3, 3, 3, 3, 3, 3, 3, 3, 3, 3, 3, 3, 3, 3, 3, 3, 3, 3, 3, 3, 3, 3, 3, 3, 3, 3, 3, 3, 3, 3, 3, 3, 3, 3, 3, 3, 3, 3, 3, 3, 3, 3, 3, 3, 3, 3, 3, 3, 3, 3, 3, 3, 3, 3, 3, 3, 3, 3, 3, 3, 3, 3, 3, 3, 3, 3, 3, 3, 3, 3, 3, 3, 3, 3, 3, 3, 3, 3, 3, 3, 3, 3, 3, 3, 3, 3, 3, 3, 3, 3, 3, 3, 3, 3, 3, 3, 3, 3, 3, 3, 3, 3, 3, 3, 3, 3, 3, 3, 3, 3, 3, 3, 3, 3, 3, 3, 3, 3, 3, 3, 3, 3, 3, 3, 3, 3, 3, 3, 3, 3, 3, 3, 3, 3, 3, 3, 3, 3, 3, 3, 3, 3, 3, 3, 3, 3, 3, 3, 3, 3, 3, 3, 3, 3, 3, 3, 3, 3, 3, 3, 3, 3, 3, 3, 3, 3, 3, 3, 3, 3, 3, 3, 3, 3, 3, 3, 3, 3, 3, 3, 3, 3, 3, 3, 3, 3, 3, 3, 3, 3, 3, 3, 3, 3, 3, 3, 3, 3, 3, 3, 3, 3, 3, 3, 3, 3, 3, 3, 3, 3, 3, 3, 3, 3, 3, 3, 3, 3, 3, 3, 3, 3, 3, 3, 3, 3, 3, 3, 3, 3, 3, 3, 3, 3, 3, 3, 3, 3, 3, 3, 3, 3, 3, 3, 3, 3, 3, 3, 3, 3, 3, 3, 3, 3, 3, 3]
                    int[] faceVertexIndices = [6, 5, 0, 7, 0, 1, 8, 1, 2, 9, 2, 3, 4, 9, 3, 5, 10, 4, 6, 17, 11, 13, 6, 7, 14, 7, 8, 15, 8, 9, 16, 9, 10, 11, 16, 10, 18, 17, 12, 19, 12, 13, 14, 19, 13, 15, 20, 14, 22, 15, 16, 23, 16, 17, 24, 27, 26, 60, 28, 61, 55, 30, 31, 31, 56, 55, 60, 32, 62, 26, 33, 32, 56, 39, 57, 32, 63, 62, 32, 37, 36, 57, 43, 58, 63, 40, 64, 36, 41, 40, 58, 47, 59, 40, 65, 64, 40, 45, 44, 24, 49, 25, 48, 51, 49, 50, 53, 51, 41, 59, 45, 57, 41, 37, 33, 57, 37, 55, 33, 27, 27, 54, 55, 64, 46, 42, 63, 42, 38, 62, 38, 34, 60, 34, 29, 26, 61, 24, 66, 69, 68, 102, 70, 103, 97, 72, 73, 73, 98, 97, 102, 74, 104, 68, 75, 74, 98, 81, 99, 74, 105, 104, 74, 79, 78, 99, 85, 100, 105, 82, 106, 78, 83, 82, 100, 89, 101, 82, 107, 106, 82, 87, 86, 66, 91, 67, 90, 93, 91, 92, 95, 93, 83, 101, 87, 99, 83, 79, 75, 99, 79, 97, 75, 69, 69, 96, 97, 106, 88, 84, 105, 84, 80, 104, 80, 76, 102, 76, 71, 68, 103, 66, 108, 111, 110, 144, 112, 145, 139, 114, 115, 115, 140, 139, 144, 116, 146, 110, 117, 116, 140, 123, 141, 116, 147, 146, 116, 121, 120, 141, 127, 142, 147, 124, 148, 120, 125, 124, 142, 131, 143, 124, 149, 148, 124, 129, 128, 108, 133, 109, 132, 135, 133, 134, 137, 135, 125, 143, 129, 141, 125, 121, 117, 141, 121, 139, 117, 111, 111, 138, 139, 148, 130, 126, 147, 126, 122, 146, 122, 118, 144, 118, 113, 110, 145, 108, 150, 153, 152, 186, 154, 187, 181, 156, 157, 157, 182, 181, 186, 158, 188, 152, 159, 158, 182, 165, 183, 158, 189, 188, 158, 163, 162, 183, 169, 184, 189, 166, 190, 162, 167, 166, 184, 173, 185, 166, 191, 190, 166, 171, 170, 150, 175, 151, 174, 177, 175, 176, 179, 177, 167, 185, 171, 183, 167, 163, 159, 183, 163, 181, 159, 153, 153, 180, 181, 190, 172, 168, 189, 168, 164, 188, 164, 160, 186, 160, 155, 152, 187, 150, 192, 195, 194, 228, 196, 229, 223, 198, 199, 199, 224, 223, 228, 200, 230, 194, 201, 200, 224, 207, 225, 200, 231, 230, 200, 205, 204, 225, 211, 226, 231, 208, 232, 204, 209, 208, 226, 215, 227, 208, 233, 232, 208, 213, 212, 192, 217, 193, 216, 219, 217, 218, 221, 219, 209, 227, 213, 225, 209, 205, 201, 225, 205, 223, 201, 195, 195, 222, 223, 232, 214, 210, 231, 210, 206, 230, 206, 202, 228, 202, 197, 194, 229, 192, 234, 237, 236, 270, 238, 271, 265, 240, 241, 241, 266, 265, 270, 242, 272, 236, 243, 242, 266, 249, 267, 242, 273, 272, 242, 247, 246, 267, 253, 268, 273, 250, 274, 246, 251, 250, 268, 257, 269, 250, 275, 274, 250, 255, 254, 234, 259, 235, 258, 261, 259, 260, 263, 261, 251, 269, 255, 267, 251, 247, 243, 267, 247, 265, 243, 237, 237, 264, 265, 274, 256, 252, 273, 252, 248, 272, 248, 244, 270, 244, 239, 236, 271, 234, 276, 279, 278, 312, 280, 313, 307, 282, 283, 283, 308, 307, 312, 284, 314, 278, 285, 284, 308, 291, 309, 284, 315, 314, 284, 289, 288, 309, 295, 310, 315, 292, 316, 288, 293, 292, 310, 299, 311, 292, 317, 316, 292, 297, 296, 276, 301, 277, 300, 303, 301, 302, 305, 303, 293, 311, 297, 309, 293, 289, 285, 309, 289, 307, 285, 279, 279, 306, 307, 316, 298, 294, 315, 294, 290, 314, 290, 286, 312, 286, 281, 278, 313, 276, 318, 321, 320, 354, 322, 355, 349, 324, 325, 325, 350, 349, 354, 326, 356, 320, 327, 326, 350, 333, 351, 326, 357, 356, 326, 331, 330, 351, 337, 352, 357, 334, 358, 330, 335, 334, 352, 341, 353, 334, 359, 358, 334, 339, 338, 318, 343, 319, 342, 345, 343, 344, 347, 345, 335, 353, 339, 351, 335, 331, 327, 351, 331, 349, 327, 321, 321, 348, 349, 358, 340, 336, 357, 336, 332, 356, 332, 328, 354, 328, 323, 320, 355, 318, 360, 363, 362, 396, 364, 397, 391, 366, 367, 367, 392, 391, 396, 368, 398, 362, 369, 368, 392, 375, 393, 368, 399, 398, 368, 373, 372, 393, 379, 394, 399, 376, 400, 372, 377, 376, 394, 383, 395, 376, 401, 400, 376, 381, 380, 360, 385, 361, 384, 387, 385, 386, 389, 387, 377, 395, 381, 393, 377, 373, 369, 393, 373, 391, 369, 363, 363, 390, 391, 400, 382, 378, 399, 378, 374, 398, 374, 370, 396, 370, 365, 362, 397, 360, 402, 405, 404, 438, 406, 439, 433, 408, 409, 409, 434, 433, 438, 410, 440, 404, 411, 410, 434, 417, 435, 410, 441, 440, 410, 415, 414, 435, 421, 436, 441, 418, 442, 414, 419, 418, 436, 425, 437, 418, 443, 442, 418, 423, 422, 402, 427, 403, 426, 429, 427, 428, 431, 429, 419, 437, 423, 435, 419, 415, 411, 435, 415, 433, 411, 405, 405, 432, 433, 442, 424, 420, 441, 420, 416, 440, 416, 412, 438, 412, 407, 404, 439, 402, 450, 449, 444, 445, 450, 444, 452, 445, 446, 453, 446, 447, 454, 447, 448, 449, 454, 448, 450, 461, 455, 451, 456, 450, 452, 457, 451, 459, 452, 453, 460, 453, 454, 461, 454, 455, 456, 467, 461, 457, 462, 456, 458, 463, 457, 465, 458, 459, 466, 459, 460, 467, 460, 461, 468, 471, 470, 504, 472, 505, 499, 474, 475, 475, 500, 499, 470, 506, 504, 470, 477, 476, 500, 483, 501, 476, 507, 506, 476, 481, 480, 501, 487, 502, 480, 508, 507, 480, 485, 484, 502, 491, 503, 484, 509, 508, 484, 489, 488, 468, 493, 469, 492, 495, 493, 494, 497, 495, 485, 503, 489, 501, 485, 481, 477, 501, 481, 499, 477, 471, 471, 498, 499, 508, 490, 486, 507, 486, 482, 506, 482, 478, 504, 478, 473, 470, 505, 468, 510, 513, 512, 546, 514, 547, 541, 516, 517, 517, 542, 541, 546, 518, 548, 512, 519, 518, 542, 525, 543, 548, 522, 549, 518, 523, 522, 543, 529, 544, 549, 526, 550, 522, 527, 526, 544, 533, 545, 526, 551, 550, 526, 531, 530, 510, 535, 511, 534, 537, 535, 536, 539, 537, 527, 545, 531, 523, 544, 527, 519, 543, 523, 513, 542, 519, 513, 540, 541, 550, 532, 528, 524, 550, 528, 520, 549, 524, 515, 548, 520, 512, 547, 510, 552, 555, 554, 588, 556, 589, 583, 558, 559, 559, 584, 583, 588, 560, 590, 554, 561, 560, 584, 567, 585, 560, 591, 590, 560, 565, 564, 585, 571, 586, 591, 568, 592, 564, 569, 568, 586, 575, 587, 568, 593, 592, 568, 573, 572, 552, 577, 553, 576, 579, 577, 578, 581, 579, 569, 587, 573, 585, 569, 565, 561, 585, 565, 583, 561, 555, 555, 582, 583, 592, 574, 570, 591, 570, 566, 590, 566, 562, 588, 562, 557, 554, 589, 552, 595, 596, 594, 630, 598, 631, 625, 600, 601, 601, 626, 625, 596, 632, 630, 597, 602, 596, 626, 609, 627, 602, 633, 632, 603, 606, 602, 627, 613, 628, 633, 610, 634, 606, 611, 610, 628, 617, 629, 610, 635, 634, 610, 615, 614, 594, 619, 595, 618, 621, 619, 620, 623, 621, 611, 629, 615, 627, 611, 607, 603, 627, 607, 625, 603, 597, 597, 624, 625, 634, 616, 612, 633, 612, 608, 632, 608, 604, 630, 604, 599, 596, 631, 594, 637, 638, 636, 672, 640, 673, 667, 642, 643, 643, 668, 667, 638, 674, 672, 639, 644, 638, 668, 651, 669, 644, 675, 674, 645, 648, 644, 669, 655, 670, 648, 676, 675, 648, 653, 652, 670, 659, 671, 652, 677, 676, 652, 657, 656, 636, 661, 637, 660, 663, 661, 662, 665, 663, 653, 671, 657, 669, 653, 649, 668, 649, 645, 667, 645, 639, 639, 666, 667, 676, 658, 654, 675, 654, 650, 674, 650, 646, 672, 646, 641, 638, 673, 636, 679, 680, 678, 714, 682, 715, 709, 684, 685, 685, 710, 709, 680, 716, 714, 681, 686, 680, 710, 693, 711, 686, 717, 716, 687, 690, 686, 711, 697, 712, 717, 694, 718, 690, 695, 694, 712, 701, 713, 694, 719, 718, 694, 699, 698, 678, 703, 679, 702, 705, 703, 704, 707, 705, 695, 713, 699, 711, 695, 691, 687, 711, 691, 709, 687, 681, 681, 708, 709, 718, 700, 696, 717, 696, 692, 716, 692, 688, 714, 688, 683, 680, 715, 678, 721, 722, 720, 756, 724, 757, 751, 726, 727, 727, 752, 751, 722, 758, 756, 723, 728, 722, 752, 735, 753, 728, 759, 758, 729, 732, 728, 753, 739, 754, 732, 760, 759, 732, 737, 736, 754, 743, 755, 736, 761, 760, 736, 741, 740, 720, 745, 721, 744, 747, 745, 746, 749, 747, 737, 755, 741, 753, 737, 733, 752, 733, 729, 751, 729, 723, 723, 750, 751, 760, 742, 738, 759, 738, 734, 758, 734, 730, 756, 730, 725, 722, 757, 720, 762, 765, 764, 798, 766, 799, 793, 768, 769, 769, 794, 793, 798, 770, 800, 764, 771, 770, 794, 777, 795, 770, 801, 800, 770, 775, 774, 795, 781, 796, 801, 778, 802, 774, 779, 778, 796, 785, 797, 778, 803, 802, 778, 783, 782, 762, 787, 763, 786, 789, 787, 788, 791, 789, 779, 797, 783, 795, 779, 775, 771, 795, 775, 793, 771, 765, 765, 792, 793, 802, 784, 780, 801, 780, 776, 800, 776, 772, 798, 772, 767, 764, 799, 762, 804, 807, 806, 840, 808, 841, 835, 810, 811, 811, 836, 835, 840, 812, 842, 806, 813, 812, 836, 819, 837, 842, 816, 843, 812, 817, 816, 837, 823, 838, 843, 820, 844, 816, 821, 820, 838, 827, 839, 820, 845, 844, 820, 825, 824, 804, 829, 805, 828, 831, 829, 830, 833, 831, 821, 839, 825, 817, 838, 821, 813, 837, 817, 835, 813, 807, 807, 834, 835, 844, 826, 822, 818, 844, 822, 842, 818, 814, 840, 814, 809, 806, 841, 804, 846, 849, 848, 882, 850, 883, 877, 852, 853, 853, 878, 877, 882, 854, 884, 848, 855, 854, 878, 861, 879, 854, 885, 884, 854, 859, 858, 879, 865, 880, 885, 862, 886, 858, 863, 862, 880, 869, 881, 862, 887, 886, 862, 867, 866, 846, 871, 847, 870, 873, 871, 872, 875, 873, 863, 881, 867, 879, 863, 859, 855, 879, 859, 877, 855, 849, 849, 876, 877, 886, 868, 864, 860, 886, 864, 884, 860, 856, 882, 856, 851, 848, 883, 846, 894, 893, 888, 889, 894, 888, 896, 889, 890, 897, 890, 891, 898, 891, 892, 893, 898, 892, 894, 905, 899, 895, 900, 894, 896, 901, 895, 903, 896, 897, 904, 897, 898, 905, 898, 899, 900, 911, 905, 901, 906, 900, 902, 907, 901, 909, 902, 903, 910, 903, 904, 911, 904, 905, 912, 915, 914, 948, 916, 949, 943, 918, 919, 919, 944, 943, 914, 950, 948, 914, 921, 920, 944, 927, 945, 920, 951, 950, 920, 925, 924, 945, 931, 946, 924, 952, 951, 924, 929, 928, 946, 935, 947, 928, 953, 952, 928, 933, 932, 912, 937, 913, 936, 939, 937, 938, 941, 939, 929, 947, 933, 945, 929, 925, 921, 945, 925, 943, 921, 915, 915, 942, 943, 952, 934, 930, 951, 930, 926, 950, 926, 922, 948, 922, 917, 914, 949, 912, 954, 957, 956, 990, 958, 991, 985, 960, 961, 961, 986, 985, 990, 962, 992, 956, 963, 962, 986, 969, 987, 992, 966, 993, 962, 967, 966, 987, 973, 988, 993, 970, 994, 966, 971, 970, 988, 977, 989, 970, 995, 994, 970, 975, 974, 954, 979, 955, 978, 981, 979, 980, 983, 981, 971, 989, 975, 967, 988, 971, 963, 987, 967, 957, 986, 963, 957, 984, 985, 994, 976, 972, 968, 994, 972, 964, 993, 968, 959, 992, 964, 956, 991, 954, 996, 999, 998, 1032, 1000, 1033, 1027, 1002, 1003, 1003, 1028, 1027, 1032, 1004, 1034, 998, 1005, 1004, 1028, 1011, 1029, 1004, 1035, 1034, 1004, 1009, 1008, 1029, 1015, 1030, 1035, 1012, 1036, 1008, 1013, 1012, 1030, 1019, 1031, 1012, 1037, 1036, 1012, 1017, 1016, 996, 1021, 997, 1020, 1023, 1021, 1022, 1025, 1023, 1013, 1031, 1017, 1029, 1013, 1009, 1005, 1029, 1009, 1027, 1005, 999, 999, 1026, 1027, 1036, 1018, 1014, 1035, 1014, 1010, 1034, 1010, 1006, 1032, 1006, 1001, 998, 1033, 996, 1039, 1040, 1038, 1074, 1042, 1075, 1069, 1044, 1045, 1045, 1070, 1069, 1040, 1076, 1074, 1041, 1046, 1040, 1070, 1053, 1071, 1046, 1077, 1076, 1047, 1050, 1046, 1071, 1057, 1072, 1077, 1054, 1078, 1050, 1055, 1054, 1072, 1061, 1073, 1054, 1079, 1078, 1054, 1059, 1058, 1038, 1063, 1039, 1062, 1065, 1063, 1064, 1067, 1065, 1055, 1073, 1059, 1071, 1055, 1051, 1047, 1071, 1051, 1069, 1047, 1041, 1041, 1068, 1069, 1078, 1060, 1056, 1077, 1056, 1052, 1076, 1052, 1048, 1074, 1048, 1043, 1040, 1075, 1038, 1081, 1082, 1080, 1116, 1084, 1117, 1111, 1086, 1087, 1087, 1112, 1111, 1082, 1118, 1116, 1083, 1088, 1082, 1112, 1095, 1113, 1088, 1119, 1118, 1089, 1092, 1088, 1113, 1099, 1114, 1092, 1120, 1119, 1092, 1097, 1096, 1114, 1103, 1115, 1096, 1121, 1120, 1096, 1101, 1100, 1080, 1105, 1081, 1104, 1107, 1105, 1106, 1109, 1107, 1097, 1115, 1101, 1113, 1097, 1093, 1112, 1093, 1089, 1111, 1089, 1083, 1083, 1110, 1111, 1120, 1102, 1098, 1119, 1098, 1094, 1118, 1094, 1090, 1116, 1090, 1085, 1082, 1117, 1080, 1123, 1124, 1122, 1158, 1126, 1159, 1153, 1128, 1129, 1129, 1154, 1153, 1124, 1160, 1158, 1125, 1130, 1124, 1154, 1137, 1155, 1130, 1161, 1160, 1131, 1134, 1130, 1155, 1141, 1156, 1161, 1138, 1162, 1134, 1139, 1138, 1156, 1145, 1157, 1138, 1163, 1162, 1138, 1143, 1142, 1122, 1147, 1123, 1146, 1149, 1147, 1148, 1151, 1149, 1139, 1157, 1143, 1155, 1139, 1135, 1131, 1155, 1135, 1153, 1131, 1125, 1125, 1152, 1153, 1162, 1144, 1140, 1161, 1140, 1136, 1160, 1136, 1132, 1158, 1132, 1127, 1124, 1159, 1122, 1165, 1166, 1164, 1200, 1168, 1201, 1195, 1170, 1171, 1171, 1196, 1195, 1166, 1202, 1200, 1167, 1172, 1166, 1196, 1179, 1197, 1172, 1203, 1202, 1173, 1176, 1172, 1197, 1183, 1198, 1176, 1204, 1203, 1176, 1181, 1180, 1198, 1187, 1199, 1180, 1205, 1204, 1180, 1185, 1184, 1164, 1189, 1165, 1188, 1191, 1189, 1190, 1193, 1191, 1181, 1199, 1185, 1197, 1181, 1177, 1196, 1177, 1173, 1195, 1173, 1167, 1167, 1194, 1195, 1204, 1186, 1182, 1203, 1182, 1178, 1202, 1178, 1174, 1200, 1174, 1169, 1166, 1201, 1164, 1206, 1209, 1208, 1242, 1210, 1243, 1237, 1212, 1213, 1213, 1238, 1237, 1242, 1214, 1244, 1208, 1215, 1214, 1238, 1221, 1239, 1214, 1245, 1244, 1214, 1219, 1218, 1239, 1225, 1240, 1245, 1222, 1246, 1218, 1223, 1222, 1240, 1229, 1241, 1222, 1247, 1246, 1222, 1227, 1226, 1206, 1231, 1207, 1230, 1233, 1231, 1232, 1235, 1233, 1223, 1241, 1227, 1239, 1223, 1219, 1215, 1239, 1219, 1237, 1215, 1209, 1209, 1236, 1237, 1246, 1228, 1224, 1245, 1224, 1220, 1244, 1220, 1216, 1242, 1216, 1211, 1208, 1243, 1206, 1248, 1251, 1250, 1284, 1252, 1285, 1279, 1254, 1255, 1255, 1280, 1279, 1284, 1256, 1286, 1250, 1257, 1256, 1280, 1263, 1281, 1286, 1260, 1287, 1256, 1261, 1260, 1281, 1267, 1282, 1287, 1264, 1288, 1260, 1265, 1264, 1282, 1271, 1283, 1264, 1289, 1288, 1264, 1269, 1268, 1248, 1273, 1249, 1272, 1275, 1273, 1274, 1277, 1275, 1265, 1283, 1269, 1261, 1282, 1265, 1257, 1281, 1261, 1279, 1257, 1251, 1251, 1278, 1279, 1288, 1270, 1266, 1262, 1288, 1266, 1286, 1262, 1258, 1284, 1258, 1253, 1250, 1285, 1248, 1290, 1293, 1292, 1326, 1294, 1327, 1321, 1296, 1297, 1297, 1322, 1321, 1326, 1298, 1328, 1292, 1299, 1298, 1322, 1305, 1323, 1298, 1329, 1328, 1298, 1303, 1302, 1323, 1309, 1324, 1329, 1306, 1330, 1302, 1307, 1306, 1324, 1313, 1325, 1306, 1331, 1330, 1306, 1311, 1310, 1290, 1315, 1291, 1314, 1317, 1315, 1316, 1319, 1317, 1307, 1325, 1311, 1323, 1307, 1303, 1299, 1323, 1303, 1321, 1299, 1293, 1293, 1320, 1321, 1330, 1312, 1308, 1304, 1330, 1308, 1328, 1304, 1300, 1326, 1300, 1295, 1292, 1327, 1290, 1338, 1337, 1332, 1333, 1338, 1332, 1340, 1333, 1334, 1341, 1334, 1335, 1342, 1335, 1336, 1337, 1342, 1336, 1338, 1349, 1343, 1339, 1344, 1338, 1340, 1345, 1339, 1347, 1340, 1341, 1348, 1341, 1342, 1349, 1342, 1343, 1344, 1355, 1349, 1345, 1350, 1344, 1346, 1351, 1345, 1353, 1346, 1347, 1354, 1347, 1348, 1355, 1348, 1349, 1356, 1359, 1358, 1392, 1360, 1393, 1387, 1362, 1363, 1363, 1388, 1387, 1392, 1364, 1394, 1358, 1365, 1364, 1388, 1371, 1389, 1394, 1368, 1395, 1364, 1369, 1368, 1389, 1375, 1390, 1395, 1372, 1396, 1368, 1373, 1372, 1390, 1379, 1391, 1372, 1397, 1396, 1372, 1377, 1376, 1356, 1381, 1357, 1380, 1383, 1381, 1382, 1385, 1383, 1373, 1391, 1377, 1369, 1390, 1373, 1365, 1389, 1369, 1387, 1365, 1359, 1359, 1386, 1387, 1396, 1378, 1374, 1395, 1374, 1370, 1394, 1370, 1366, 1392, 1366, 1361, 1358, 1393, 1356, 1398, 1401, 1400, 1434, 1402, 1435, 1429, 1404, 1405, 1405, 1430, 1429, 1434, 1406, 1436, 1400, 1407, 1406, 1430, 1413, 1431, 1436, 1410, 1437, 1406, 1411, 1410, 1431, 1417, 1432, 1437, 1414, 1438, 1410, 1415, 1414, 1432, 1421, 1433, 1414, 1439, 1438, 1414, 1419, 1418, 1398, 1423, 1399, 1422, 1425, 1423, 1424, 1427, 1425, 1415, 1433, 1419, 1431, 1415, 1411, 1407, 1431, 1411, 1429, 1407, 1401, 1401, 1428, 1429, 1438, 1420, 1416, 1412, 1438, 1416, 1408, 1437, 1412, 1434, 1408, 1403, 1400, 1435, 1398, 1440, 1443, 1442, 1476, 1444, 1477, 1471, 1446, 1447, 1447, 1472, 1471, 1476, 1448, 1478, 1442, 1449, 1448, 1472, 1455, 1473, 1448, 1479, 1478, 1448, 1453, 1452, 1473, 1459, 1474, 1479, 1456, 1480, 1452, 1457, 1456, 1474, 1463, 1475, 1456, 1481, 1480, 1456, 1461, 1460, 1440, 1465, 1441, 1464, 1467, 1465, 1466, 1469, 1467, 1457, 1475, 1461, 1473, 1457, 1453, 1449, 1473, 1453, 1471, 1449, 1443, 1443, 1470, 1471, 1480, 1462, 1458, 1479, 1458, 1454, 1478, 1454, 1450, 1476, 1450, 1445, 1442, 1477, 1440, 1483, 1484, 1482, 1518, 1486, 1519, 1513, 1488, 1489, 1489, 1514, 1513, 1484, 1520, 1518, 1485, 1490, 1484, 1514, 1497, 1515, 1520, 1494, 1521, 1490, 1495, 1494, 1515, 1501, 1516, 1521, 1498, 1522, 1494, 1499, 1498, 1516, 1505, 1517, 1498, 1523, 1522, 1498, 1503, 1502, 1482, 1507, 1483, 1506, 1509, 1507, 1508, 1511, 1509, 1499, 1517, 1503, 1515, 1499, 1495, 1491, 1515, 1495, 1513, 1491, 1485, 1485, 1512, 1513, 1522, 1504, 1500, 1496, 1522, 1500, 1520, 1496, 1492, 1518, 1492, 1487, 1484, 1519, 1482, 1525, 1526, 1524, 1560, 1528, 1561, 1555, 1530, 1531, 1531, 1556, 1555, 1526, 1562, 1560, 1527, 1532, 1526, 1556, 1539, 1557, 1532, 1563, 1562, 1533, 1536, 1532, 1557, 1543, 1558, 1536, 1564, 1563, 1536, 1541, 1540, 1558, 1547, 1559, 1540, 1565, 1564, 1540, 1545, 1544, 1524, 1549, 1525, 1548, 1551, 1549, 1550, 1553, 1551, 1541, 1559, 1545, 1557, 1541, 1537, 1556, 1537, 1533, 1555, 1533, 1527, 1527, 1554, 1555, 1564, 1546, 1542, 1563, 1542, 1538, 1562, 1538, 1534, 1560, 1534, 1529, 1526, 1561, 1524, 1567, 1568, 1566, 1602, 1570, 1603, 1597, 1572, 1573, 1573, 1598, 1597, 1568, 1604, 1602, 1568, 1575, 1574, 1598, 1581, 1599, 1574, 1605, 1604, 1574, 1579, 1578, 1599, 1585, 1600, 1605, 1582, 1606, 1578, 1583, 1582, 1600, 1589, 1601, 1582, 1607, 1606, 1582, 1587, 1586, 1566, 1591, 1567, 1590, 1593, 1591, 1592, 1595, 1593, 1583, 1601, 1587, 1599, 1583, 1579, 1575, 1599, 1579, 1597, 1575, 1569, 1569, 1596, 1597, 1606, 1588, 1584, 1580, 1606, 1584, 1604, 1580, 1576, 1602, 1576, 1571, 1568, 1603, 1566, 1609, 1610, 1608, 1644, 1612, 1645, 1639, 1614, 1615, 1615, 1640, 1639, 1610, 1646, 1644, 1611, 1616, 1610, 1640, 1623, 1641, 1616, 1647, 1646, 1617, 1620, 1616, 1641, 1627, 1642, 1620, 1648, 1647, 1620, 1625, 1624, 1642, 1631, 1643, 1624, 1649, 1648, 1624, 1629, 1628, 1608, 1633, 1609, 1632, 1635, 1633, 1634, 1637, 1635, 1625, 1643, 1629, 1641, 1625, 1621, 1640, 1621, 1617, 1639, 1617, 1611, 1611, 1638, 1639, 1648, 1630, 1626, 1647, 1626, 1622, 1646, 1622, 1618, 1644, 1618, 1613, 1610, 1645, 1608, 1650, 1653, 1652, 1686, 1654, 1687, 1681, 1656, 1657, 1657, 1682, 1681, 1686, 1658, 1688, 1652, 1659, 1658, 1682, 1665, 1683, 1658, 1689, 1688, 1659, 1662, 1658, 1683, 1669, 1684, 1662, 1690, 1689, 1662, 1667, 1666, 1684, 1673, 1685, 1666, 1691, 1690, 1666, 1671, 1670, 1650, 1675, 1651, 1674, 1677, 1675, 1676, 1679, 1677, 1667, 1685, 1671, 1683, 1667, 1663, 1659, 1683, 1663, 1681, 1659, 1653, 1653, 1680, 1681, 1690, 1672, 1668, 1689, 1668, 1664, 1688, 1664, 1660, 1686, 1660, 1655, 1652, 1687, 1650, 1692, 1695, 1694, 1728, 1696, 1729, 1722, 1699, 1723, 1699, 1724, 1723, 1728, 1700, 1730, 1694, 1701, 1700, 1724, 1707, 1725, 1730, 1704, 1731, 1700, 1705, 1704, 1725, 1711, 1726, 1731, 1708, 1732, 1704, 1709, 1708, 1726, 1715, 1727, 1708, 1733, 1732, 1708, 1713, 1712, 1692, 1717, 1693, 1716, 1719, 1717, 1718, 1721, 1719, 1709, 1727, 1713, 1705, 1726, 1709, 1701, 1725, 1705, 1695, 1724, 1701, 1693, 1723, 1695, 1732, 1714, 1710, 1706, 1732, 1710, 1730, 1706, 1702, 1728, 1702, 1697, 1694, 1729, 1692, 1734, 1737, 1736, 1770, 1738, 1771, 1765, 1740, 1741, 1741, 1766, 1765, 1770, 1742, 1772, 1736, 1743, 1742, 1766, 1749, 1767, 1742, 1773, 1772, 1742, 1747, 1746, 1767, 1753, 1768, 1773, 1750, 1774, 1746, 1751, 1750, 1768, 1757, 1769, 1750, 1775, 1774, 1750, 1755, 1754, 1734, 1759, 1735, 1758, 1761, 1759, 1760, 1763, 1761, 1751, 1769, 1755, 1767, 1751, 1747, 1743, 1767, 1747, 1765, 1743, 1737, 1737, 1764, 1765, 1774, 1756, 1752, 1748, 1774, 1752, 1772, 1748, 1744, 1770, 1744, 1739, 1736, 1771, 1734, 6, 11, 5, 7, 6, 0, 8, 7, 1, 9, 8, 2, 4, 10, 9, 5, 11, 10, 6, 12, 17, 13, 12, 6, 14, 13, 7, 15, 14, 8, 16, 15, 9, 11, 17, 16, 18, 23, 17, 19, 18, 12, 14, 20, 19, 15, 21, 20, 22, 21, 15, 23, 22, 16, 24, 25, 27, 60, 29, 28, 55, 54, 30, 31, 35, 56, 60, 26, 32, 26, 27, 33, 56, 35, 39, 32, 36, 63, 32, 33, 37, 57, 39, 43, 63, 36, 40, 36, 37, 41, 58, 43, 47, 40, 44, 65, 40, 41, 45, 24, 48, 49, 48, 50, 51, 50, 52, 53, 41, 58, 59, 57, 58, 41, 33, 56, 57, 55, 56, 33, 27, 25, 54, 64, 65, 46, 63, 64, 42, 62, 63, 38, 60, 62, 34, 26, 60, 61, 66, 67, 69, 102, 71, 70, 97, 96, 72, 73, 77, 98, 102, 68, 74, 68, 69, 75, 98, 77, 81, 74, 78, 105, 74, 75, 79, 99, 81, 85, 105, 78, 82, 78, 79, 83, 100, 85, 89, 82, 86, 107, 82, 83, 87, 66, 90, 91, 90, 92, 93, 92, 94, 95, 83, 100, 101, 99, 100, 83, 75, 98, 99, 97, 98, 75, 69, 67, 96, 106, 107, 88, 105, 106, 84, 104, 105, 80, 102, 104, 76, 68, 102, 103, 108, 109, 111, 144, 113, 112, 139, 138, 114, 115, 119, 140, 144, 110, 116, 110, 111, 117, 140, 119, 123, 116, 120, 147, 116, 117, 121, 141, 123, 127, 147, 120, 124, 120, 121, 125, 142, 127, 131, 124, 128, 149, 124, 125, 129, 108, 132, 133, 132, 134, 135, 134, 136, 137, 125, 142, 143, 141, 142, 125, 117, 140, 141, 139, 140, 117, 111, 109, 138, 148, 149, 130, 147, 148, 126, 146, 147, 122, 144, 146, 118, 110, 144, 145, 150, 151, 153, 186, 155, 154, 181, 180, 156, 157, 161, 182, 186, 152, 158, 152, 153, 159, 182, 161, 165, 158, 162, 189, 158, 159, 163, 183, 165, 169, 189, 162, 166, 162, 163, 167, 184, 169, 173, 166, 170, 191, 166, 167, 171, 150, 174, 175, 174, 176, 177, 176, 178, 179, 167, 184, 185, 183, 184, 167, 159, 182, 183, 181, 182, 159, 153, 151, 180, 190, 191, 172, 189, 190, 168, 188, 189, 164, 186, 188, 160, 152, 186, 187, 192, 193, 195, 228, 197, 196, 223, 222, 198, 199, 203, 224, 228, 194, 200, 194, 195, 201, 224, 203, 207, 200, 204, 231, 200, 201, 205, 225, 207, 211, 231, 204, 208, 204, 205, 209, 226, 211, 215, 208, 212, 233, 208, 209, 213, 192, 216, 217, 216, 218, 219, 218, 220, 221, 209, 226, 227, 225, 226, 209, 201, 224, 225, 223, 224, 201, 195, 193, 222, 232, 233, 214, 231, 232, 210, 230, 231, 206, 228, 230, 202, 194, 228, 229, 234, 235, 237, 270, 239, 238, 265, 264, 240, 241, 245, 266, 270, 236, 242, 236, 237, 243, 266, 245, 249, 242, 246, 273, 242, 243, 247, 267, 249, 253, 273, 246, 250, 246, 247, 251, 268, 253, 257, 250, 254, 275, 250, 251, 255, 234, 258, 259, 258, 260, 261, 260, 262, 263, 251, 268, 269, 267, 268, 251, 243, 266, 267, 265, 266, 243, 237, 235, 264, 274, 275, 256, 273, 274, 252, 272, 273, 248, 270, 272, 244, 236, 270, 271, 276, 277, 279, 312, 281, 280, 307, 306, 282, 283, 287, 308, 312, 278, 284, 278, 279, 285, 308, 287, 291, 284, 288, 315, 284, 285, 289, 309, 291, 295, 315, 288, 292, 288, 289, 293, 310, 295, 299, 292, 296, 317, 292, 293, 297, 276, 300, 301, 300, 302, 303, 302, 304, 305, 293, 310, 311, 309, 310, 293, 285, 308, 309, 307, 308, 285, 279, 277, 306, 316, 317, 298, 315, 316, 294, 314, 315, 290, 312, 314, 286, 278, 312, 313, 318, 319, 321, 354, 323, 322, 349, 348, 324, 325, 329, 350, 354, 320, 326, 320, 321, 327, 350, 329, 333, 326, 330, 357, 326, 327, 331, 351, 333, 337, 357, 330, 334, 330, 331, 335, 352, 337, 341, 334, 338, 359, 334, 335, 339, 318, 342, 343, 342, 344, 345, 344, 346, 347, 335, 352, 353, 351, 352, 335, 327, 350, 351, 349, 350, 327, 321, 319, 348, 358, 359, 340, 357, 358, 336, 356, 357, 332, 354, 356, 328, 320, 354, 355, 360, 361, 363, 396, 365, 364, 391, 390, 366, 367, 371, 392, 396, 362, 368, 362, 363, 369, 392, 371, 375, 368, 372, 399, 368, 369, 373, 393, 375, 379, 399, 372, 376, 372, 373, 377, 394, 379, 383, 376, 380, 401, 376, 377, 381, 360, 384, 385, 384, 386, 387, 386, 388, 389, 377, 394, 395, 393, 394, 377, 369, 392, 393, 391, 392, 369, 363, 361, 390, 400, 401, 382, 399, 400, 378, 398, 399, 374, 396, 398, 370, 362, 396, 397, 402, 403, 405, 438, 407, 406, 433, 432, 408, 409, 413, 434, 438, 404, 410, 404, 405, 411, 434, 413, 417, 410, 414, 441, 410, 411, 415, 435, 417, 421, 441, 414, 418, 414, 415, 419, 436, 421, 425, 418, 422, 443, 418, 419, 423, 402, 426, 427, 426, 428, 429, 428, 430, 431, 419, 436, 437, 435, 436, 419, 411, 434, 435, 433, 434, 411, 405, 403, 432, 442, 443, 424, 441, 442, 420, 440, 441, 416, 438, 440, 412, 404, 438, 439, 450, 455, 449, 445, 451, 450, 452, 451, 445, 453, 452, 446, 454, 453, 447, 449, 455, 454, 450, 456, 461, 451, 457, 456, 452, 458, 457, 459, 458, 452, 460, 459, 453, 461, 460, 454, 456, 462, 467, 457, 463, 462, 458, 464, 463, 465, 464, 458, 466, 465, 459, 467, 466, 460, 468, 469, 471, 504, 473, 472, 499, 498, 474, 475, 479, 500, 470, 476, 506, 470, 471, 477, 500, 479, 483, 476, 480, 507, 476, 477, 481, 501, 483, 487, 480, 484, 508, 480, 481, 485, 502, 487, 491, 484, 488, 509, 484, 485, 489, 468, 492, 493, 492, 494, 495, 494, 496, 497, 485, 502, 503, 501, 502, 485, 477, 500, 501, 499, 500, 477, 471, 469, 498, 508, 509, 490, 507, 508, 486, 506, 507, 482, 504, 506, 478, 470, 504, 505, 510, 511, 513, 546, 515, 514, 541, 540, 516, 517, 521, 542, 546, 512, 518, 512, 513, 519, 542, 521, 525, 548, 518, 522, 518, 519, 523, 543, 525, 529, 549, 522, 526, 522, 523, 527, 544, 529, 533, 526, 530, 551, 526, 527, 531, 510, 534, 535, 534, 536, 537, 536, 538, 539, 527, 544, 545, 523, 543, 544, 519, 542, 543, 513, 541, 542, 513, 511, 540, 550, 551, 532, 524, 549, 550, 520, 548, 549, 515, 546, 548, 512, 546, 547, 552, 553, 555, 588, 557, 556, 583, 582, 558, 559, 563, 584, 588, 554, 560, 554, 555, 561, 584, 563, 567, 560, 564, 591, 560, 561, 565, 585, 567, 571, 591, 564, 568, 564, 565, 569, 586, 571, 575, 568, 572, 593, 568, 569, 573, 552, 576, 577, 576, 578, 579, 578, 580, 581, 569, 586, 587, 585, 586, 569, 561, 584, 585, 583, 584, 561, 555, 553, 582, 592, 593, 574, 591, 592, 570, 590, 591, 566, 588, 590, 562, 554, 588, 589, 595, 597, 596, 630, 599, 598, 625, 624, 600, 601, 605, 626, 596, 602, 632, 597, 603, 602, 626, 605, 609, 602, 606, 633, 603, 607, 606, 627, 609, 613, 633, 606, 610, 606, 607, 611, 628, 613, 617, 610, 614, 635, 610, 611, 615, 594, 618, 619, 618, 620, 621, 620, 622, 623, 611, 628, 629, 627, 628, 611, 603, 626, 627, 625, 626, 603, 597, 595, 624, 634, 635, 616, 633, 634, 612, 632, 633, 608, 630, 632, 604, 596, 630, 631, 637, 639, 638, 672, 641, 640, 667, 666, 642, 643, 647, 668, 638, 644, 674, 639, 645, 644, 668, 647, 651, 644, 648, 675, 645, 649, 648, 669, 651, 655, 648, 652, 676, 648, 649, 653, 670, 655, 659, 652, 656, 677, 652, 653, 657, 636, 660, 661, 660, 662, 663, 662, 664, 665, 653, 670, 671, 669, 670, 653, 668, 669, 649, 667, 668, 645, 639, 637, 666, 676, 677, 658, 675, 676, 654, 674, 675, 650, 672, 674, 646, 638, 672, 673, 679, 681, 680, 714, 683, 682, 709, 708, 684, 685, 689, 710, 680, 686, 716, 681, 687, 686, 710, 689, 693, 686, 690, 717, 687, 691, 690, 711, 693, 697, 717, 690, 694, 690, 691, 695, 712, 697, 701, 694, 698, 719, 694, 695, 699, 678, 702, 703, 702, 704, 705, 704, 706, 707, 695, 712, 713, 711, 712, 695, 687, 710, 711, 709, 710, 687, 681, 679, 708, 718, 719, 700, 717, 718, 696, 716, 717, 692, 714, 716, 688, 680, 714, 715, 721, 723, 722, 756, 725, 724, 751, 750, 726, 727, 731, 752, 722, 728, 758, 723, 729, 728, 752, 731, 735, 728, 732, 759, 729, 733, 732, 753, 735, 739, 732, 736, 760, 732, 733, 737, 754, 739, 743, 736, 740, 761, 736, 737, 741, 720, 744, 745, 744, 746, 747, 746, 748, 749, 737, 754, 755, 753, 754, 737, 752, 753, 733, 751, 752, 729, 723, 721, 750, 760, 761, 742, 759, 760, 738, 758, 759, 734, 756, 758, 730, 722, 756, 757, 762, 763, 765, 798, 767, 766, 793, 792, 768, 769, 773, 794, 798, 764, 770, 764, 765, 771, 794, 773, 777, 770, 774, 801, 770, 771, 775, 795, 777, 781, 801, 774, 778, 774, 775, 779, 796, 781, 785, 778, 782, 803, 778, 779, 783, 762, 786, 787, 786, 788, 789, 788, 790, 791, 779, 796, 797, 795, 796, 779, 771, 794, 795, 793, 794, 771, 765, 763, 792, 802, 803, 784, 801, 802, 780, 800, 801, 776, 798, 800, 772, 764, 798, 799, 804, 805, 807, 840, 809, 808, 835, 834, 810, 811, 815, 836, 840, 806, 812, 806, 807, 813, 836, 815, 819, 842, 812, 816, 812, 813, 817, 837, 819, 823, 843, 816, 820, 816, 817, 821, 838, 823, 827, 820, 824, 845, 820, 821, 825, 804, 828, 829, 828, 830, 831, 830, 832, 833, 821, 838, 839, 817, 837, 838, 813, 836, 837, 835, 836, 813, 807, 805, 834, 844, 845, 826, 818, 843, 844, 842, 843, 818, 840, 842, 814, 806, 840, 841, 846, 847, 849, 882, 851, 850, 877, 876, 852, 853, 857, 878, 882, 848, 854, 848, 849, 855, 878, 857, 861, 854, 858, 885, 854, 855, 859, 879, 861, 865, 885, 858, 862, 858, 859, 863, 880, 865, 869, 862, 866, 887, 862, 863, 867, 846, 870, 871, 870, 872, 873, 872, 874, 875, 863, 880, 881, 879, 880, 863, 855, 878, 879, 877, 878, 855, 849, 847, 876, 886, 887, 868, 860, 885, 886, 884, 885, 860, 882, 884, 856, 848, 882, 883, 894, 899, 893, 889, 895, 894, 896, 895, 889, 897, 896, 890, 898, 897, 891, 893, 899, 898, 894, 900, 905, 895, 901, 900, 896, 902, 901, 903, 902, 896, 904, 903, 897, 905, 904, 898, 900, 906, 911, 901, 907, 906, 902, 908, 907, 909, 908, 902, 910, 909, 903, 911, 910, 904, 912, 913, 915, 948, 917, 916, 943, 942, 918, 919, 923, 944, 914, 920, 950, 914, 915, 921, 944, 923, 927, 920, 924, 951, 920, 921, 925, 945, 927, 931, 924, 928, 952, 924, 925, 929, 946, 931, 935, 928, 932, 953, 928, 929, 933, 912, 936, 937, 936, 938, 939, 938, 940, 941, 929, 946, 947, 945, 946, 929, 921, 944, 945, 943, 944, 921, 915, 913, 942, 952, 953, 934, 951, 952, 930, 950, 951, 926, 948, 950, 922, 914, 948, 949, 954, 955, 957, 990, 959, 958, 985, 984, 960, 961, 965, 986, 990, 956, 962, 956, 957, 963, 986, 965, 969, 992, 962, 966, 962, 963, 967, 987, 969, 973, 993, 966, 970, 966, 967, 971, 988, 973, 977, 970, 974, 995, 970, 971, 975, 954, 978, 979, 978, 980, 981, 980, 982, 983, 971, 988, 989, 967, 987, 988, 963, 986, 987, 957, 985, 986, 957, 955, 984, 994, 995, 976, 968, 993, 994, 964, 992, 993, 959, 990, 992, 956, 990, 991, 996, 997, 999, 1032, 1001, 1000, 1027, 1026, 1002, 1003, 1007, 1028, 1032, 998, 1004, 998, 999, 1005, 1028, 1007, 1011, 1004, 1008, 1035, 1004, 1005, 1009, 1029, 1011, 1015, 1035, 1008, 1012, 1008, 1009, 1013, 1030, 1015, 1019, 1012, 1016, 1037, 1012, 1013, 1017, 996, 1020, 1021, 1020, 1022, 1023, 1022, 1024, 1025, 1013, 1030, 1031, 1029, 1030, 1013, 1005, 1028, 1029, 1027, 1028, 1005, 999, 997, 1026, 1036, 1037, 1018, 1035, 1036, 1014, 1034, 1035, 1010, 1032, 1034, 1006, 998, 1032, 1033, 1039, 1041, 1040, 1074, 1043, 1042, 1069, 1068, 1044, 1045, 1049, 1070, 1040, 1046, 1076, 1041, 1047, 1046, 1070, 1049, 1053, 1046, 1050, 1077, 1047, 1051, 1050, 1071, 1053, 1057, 1077, 1050, 1054, 1050, 1051, 1055, 1072, 1057, 1061, 1054, 1058, 1079, 1054, 1055, 1059, 1038, 1062, 1063, 1062, 1064, 1065, 1064, 1066, 1067, 1055, 1072, 1073, 1071, 1072, 1055, 1047, 1070, 1071, 1069, 1070, 1047, 1041, 1039, 1068, 1078, 1079, 1060, 1077, 1078, 1056, 1076, 1077, 1052, 1074, 1076, 1048, 1040, 1074, 1075, 1081, 1083, 1082, 1116, 1085, 1084, 1111, 1110, 1086, 1087, 1091, 1112, 1082, 1088, 1118, 1083, 1089, 1088, 1112, 1091, 1095, 1088, 1092, 1119, 1089, 1093, 1092, 1113, 1095, 1099, 1092, 1096, 1120, 1092, 1093, 1097, 1114, 1099, 1103, 1096, 1100, 1121, 1096, 1097, 1101, 1080, 1104, 1105, 1104, 1106, 1107, 1106, 1108, 1109, 1097, 1114, 1115, 1113, 1114, 1097, 1112, 1113, 1093, 1111, 1112, 1089, 1083, 1081, 1110, 1120, 1121, 1102, 1119, 1120, 1098, 1118, 1119, 1094, 1116, 1118, 1090, 1082, 1116, 1117, 1123, 1125, 1124, 1158, 1127, 1126, 1153, 1152, 1128, 1129, 1133, 1154, 1124, 1130, 1160, 1125, 1131, 1130, 1154, 1133, 1137, 1130, 1134, 1161, 1131, 1135, 1134, 1155, 1137, 1141, 1161, 1134, 1138, 1134, 1135, 1139, 1156, 1141, 1145, 1138, 1142, 1163, 1138, 1139, 1143, 1122, 1146, 1147, 1146, 1148, 1149, 1148, 1150, 1151, 1139, 1156, 1157, 1155, 1156, 1139, 1131, 1154, 1155, 1153, 1154, 1131, 1125, 1123, 1152, 1162, 1163, 1144, 1161, 1162, 1140, 1160, 1161, 1136, 1158, 1160, 1132, 1124, 1158, 1159, 1165, 1167, 1166, 1200, 1169, 1168, 1195, 1194, 1170, 1171, 1175, 1196, 1166, 1172, 1202, 1167, 1173, 1172, 1196, 1175, 1179, 1172, 1176, 1203, 1173, 1177, 1176, 1197, 1179, 1183, 1176, 1180, 1204, 1176, 1177, 1181, 1198, 1183, 1187, 1180, 1184, 1205, 1180, 1181, 1185, 1164, 1188, 1189, 1188, 1190, 1191, 1190, 1192, 1193, 1181, 1198, 1199, 1197, 1198, 1181, 1196, 1197, 1177, 1195, 1196, 1173, 1167, 1165, 1194, 1204, 1205, 1186, 1203, 1204, 1182, 1202, 1203, 1178, 1200, 1202, 1174, 1166, 1200, 1201, 1206, 1207, 1209, 1242, 1211, 1210, 1237, 1236, 1212, 1213, 1217, 1238, 1242, 1208, 1214, 1208, 1209, 1215, 1238, 1217, 1221, 1214, 1218, 1245, 1214, 1215, 1219, 1239, 1221, 1225, 1245, 1218, 1222, 1218, 1219, 1223, 1240, 1225, 1229, 1222, 1226, 1247, 1222, 1223, 1227, 1206, 1230, 1231, 1230, 1232, 1233, 1232, 1234, 1235, 1223, 1240, 1241, 1239, 1240, 1223, 1215, 1238, 1239, 1237, 1238, 1215, 1209, 1207, 1236, 1246, 1247, 1228, 1245, 1246, 1224, 1244, 1245, 1220, 1242, 1244, 1216, 1208, 1242, 1243, 1248, 1249, 1251, 1284, 1253, 1252, 1279, 1278, 1254, 1255, 1259, 1280, 1284, 1250, 1256, 1250, 1251, 1257, 1280, 1259, 1263, 1286, 1256, 1260, 1256, 1257, 1261, 1281, 1263, 1267, 1287, 1260, 1264, 1260, 1261, 1265, 1282, 1267, 1271, 1264, 1268, 1289, 1264, 1265, 1269, 1248, 1272, 1273, 1272, 1274, 1275, 1274, 1276, 1277, 1265, 1282, 1283, 1261, 1281, 1282, 1257, 1280, 1281, 1279, 1280, 1257, 1251, 1249, 1278, 1288, 1289, 1270, 1262, 1287, 1288, 1286, 1287, 1262, 1284, 1286, 1258, 1250, 1284, 1285, 1290, 1291, 1293, 1326, 1295, 1294, 1321, 1320, 1296, 1297, 1301, 1322, 1326, 1292, 1298, 1292, 1293, 1299, 1322, 1301, 1305, 1298, 1302, 1329, 1298, 1299, 1303, 1323, 1305, 1309, 1329, 1302, 1306, 1302, 1303, 1307, 1324, 1309, 1313, 1306, 1310, 1331, 1306, 1307, 1311, 1290, 1314, 1315, 1314, 1316, 1317, 1316, 1318, 1319, 1307, 1324, 1325, 1323, 1324, 1307, 1299, 1322, 1323, 1321, 1322, 1299, 1293, 1291, 1320, 1330, 1331, 1312, 1304, 1329, 1330, 1328, 1329, 1304, 1326, 1328, 1300, 1292, 1326, 1327, 1338, 1343, 1337, 1333, 1339, 1338, 1340, 1339, 1333, 1341, 1340, 1334, 1342, 1341, 1335, 1337, 1343, 1342, 1338, 1344, 1349, 1339, 1345, 1344, 1340, 1346, 1345, 1347, 1346, 1340, 1348, 1347, 1341, 1349, 1348, 1342, 1344, 1350, 1355, 1345, 1351, 1350, 1346, 1352, 1351, 1353, 1352, 1346, 1354, 1353, 1347, 1355, 1354, 1348, 1356, 1357, 1359, 1392, 1361, 1360, 1387, 1386, 1362, 1363, 1367, 1388, 1392, 1358, 1364, 1358, 1359, 1365, 1388, 1367, 1371, 1394, 1364, 1368, 1364, 1365, 1369, 1389, 1371, 1375, 1395, 1368, 1372, 1368, 1369, 1373, 1390, 1375, 1379, 1372, 1376, 1397, 1372, 1373, 1377, 1356, 1380, 1381, 1380, 1382, 1383, 1382, 1384, 1385, 1373, 1390, 1391, 1369, 1389, 1390, 1365, 1388, 1389, 1387, 1388, 1365, 1359, 1357, 1386, 1396, 1397, 1378, 1395, 1396, 1374, 1394, 1395, 1370, 1392, 1394, 1366, 1358, 1392, 1393, 1398, 1399, 1401, 1434, 1403, 1402, 1429, 1428, 1404, 1405, 1409, 1430, 1434, 1400, 1406, 1400, 1401, 1407, 1430, 1409, 1413, 1436, 1406, 1410, 1406, 1407, 1411, 1431, 1413, 1417, 1437, 1410, 1414, 1410, 1411, 1415, 1432, 1417, 1421, 1414, 1418, 1439, 1414, 1415, 1419, 1398, 1422, 1423, 1422, 1424, 1425, 1424, 1426, 1427, 1415, 1432, 1433, 1431, 1432, 1415, 1407, 1430, 1431, 1429, 1430, 1407, 1401, 1399, 1428, 1438, 1439, 1420, 1412, 1437, 1438, 1408, 1436, 1437, 1434, 1436, 1408, 1400, 1434, 1435, 1440, 1441, 1443, 1476, 1445, 1444, 1471, 1470, 1446, 1447, 1451, 1472, 1476, 1442, 1448, 1442, 1443, 1449, 1472, 1451, 1455, 1448, 1452, 1479, 1448, 1449, 1453, 1473, 1455, 1459, 1479, 1452, 1456, 1452, 1453, 1457, 1474, 1459, 1463, 1456, 1460, 1481, 1456, 1457, 1461, 1440, 1464, 1465, 1464, 1466, 1467, 1466, 1468, 1469, 1457, 1474, 1475, 1473, 1474, 1457, 1449, 1472, 1473, 1471, 1472, 1449, 1443, 1441, 1470, 1480, 1481, 1462, 1479, 1480, 1458, 1478, 1479, 1454, 1476, 1478, 1450, 1442, 1476, 1477, 1483, 1485, 1484, 1518, 1487, 1486, 1513, 1512, 1488, 1489, 1493, 1514, 1484, 1490, 1520, 1485, 1491, 1490, 1514, 1493, 1497, 1520, 1490, 1494, 1490, 1491, 1495, 1515, 1497, 1501, 1521, 1494, 1498, 1494, 1495, 1499, 1516, 1501, 1505, 1498, 1502, 1523, 1498, 1499, 1503, 1482, 1506, 1507, 1506, 1508, 1509, 1508, 1510, 1511, 1499, 1516, 1517, 1515, 1516, 1499, 1491, 1514, 1515, 1513, 1514, 1491, 1485, 1483, 1512, 1522, 1523, 1504, 1496, 1521, 1522, 1520, 1521, 1496, 1518, 1520, 1492, 1484, 1518, 1519, 1525, 1527, 1526, 1560, 1529, 1528, 1555, 1554, 1530, 1531, 1535, 1556, 1526, 1532, 1562, 1527, 1533, 1532, 1556, 1535, 1539, 1532, 1536, 1563, 1533, 1537, 1536, 1557, 1539, 1543, 1536, 1540, 1564, 1536, 1537, 1541, 1558, 1543, 1547, 1540, 1544, 1565, 1540, 1541, 1545, 1524, 1548, 1549, 1548, 1550, 1551, 1550, 1552, 1553, 1541, 1558, 1559, 1557, 1558, 1541, 1556, 1557, 1537, 1555, 1556, 1533, 1527, 1525, 1554, 1564, 1565, 1546, 1563, 1564, 1542, 1562, 1563, 1538, 1560, 1562, 1534, 1526, 1560, 1561, 1567, 1569, 1568, 1602, 1571, 1570, 1597, 1596, 1572, 1573, 1577, 1598, 1568, 1574, 1604, 1568, 1569, 1575, 1598, 1577, 1581, 1574, 1578, 1605, 1574, 1575, 1579, 1599, 1581, 1585, 1605, 1578, 1582, 1578, 1579, 1583, 1600, 1585, 1589, 1582, 1586, 1607, 1582, 1583, 1587, 1566, 1590, 1591, 1590, 1592, 1593, 1592, 1594, 1595, 1583, 1600, 1601, 1599, 1600, 1583, 1575, 1598, 1599, 1597, 1598, 1575, 1569, 1567, 1596, 1606, 1607, 1588, 1580, 1605, 1606, 1604, 1605, 1580, 1602, 1604, 1576, 1568, 1602, 1603, 1609, 1611, 1610, 1644, 1613, 1612, 1639, 1638, 1614, 1615, 1619, 1640, 1610, 1616, 1646, 1611, 1617, 1616, 1640, 1619, 1623, 1616, 1620, 1647, 1617, 1621, 1620, 1641, 1623, 1627, 1620, 1624, 1648, 1620, 1621, 1625, 1642, 1627, 1631, 1624, 1628, 1649, 1624, 1625, 1629, 1608, 1632, 1633, 1632, 1634, 1635, 1634, 1636, 1637, 1625, 1642, 1643, 1641, 1642, 1625, 1640, 1641, 1621, 1639, 1640, 1617, 1611, 1609, 1638, 1648, 1649, 1630, 1647, 1648, 1626, 1646, 1647, 1622, 1644, 1646, 1618, 1610, 1644, 1645, 1650, 1651, 1653, 1686, 1655, 1654, 1681, 1680, 1656, 1657, 1661, 1682, 1686, 1652, 1658, 1652, 1653, 1659, 1682, 1661, 1665, 1658, 1662, 1689, 1659, 1663, 1662, 1683, 1665, 1669, 1662, 1666, 1690, 1662, 1663, 1667, 1684, 1669, 1673, 1666, 1670, 1691, 1666, 1667, 1671, 1650, 1674, 1675, 1674, 1676, 1677, 1676, 1678, 1679, 1667, 1684, 1685, 1683, 1684, 1667, 1659, 1682, 1683, 1681, 1682, 1659, 1653, 1651, 1680, 1690, 1691, 1672, 1689, 1690, 1668, 1688, 1689, 1664, 1686, 1688, 1660, 1652, 1686, 1687, 1692, 1693, 1695, 1728, 1697, 1696, 1722, 1698, 1699, 1699, 1703, 1724, 1728, 1694, 1700, 1694, 1695, 1701, 1724, 1703, 1707, 1730, 1700, 1704, 1700, 1701, 1705, 1725, 1707, 1711, 1731, 1704, 1708, 1704, 1705, 1709, 1726, 1711, 1715, 1708, 1712, 1733, 1708, 1709, 1713, 1692, 1716, 1717, 1716, 1718, 1719, 1718, 1720, 1721, 1709, 1726, 1727, 1705, 1725, 1726, 1701, 1724, 1725, 1695, 1723, 1724, 1693, 1722, 1723, 1732, 1733, 1714, 1706, 1731, 1732, 1730, 1731, 1706, 1728, 1730, 1702, 1694, 1728, 1729, 1734, 1735, 1737, 1770, 1739, 1738, 1765, 1764, 1740, 1741, 1745, 1766, 1770, 1736, 1742, 1736, 1737, 1743, 1766, 1745, 1749, 1742, 1746, 1773, 1742, 1743, 1747, 1767, 1749, 1753, 1773, 1746, 1750, 1746, 1747, 1751, 1768, 1753, 1757, 1750, 1754, 1775, 1750, 1751, 1755, 1734, 1758, 1759, 1758, 1760, 1761, 1760, 1762, 1763, 1751, 1768, 1769, 1767, 1768, 1751, 1743, 1766, 1767, 1765, 1766, 1743, 1737, 1735, 1764, 1774, 1775, 1756, 1748, 1773, 1774, 1772, 1773, 1748, 1770, 1772, 1744, 1736, 1770, 1771]
                    rel material:binding = </ReferenceTarget/XForms/World/Looks/plants_atlas_6_dry>
                    normal3f[] normals = [(-0.8637348, 0.50194097, -0.04491617), (0.013968055, 0.9961404, -0.086655855), (-0.9072573, 0.42032334, -0.014573207), (-0.8642963, -0.500805, 0.04675687), (-0.9072573, 0.42032334, -0.014573207), (-0.8611504, -0.5027909, 0.0749753), (0.008230858, -0.9950799, 0.098733485), (-0.8611504, -0.5027909, 0.0749753), (0.013507215, -0.99425054, 0.106223926), (0.8683459, -0.4927498, 0.056329437), (0.013507215, -0.99425054, 0.106223926), (0.86825246, -0.4944481, 0.040726382), (0.91114306, 0.40921402, -0.048602954), (0.8683459, -0.4927498, 0.056329437), (0.86825246, -0.4944481, 0.040726382), (0.013968055, 0.9961404, -0.086655855), (0.86774904, 0.49582937, -0.034130875), (0.91114306, 0.40921402, -0.048602954), (-0.8637348, 0.50194097, -0.04491617), (-0.0059081875, 0.99648666, -0.0835427), (0.008132036, 0.99648947, -0.08332208), (-0.8674559, -0.49600154, 0.03876504), (-0.8637348, 0.50194097, -0.04491617), (-0.8642963, -0.500805, 0.04675687), (-0.005909149, -0.9955281, 0.094280526), (-0.8642963, -0.500805, 0.04675687), (0.008230858, -0.9950799, 0.098733485), (0.8643931, -0.4991038, 0.060990423), (0.008230858, -0.9950799, 0.098733485), (0.8683459, -0.4927498, 0.056329437), (0.8643933, 0.5020148, -0.028377376), (0.8683459, -0.4927498, 0.056329437), (0.86774904, 0.49582937, -0.034130875), (0.008132036, 0.99648947, -0.08332208), (0.8643933, 0.5020148, -0.028377376), (0.86774904, 0.49582937, -0.034130875), (-0.8589601, 0.511107, -0.030939283), (-0.0059081875, 0.99648666, -0.0835427), (-0.8674548, 0.49502707, -0.049701866), (-0.8589628, -0.5085011, 0.06007919), (-0.8674548, 0.49502707, -0.049701866), (-0.8674559, -0.49600154, 0.03876504), (-0.005909149, -0.9955281, 0.094280526), (-0.8589628, -0.5085011, 0.06007919), (-0.8674559, -0.49600154, 0.03876504), (0.8643931, -0.4991038, 0.060990423), (0.028040564, -0.9947602, 0.098314665), (-0.005909149, -0.9955281, 0.094280526), (0.8730797, 0.4860318, -0.038794156), (0.8643931, -0.4991038, 0.060990423), (0.8643933, 0.5020148, -0.028377376), (0.028039768, 0.9964455, -0.07943644), (0.8643933, 0.5020148, -0.028377376), (-0.0059081875, 0.99648666, -0.0835427), (-0.10018957, -0.40131053, 0.9104459), (-0.0076067448, -0.30650923, 0.9518373), (-0.09166129, -0.29914087, 0.94979626), (-0.18565263, -0.28852227, 0.9393019), (-0.23977363, -0.35910168, 0.9019726), (-0.18123168, -0.37082502, 0.91084784), (0.09970217, -0.28793567, 0.9524455), (0.124094166, -0.49436542, 0.86035085), (0.055709887, -0.26164743, 0.9635544), (0.055709887, -0.26164743, 0.9635544), (0.11074013, -0.09578667, 0.9892227), (0.09970217, -0.28793567, 0.9524455), (-0.18565263, -0.28852227, 0.9393019), (-0.054723978, -0.11927684, 0.9913517), (-0.111554354, -0.13144425, 0.98502696), (-0.09166129, -0.29914087, 0.94979626), (0.05480709, -0.12074973, 0.9911689), (-0.054723978, -0.11927684, 0.9913517), (0.11074013, -0.09578667, 0.9892227), (0.08573597, -0.024395434, 0.9960192), (0.08103559, 0.035082005, 0.9960936), (-0.054723978, -0.11927684, 0.9913517), (0.028432794, 0.041987754, 0.99871343), (-0.111554354, -0.13144425, 0.98502696), (-0.054723978, -0.11927684, 0.9913517), (0.056715094, 0.10140583, 0.9932271), (0.0038123096, 0.121302254, 0.99260825), (0.08103559, 0.035082005, 0.9960936), (-0.03176438, 0.2611074, 0.964787), (-0.038368765, 0.26021066, 0.9647892), (0.028432794, 0.041987754, 0.99871343), (0.06970316, 0.23657091, 0.9691108), (0.18406548, 0.21781862, 0.9584753), (0.0038123096, 0.121302254, 0.99260825), (0.011634395, 0.2394275, 0.97084457), (0.06970316, 0.23657091, 0.9691108), (-0.038368765, 0.26021066, 0.9647892), (0.41008928, 0.3701059, 0.83357567), (0.31524682, 0.27696392, 0.9076952), (0.06970316, 0.23657091, 0.9691108), (0.0029518865, 0.32133305, 0.94696164), (0.18406548, 0.21781862, 0.9584753), (0.06970316, 0.23657091, 0.9691108), (-0.05401307, 0.27484208, 0.9599711), (-0.12570232, 0.28597966, 0.94995505), (-0.10018957, -0.40131053, 0.9104459), (-0.083516814, -0.45244128, 0.8878749), (-0.063180275, -0.3956414, 0.9162293), (-0.08218126, -0.4563479, 0.88599825), (-0.06652065, -0.47766417, 0.8760205), (-0.083516814, -0.45244128, 0.8878749), (-0.06543096, -0.4809517, 0.87430215), (-0.065079525, -0.4896636, 0.8694793), (-0.06652065, -0.47766417, 0.8760205), (0.011634395, 0.2394275, 0.97084457), (0.31524682, 0.27696392, 0.9076952), (-0.05401307, 0.27484208, 0.9599711), (0.08103559, 0.035082005, 0.9960936), (0.011634395, 0.2394275, 0.97084457), (0.056715094, 0.10140583, 0.9932271), (0.05480709, -0.12074973, 0.9911689), (0.08103559, 0.035082005, 0.9960936), (0.056715094, 0.10140583, 0.9932271), (0.09970217, -0.28793567, 0.9524455), (0.05480709, -0.12074973, 0.9911689), (-0.0076067448, -0.30650923, 0.9518373), (-0.0076067448, -0.30650923, 0.9518373), (0.10898789, -0.38518316, 0.9163818), (0.09970217, -0.28793567, 0.9524455), (0.18406548, 0.21781862, 0.9584753), (-0.035189044, 0.40224493, 0.91485554), (0.18296196, 0.203102, 0.96191186), (0.028432794, 0.041987754, 0.99871343), (0.18296196, 0.203102, 0.96191186), (-0.008120413, -0.029407274, 0.99953455), (-0.111554354, -0.13144425, 0.98502696), (-0.008120413, -0.029407274, 0.99953455), (-0.18311228, -0.18402305, 0.96571505), (-0.18565263, -0.28852227, 0.9393019), (-0.18311228, -0.18402305, 0.96571505), (-0.24644262, -0.30111873, 0.92119133), (-0.09166129, -0.29914087, 0.94979626), (-0.18123168, -0.37082502, 0.91084784), (-0.10018957, -0.40131053, 0.9104459), (0.6279658, -0.684597, 0.3701159), (0.62509996, -0.6099092, 0.48709437), (0.5742407, -0.6736299, 0.46526375), (0.5121341, -0.7397434, 0.43646112), (0.5193521, -0.78000015, 0.34910333), (0.56277543, -0.7414137, 0.3654991), (0.66865164, -0.52034897, 0.5311704), (0.7939243, -0.5025228, 0.34227926), (0.6307483, -0.55473095, 0.5426143), (0.6307483, -0.55473095, 0.5426143), (0.5491564, -0.4831075, 0.6819343), (0.66865164, -0.52034897, 0.5311704), (0.5121341, -0.7397434, 0.43646112), (0.4795254, -0.6215914, 0.61941874), (0.45562103, -0.6662976, 0.5903024), (0.5742407, -0.6736299, 0.46526375), (0.5386284, -0.5349217, 0.6509518), (0.4795254, -0.6215914, 0.61941874), (0.5491564, -0.4831075, 0.6819343), (0.48640501, -0.48857924, 0.72436213), (0.44030812, -0.47724494, 0.7605038), (0.4795254, -0.6215914, 0.61941874), (0.4084508, -0.51869285, 0.751083), (0.45562103, -0.6662976, 0.5903024), (0.4795254, -0.6215914, 0.61941874), (0.37752894, -0.4781224, 0.79301375), (0.33460578, -0.51472104, 0.7893676), (0.44030812, -0.47724494, 0.7605038), (0.20135225, -0.4920775, 0.8469457), (0.19850884, -0.49754676, 0.84441787), (0.4084508, -0.51869285, 0.751083), (0.27501595, -0.42015043, 0.8647773), (0.3449172, -0.32825956, 0.87936217), (0.33460578, -0.51472104, 0.7893676), (0.24285457, -0.4664764, 0.85054183), (0.27501595, -0.42015043, 0.8647773), (0.19850884, -0.49754676, 0.84441787), (0.30003798, -0.04114346, 0.9530396), (0.34954086, -0.18104728, 0.9192622), (0.27501595, -0.42015043, 0.8647773), (0.1680125, -0.43936643, 0.88245624), (0.3449172, -0.32825956, 0.87936217), (0.27501595, -0.42015043, 0.8647773), (0.17742592, -0.5035908, 0.84552723), (0.12697487, -0.5521284, 0.8240338), (0.6279658, -0.684597, 0.3701159), (0.6647266, -0.6718864, 0.3266606), (0.64589614, -0.6569748, 0.38884735), (0.6675035, -0.67078257, 0.323249), (0.6872327, -0.6582245, 0.3073299), (0.6647266, -0.6718864, 0.3266606), (0.68949354, -0.657244, 0.30434984), (0.69399875, -0.65654594, 0.29548797), (0.6872327, -0.6582245, 0.3073299), (0.24285457, -0.4664764, 0.85054183), (0.34954086, -0.18104728, 0.9192622), (0.17742592, -0.5035908, 0.84552723), (0.44030812, -0.47724494, 0.7605038), (0.24285457, -0.4664764, 0.85054183), (0.37752894, -0.4781224, 0.79301375), (0.5386284, -0.5349217, 0.6509518), (0.44030812, -0.47724494, 0.7605038), (0.37752894, -0.4781224, 0.79301375), (0.66865164, -0.52034897, 0.5311704), (0.5386284, -0.5349217, 0.6509518), (0.62509996, -0.6099092, 0.48709437), (0.62509996, -0.6099092, 0.48709437), (0.7296064, -0.51774967, 0.44677725), (0.66865164, -0.52034897, 0.5311704), (0.3449172, -0.32825956, 0.87936217), (0.07478214, -0.43135044, 0.8990798), (0.35658878, -0.33477172, 0.8722226), (0.4084508, -0.51869285, 0.751083), (0.35658878, -0.33477172, 0.8722226), (0.44178784, -0.56629723, 0.6957952), (0.45562103, -0.6662976, 0.5903024), (0.44178784, -0.56629723, 0.6957952), (0.4480316, -0.72578406, 0.5220202), (0.5121341, -0.7397434, 0.43646112), (0.4480316, -0.72578406, 0.5220202), (0.48143736, -0.78118765, 0.39744666), (0.5742407, -0.6736299, 0.46526375), (0.56277543, -0.7414137, 0.3654991), (0.6279658, -0.684597, 0.3701159), (0.25460106, 0.4285738, 0.8668926), (0.15268673, 0.35291186, 0.92311424), (0.23383279, 0.33156776, 0.913994), (0.32336697, 0.30490538, 0.895805), (0.38404465, 0.3633391, 0.84881943), (0.3293358, 0.385105, 0.862109), (0.044406906, 0.35250068, 0.93475735), (0.044223465, 0.554725, 0.8308577), (0.084513366, 0.31991494, 0.9436694), (0.084513366, 0.31991494, 0.9436694), (0.0065003405, 0.16718256, 0.9859045), (0.044406906, 0.35250068, 0.93475735), (0.32336697, 0.30490538, 0.895805), (0.17294846, 0.16291282, 0.97136414), (0.23006372, 0.16509521, 0.9590695), (0.23383279, 0.33156776, 0.913994), (0.06561669, 0.18256608, 0.98100156), (0.17294846, 0.16291282, 0.97136414), (0.0065003405, 0.16718256, 0.9859045), (0.020302814, 0.0931124, 0.9954486), (0.015399288, 0.03377663, 0.9993108), (0.17294846, 0.16291282, 0.97136414), (0.06620824, 0.018374508, 0.9976366), (0.23006372, 0.16509521, 0.9590695), (0.17294846, 0.16291282, 0.97136414), (0.028369127, -0.035725735, 0.9989589), (0.0770654, -0.06414468, 0.9949605), (0.015399288, 0.03377663, 0.9993108), (0.08679779, -0.20923507, 0.9740056), (0.09342249, -0.20944975, 0.9733463), (0.06620824, 0.018374508, 0.9976366), (-0.008483514, -0.167966, 0.9857563), (-0.11883709, -0.13107486, 0.98422414), (0.0770654, -0.06414468, 0.9949605), (0.04825237, -0.18033859, 0.98242027), (-0.008483514, -0.167966, 0.9857563), (0.09342249, -0.20944975, 0.9733463), (-0.37777546, -0.25030127, 0.8914229), (-0.2622417, -0.17028813, 0.94985855), (-0.008483514, -0.167966, 0.9857563), (0.04125219, -0.26373765, 0.9637119), (-0.11883709, -0.13107486, 0.98422414), (-0.008483514, -0.167966, 0.9857563), (0.10595985, -0.22672291, 0.96817833), (0.1735511, -0.2501605, 0.9525228), (0.25460106, 0.4285738, 0.8668926), (0.2441521, 0.48044035, 0.8423579), (0.21793889, 0.4294644, 0.87639207), (0.24327828, 0.48440522, 0.8403376), (0.23028418, 0.5074523, 0.8303381), (0.2441521, 0.48044035, 0.8423579), (0.22956407, 0.5107761, 0.8284975), (0.2301534, 0.51914096, 0.8231173), (0.23028418, 0.5074523, 0.8303381), (0.04825237, -0.18033859, 0.98242027), (-0.2622417, -0.17028813, 0.94985855), (0.10595985, -0.22672291, 0.96817833), (0.015399288, 0.03377663, 0.9993108), (0.04825237, -0.18033859, 0.98242027), (0.028369127, -0.035725735, 0.9989589), (0.06561669, 0.18256608, 0.98100156), (0.015399288, 0.03377663, 0.9993108), (0.028369127, -0.035725735, 0.9989589), (0.044406906, 0.35250068, 0.93475735), (0.06561669, 0.18256608, 0.98100156), (0.15268673, 0.35291186, 0.92311424), (0.15268673, 0.35291186, 0.92311424), (0.047226045, 0.4478041, 0.8928836), (0.044406906, 0.35250068, 0.93475735), (-0.11883709, -0.13107486, 0.98422414), (0.062499903, -0.35150692, 0.9340967), (-0.115051344, -0.11657881, 0.9864951), (0.06620824, 0.018374508, 0.9976366), (-0.115051344, -0.11657881, 0.9864951), (0.11362257, 0.082632914, 0.99008167), (0.23006372, 0.16509521, 0.9590695), (0.11362257, 0.082632914, 0.99008167), (0.30680266, 0.20389779, 0.9296762), (0.32336697, 0.30490538, 0.895805), (0.30680266, 0.20389779, 0.9296762), (0.383245, 0.30620107, 0.871415), (0.23383279, 0.33156776, 0.913994), (0.3293358, 0.385105, 0.862109), (0.25460106, 0.4285738, 0.8668926), (-0.27106744, 0.654742, 0.7055745), (-0.29016042, 0.5441195, 0.7872363), (-0.21965422, 0.58945143, 0.77736676), (-0.13841933, 0.6356808, 0.7594406), (-0.13503955, 0.7068183, 0.6943862), (-0.1890291, 0.6824769, 0.7060406), (-0.36281487, 0.46549928, 0.8072644), (-0.4978036, 0.56779367, 0.6555928), (-0.31356785, 0.47721958, 0.8209365), (-0.31356785, 0.47721958, 0.8209365), (-0.25798827, 0.3332527, 0.9068542), (-0.36281487, 0.46549928, 0.8072644), (-0.13841933, 0.6356808, 0.7594406), (-0.14316052, 0.45181516, 0.8805499), (-0.10542494, 0.49310935, 0.8635559), (-0.21965422, 0.58945143, 0.77736676), (-0.22973539, 0.38595602, 0.8934538), (-0.14316052, 0.45181516, 0.8805499), (-0.25798827, 0.3332527, 0.9068542), (-0.19548608, 0.29957965, 0.93382925), (-0.15540065, 0.2598013, 0.953076), (-0.14316052, 0.45181516, 0.8805499), (-0.11031456, 0.28783295, 0.95130587), (-0.10542494, 0.49310935, 0.8635559), (-0.14316052, 0.45181516, 0.8805499), (-0.095435396, 0.2261003, 0.96941775), (-0.04178915, 0.2439108, 0.9688969), (-0.15540065, 0.2598013, 0.953076), (0.07481337, 0.15598181, 0.98492265), (0.079433, 0.16065682, 0.98380876), (-0.11031456, 0.28783295, 0.95130587), (-0.020096019, 0.11309856, 0.99338055), (-0.119833305, 0.05318131, 0.9913686), (-0.04178915, 0.2439108, 0.9688969), (0.02688895, 0.1470749, 0.98875976), (-0.020096019, 0.11309856, 0.99338055), (0.079433, 0.16065682, 0.98380876), (-0.18918772, -0.23596647, 0.95316726), (-0.18046474, -0.0863701, 0.9797819), (-0.020096019, 0.11309856, 0.99338055), (0.0865588, 0.08559367, 0.992563), (-0.119833305, 0.05318131, 0.9913686), (-0.020096019, 0.11309856, 0.99338055), (0.10119299, 0.15809238, 0.9822254), (0.16523919, 0.19049406, 0.9676818), (-0.27106744, 0.654742, 0.7055745), (-0.31283942, 0.6736758, 0.6695465), (-0.29721007, 0.6300272, 0.7174482), (-0.31605923, 0.6750346, 0.6666595), (-0.34024143, 0.6774075, 0.65219235), (-0.31283942, 0.6736758, 0.6695465), (-0.34291345, 0.67852354, 0.64962775), (-0.34794763, 0.6829627, 0.6422573), (-0.34024143, 0.6774075, 0.65219235), (0.02688895, 0.1470749, 0.98875976), (-0.18046474, -0.0863701, 0.9797819), (0.10119299, 0.15809238, 0.9822254), (-0.15540065, 0.2598013, 0.953076), (0.02688895, 0.1470749, 0.98875976), (-0.095435396, 0.2261003, 0.96941775), (-0.22973539, 0.38595602, 0.8934538), (-0.15540065, 0.2598013, 0.953076), (-0.095435396, 0.2261003, 0.96941775), (-0.36281487, 0.46549928, 0.8072644), (-0.22973539, 0.38595602, 0.8934538), (-0.29016042, 0.5441195, 0.7872363), (-0.29016042, 0.5441195, 0.7872363), (-0.4255147, 0.51749605, 0.7423848), (-0.36281487, 0.46549928, 0.8072644), (-0.119833305, 0.05318131, 0.9913686), (0.16960202, 0.040044878, 0.9846987), (-0.12837656, 0.06556649, 0.9895557), (-0.11031456, 0.28783295, 0.95130587), (-0.12837656, 0.06556649, 0.9895557), (-0.12552433, 0.3616424, 0.9238281), (-0.10542494, 0.49310935, 0.8635559), (-0.12552433, 0.3616424, 0.9238281), (-0.07943103, 0.5680262, 0.8191684), (-0.13841933, 0.6356808, 0.7594406), (-0.07943103, 0.5680262, 0.8191684), (-0.09651029, 0.67574096, 0.7307941), (-0.21965422, 0.58945143, 0.77736676), (-0.1890291, 0.6824769, 0.7060406), (-0.27106744, 0.654742, 0.7055745), (-0.7697551, -0.2079436, 0.6035201), (-0.67398536, -0.23639186, 0.6999019), (-0.71100265, -0.16217792, 0.68423206), (-0.7468084, -0.077238165, 0.6605388), (-0.8074055, -0.06787207, 0.5860801), (-0.7898663, -0.12375717, 0.6006624), (-0.6057838, -0.31565413, 0.73033446), (-0.6971144, -0.44178027, 0.5646784), (-0.6148944, -0.26548904, 0.74257696), (-0.6148944, -0.26548904, 0.74257696), (-0.4802143, -0.2225134, 0.84845865), (-0.6057838, -0.31565413, 0.73033446), (-0.7468084, -0.077238165, 0.6605388), (-0.583153, -0.097712934, 0.8064644), (-0.6180951, -0.056538235, 0.7840676), (-0.71100265, -0.16217792, 0.68423206), (-0.527758, -0.18974498, 0.8279301), (-0.583153, -0.097712934, 0.8064644), (-0.4802143, -0.2225134, 0.84845865), (-0.44528523, -0.16312236, 0.8804046), (-0.4052365, -0.12663832, 0.9053983), (-0.583153, -0.097712934, 0.8064644), (-0.42860883, -0.07924592, 0.9000081), (-0.6180951, -0.056538235, 0.7840676), (-0.583153, -0.097712934, 0.8064644), (-0.36899564, -0.06983024, 0.9268042), (-0.38170505, -0.014816122, 0.9241654), (-0.4052365, -0.12663832, 0.9053983), (-0.2869212, 0.09357115, 0.9533733), (-0.29096046, 0.09858029, 0.95164275), (-0.42860883, -0.07924592, 0.9000081), (-0.25428802, -0.0047383225, 0.967117), (-0.20380734, -0.10942865, 0.97287613), (-0.38170505, -0.014816122, 0.9241654), (-0.28294915, 0.04506314, 0.95807576), (-0.25428802, -0.0047383225, 0.967117), (-0.29096046, 0.09858029, 0.95164275), (0.08051682, -0.2044913, 0.97555137), (-0.0699823, -0.18231626, 0.9807463), (-0.25428802, -0.0047383225, 0.967117), (-0.2175687, 0.09903333, 0.9710079), (-0.20380734, -0.10942865, 0.97287613), (-0.25428802, -0.0047383225, 0.967117), (-0.28627944, 0.12000797, 0.950601), (-0.31045526, 0.18660656, 0.93209195), (-0.7697551, -0.2079436, 0.6035201), (-0.7870195, -0.24805054, 0.5648639), (-0.7494018, -0.2361244, 0.61858076), (-0.7882352, -0.25115308, 0.56178945), (-0.79067427, -0.27510834, 0.5469457), (-0.7870195, -0.24805054, 0.5648639), (-0.7916483, -0.27768144, 0.5442297), (-0.7954237, -0.28233007, 0.536275), (-0.79067427, -0.27510834, 0.5469457), (-0.28294915, 0.04506314, 0.95807576), (-0.0699823, -0.18231626, 0.9807463), (-0.28627944, 0.12000797, 0.950601), (-0.4052365, -0.12663832, 0.9053983), (-0.28294915, 0.04506314, 0.95807576), (-0.36899564, -0.06983024, 0.9268042), (-0.527758, -0.18974498, 0.8279301), (-0.4052365, -0.12663832, 0.9053983), (-0.36899564, -0.06983024, 0.9268042), (-0.6057838, -0.31565413, 0.73033446), (-0.527758, -0.18974498, 0.8279301), (-0.67398536, -0.23639186, 0.6999019), (-0.67398536, -0.23639186, 0.6999019), (-0.6534184, -0.37380892, 0.65826374), (-0.6057838, -0.31565413, 0.73033446), (-0.20380734, -0.10942865, 0.97287613), (-0.16416633, 0.1776539, 0.9703033), (-0.21651912, -0.11683983, 0.9692615), (-0.42860883, -0.07924592, 0.9000081), (-0.21651912, -0.11683983, 0.9692615), (-0.49882767, -0.08796103, 0.8622261), (-0.6180951, -0.056538235, 0.7840676), (-0.49882767, -0.08796103, 0.8622261), (-0.68334115, -0.024202082, 0.729698), (-0.7468084, -0.077238165, 0.6605388), (-0.68334115, -0.024202082, 0.729698), (-0.7785071, -0.032072525, 0.6268158), (-0.71100265, -0.16217792, 0.68423206), (-0.7898663, -0.12375717, 0.6006624), (-0.7697551, -0.2079436, 0.6035201), (-0.115770034, 0.6189013, 0.7768903), (-0.15548812, 0.50654256, 0.8480791), (-0.07738965, 0.53743845, 0.8397445), (0.011220372, 0.5678758, 0.82303774), (0.027793387, 0.6432389, 0.76516086), (-0.029793698, 0.6292522, 0.7766299), (-0.24232264, 0.44260794, 0.8633528), (-0.3565365, 0.5853469, 0.7281832), (-0.19143961, 0.44262573, 0.8760327), (-0.19143961, 0.44262573, 0.8760327), (-0.1648689, 0.28223673, 0.9450717), (-0.24232264, 0.44260794, 0.8633528), (0.011220372, 0.5678758, 0.82303774), (-0.028688837, 0.37717998, 0.92569554), (0.016365102, 0.41152203, 0.9112529), (-0.07738965, 0.53743845, 0.8397445), (-0.126666, 0.32923254, 0.93571454), (-0.028688837, 0.37717998, 0.92569554), (-0.1648689, 0.28223673, 0.9450717), (-0.110078596, 0.23398373, 0.9659888), (-0.07863389, 0.18513009, 0.97956294), (-0.028688837, 0.37717998, 0.92569554), (-0.028796075, 0.20348191, 0.9786551), (0.016365102, 0.41152203, 0.9112529), (-0.028688837, 0.37717998, 0.92569554), (-0.026548438, 0.13847281, 0.9900103), (0.029588258, 0.14500855, 0.9889879), (-0.07863389, 0.18513009, 0.97956294), (0.12592942, 0.03411384, 0.9914525), (0.13138281, 0.037846524, 0.990609), (-0.028796075, 0.20348191, 0.9786551), (0.024431957, 0.010691025, 0.99964434), (-0.08552458, -0.027253512, 0.9959632), (0.029588258, 0.14500855, 0.9889879), (0.07729068, 0.034745008, 0.99640304), (0.024431957, 0.010691025, 0.99964434), (0.13138281, 0.037846524, 0.990609), (-0.21365534, -0.2907856, 0.9326281), (-0.17378862, -0.14965612, 0.97334504), (0.024431957, 0.010691025, 0.99964434), (0.123101346, -0.03759773, 0.99168164), (-0.08552458, -0.027253512, 0.9959632), (0.024431957, 0.010691025, 0.99964434), (0.15209603, 0.03111152, 0.98787594), (0.22111785, 0.05121095, 0.97390157), (-0.115770034, 0.6189013, 0.7768903), (-0.15350482, 0.6495477, 0.7446637), (-0.1461812, 0.5988919, 0.78737503), (-0.15643777, 0.65182376, 0.74206), (-0.17992797, 0.66053295, 0.7289185), (-0.15350482, 0.6495477, 0.7446637), (-0.18236391, 0.6624278, 0.72658986), (-0.18650609, 0.66854393, 0.7199059), (-0.17992797, 0.66053295, 0.7289185), (0.07729068, 0.034745008, 0.99640304), (-0.17378862, -0.14965612, 0.97334504), (0.15209603, 0.03111152, 0.98787594), (-0.07863389, 0.18513009, 0.97956294), (0.07729068, 0.034745008, 0.99640304), (-0.026548438, 0.13847281, 0.9900103), (-0.126666, 0.32923254, 0.93571454), (-0.07863389, 0.18513009, 0.97956294), (-0.026548438, 0.13847281, 0.9900103), (-0.24232264, 0.44260794, 0.8633528), (-0.126666, 0.32923254, 0.93571454), (-0.15548812, 0.50654256, 0.8480791), (-0.15548812, 0.50654256, 0.8480791), (-0.29433587, 0.51269305, 0.8065434), (-0.24232264, 0.44260794, 0.8633528), (-0.08552458, -0.027253512, 0.9959632), (0.19482024, -0.09793959, 0.97593695), (-0.09137217, -0.013275809, 0.9957283), (-0.028796075, 0.20348191, 0.9786551), (-0.09137217, -0.013275809, 0.9957283), (-0.029072437, 0.28129554, 0.9591807), (0.016365102, 0.41152203, 0.9112529), (-0.029072437, 0.28129554, 0.9591807), (0.05627744, 0.48383448, 0.8733482), (0.011220372, 0.5678758, 0.82303774), (0.05627744, 0.48383448, 0.8733482), (0.059864875, 0.6013844, 0.7967138), (-0.07738965, 0.53743845, 0.8397445), (-0.029793698, 0.6292522, 0.7766299), (-0.115770034, 0.6189013, 0.7768903), (-0.75123554, 0.23311326, 0.6174976), (-0.6894307, 0.14886245, 0.7088902), (-0.6770756, 0.23170343, 0.69848555), (-0.65754765, 0.3231171, 0.68060744), (-0.70157534, 0.37022874, 0.60887), (-0.7193473, 0.31359553, 0.61983645), (-0.6791976, 0.04308074, 0.73269), (-0.8259435, 0.002906525, 0.5637454), (-0.6578841, 0.08851318, 0.7478996), (-0.6578841, 0.08851318, 0.7478996), (-0.52323514, 0.03969835, 0.8512632), (-0.6791976, 0.04308074, 0.73269), (-0.65754765, 0.3231171, 0.68060744), (-0.53572416, 0.20332249, 0.8195485), (-0.5406235, 0.25840867, 0.80059433), (-0.6770756, 0.23170343, 0.69848555), (-0.5432828, 0.09502382, 0.8341548), (-0.53572416, 0.20332249, 0.8195485), (-0.52323514, 0.03969835, 0.8512632), (-0.4606209, 0.06616795, 0.8851272), (-0.40695143, 0.07142713, 0.9106529), (-0.53572416, 0.20332249, 0.8195485), (-0.39885437, 0.12388412, 0.90860766), (-0.5406235, 0.25840867, 0.80059433), (-0.53572416, 0.20332249, 0.8195485), (-0.3447185, 0.09570398, 0.93381476), (-0.32352403, 0.14809953, 0.934558), (-0.40695143, 0.07142713, 0.9106529), (-0.1837645, 0.18045604, 0.966264), (-0.18419036, 0.18697219, 0.9649432), (-0.39885437, 0.12388412, 0.90860766), (-0.2135394, 0.08057518, 0.973606), (-0.2323483, -0.034263387, 0.9720289), (-0.32352403, 0.14809953, 0.934558), (-0.2083804, 0.13825966, 0.96822613), (-0.2135394, 0.08057518, 0.973606), (-0.18419036, 0.18697219, 0.9649432), (-0.054181833, -0.27506474, 0.9598978), (-0.16466466, -0.17102227, 0.97140974), (-0.2135394, 0.08057518, 0.973606), (-0.12390123, 0.14404047, 0.9817845), (-0.2323483, -0.034263387, 0.9720289), (-0.2135394, 0.08057518, 0.973606), (-0.1680435, 0.20185739, 0.9648912), (-0.14954428, 0.2712997, 0.95080644), (-0.75123554, 0.23311326, 0.6174976), (-0.7883004, 0.21269561, 0.5773586), (-0.7507966, 0.19746876, 0.6303257), (-0.791069, 0.21105234, 0.5741661), (-0.8067756, 0.19381057, 0.5581671), (-0.7883004, 0.21269561, 0.5773586), (-0.80904317, 0.19244063, 0.5553519), (-0.8147864, 0.19133475, 0.5472788), (-0.8067756, 0.19381057, 0.5581671), (-0.2083804, 0.13825966, 0.96822613), (-0.16466466, -0.17102227, 0.97140974), (-0.1680435, 0.20185739, 0.9648912), (-0.40695143, 0.07142713, 0.9106529), (-0.2083804, 0.13825966, 0.96822613), (-0.3447185, 0.09570398, 0.93381476), (-0.5432828, 0.09502382, 0.8341548), (-0.40695143, 0.07142713, 0.9106529), (-0.3447185, 0.09570398, 0.93381476), (-0.6791976, 0.04308074, 0.73269), (-0.5432828, 0.09502382, 0.8341548), (-0.6894307, 0.14886245, 0.7088902), (-0.6894307, 0.14886245, 0.7088902), (-0.7513914, 0.02744731, 0.65928566), (-0.6791976, 0.04308074, 0.73269), (-0.2323483, -0.034263387, 0.9720289), (-0.035031773, 0.1776893, 0.9834629), (-0.24700184, -0.03280084, 0.9684597), (-0.39885437, 0.12388412, 0.90860766), (-0.24700184, -0.03280084, 0.9684597), (-0.46124133, 0.15941595, 0.8728362), (-0.5406235, 0.25840867, 0.80059433), (-0.46124133, 0.15941595, 0.8728362), (-0.5753194, 0.32567522, 0.7502954), (-0.65754765, 0.3231171, 0.68060744), (-0.5753194, 0.32567522, 0.7502954), (-0.657471, 0.38032505, 0.6504496), (-0.6770756, 0.23170343, 0.69848555), (-0.7193473, 0.31359553, 0.61983645), (-0.75123554, 0.23311326, 0.6174976), (-0.1392594, -0.25184676, 0.9576951), (-0.04321449, -0.15593988, 0.9868207), (-0.12675676, -0.14531256, 0.98123235), (-0.2198867, -0.13234405, 0.96650654), (-0.27646613, -0.20539287, 0.9388186), (-0.21875659, -0.21815579, 0.95108026), (0.064813904, -0.14219135, 0.98771495), (0.08138894, -0.36119002, 0.92893356), (0.021888409, -0.112613365, 0.9933978), (0.021888409, -0.112613365, 0.9933978), (0.0841662, 0.052661464, 0.9950592), (0.064813904, -0.14219135, 0.98771495), (-0.2198867, -0.13234405, 0.96650654), (-0.082233, 0.037017196, 0.9959255), (-0.1394265, 0.026512263, 0.98987746), (-0.12675676, -0.14531256, 0.98123235), (0.027079973, 0.030757144, 0.99915993), (-0.082233, 0.037017196, 0.9959255), (0.0841662, 0.052661464, 0.9950592), (0.062441383, 0.12526956, 0.9901559), (0.06057439, 0.18419942, 0.98102057), (-0.082233, 0.037017196, 0.9959255), (0.008317796, 0.1937148, 0.9810226), (-0.1394265, 0.026512263, 0.98987746), (-0.082233, 0.037017196, 0.9959255), (0.039504886, 0.25029245, 0.9673639), (-0.012366659, 0.272146, 0.9621765), (0.06057439, 0.18419942, 0.98102057), (-0.040629055, 0.40743026, 0.9123321), (-0.04726644, 0.406833, 0.9122789), (0.008317796, 0.1937148, 0.9810226), (0.059440237, 0.37944698, 0.9233022), (0.17298609, 0.35431203, 0.91898793), (-0.012366659, 0.272146, 0.9621765), (0.0015488967, 0.38506645, 0.9228876), (0.059440237, 0.37944698, 0.9233022), (-0.04726644, 0.406833, 0.9122789), (0.4087027, 0.47558764, 0.77895993), (0.30792248, 0.39917105, 0.8636239), (0.059440237, 0.37944698, 0.9233022), (-0.002693958, 0.46262777, 0.8865485), (0.17298609, 0.35431203, 0.91898793), (0.059440237, 0.37944698, 0.9233022), (-0.062088545, 0.42121947, 0.904831), (-0.13292351, 0.4338017, 0.89114946), (-0.1392594, -0.25184676, 0.9576951), (-0.1245513, -0.3065179, 0.94368094), (-0.10215683, -0.24697728, 0.9636214), (-0.12336168, -0.3107219, 0.9424615), (-0.10847445, -0.33398405, 0.9363162), (-0.1245513, -0.3065179, 0.94368094), (-0.10750468, -0.33754006, 0.93515205), (-0.10751879, -0.3468903, 0.9317225), (-0.10847445, -0.33398405, 0.9363162), (0.0015488967, 0.38506645, 0.9228876), (0.30792248, 0.39917105, 0.8636239), (-0.062088545, 0.42121947, 0.904831), (0.06057439, 0.18419942, 0.98102057), (0.0015488967, 0.38506645, 0.9228876), (0.039504886, 0.25029245, 0.9673639), (0.027079973, 0.030757144, 0.99915993), (0.06057439, 0.18419942, 0.98102057), (0.039504886, 0.25029245, 0.9673639), (0.064813904, -0.14219135, 0.98771495), (0.027079973, 0.030757144, 0.99915993), (-0.04321449, -0.15593988, 0.9868207), (-0.04321449, -0.15593988, 0.9868207), (0.070255466, -0.24413992, 0.96719176), (0.064813904, -0.14219135, 0.98771495), (0.17298609, 0.35431203, 0.91898793), (-0.03622711, 0.5392288, 0.8413798), (0.17110829, 0.34036013, 0.92459553), (0.008317796, 0.1937148, 0.9810226), (0.17110829, 0.34036013, 0.92459553), (-0.031601027, 0.12495697, 0.9916588), (-0.1394265, 0.026512263, 0.98987746), (-0.031601027, 0.12495697, 0.9916588), (-0.21296659, -0.025237642, 0.9767335), (-0.2198867, -0.13234405, 0.96650654), (-0.21296659, -0.025237642, 0.9767335), (-0.28079233, -0.14490902, 0.94876605), (-0.12675676, -0.14531256, 0.98123235), (-0.21875659, -0.21815579, 0.95108026), (-0.1392594, -0.25184676, 0.9576951), (0.5668729, -0.29218572, 0.7702484), (0.51621985, -0.18151048, 0.8370012), (0.4845676, -0.25973314, 0.8353041), (0.44494534, -0.3457769, 0.8261125), (0.48533586, -0.41339153, 0.7704263), (0.51531714, -0.36142448, 0.77705896), (0.53025657, -0.0737822, 0.8446207), (0.70549226, -0.0983374, 0.7018621), (0.4959512, -0.109723076, 0.86139035), (0.4959512, -0.109723076, 0.86139035), (0.3648313, -0.013998839, 0.9309684), (0.53025657, -0.0737822, 0.8446207), (0.44494534, -0.3457769, 0.8261125), (0.33917907, -0.17898712, 0.9235374), (0.33241898, -0.23611216, 0.91309845), (0.4845676, -0.25973314, 0.8353041), (0.3722054, -0.07455591, 0.92515105), (0.33917907, -0.17898712, 0.9235374), (0.3648313, -0.013998839, 0.9309684), (0.29324907, -0.018990327, 0.9558475), (0.23690173, -0.0071821217, 0.9715071), (0.33917907, -0.17898712, 0.9235374), (0.21593288, -0.055874735, 0.9748082), (0.33241898, -0.23611216, 0.91309845), (0.33917907, -0.17898712, 0.9235374), (0.16781652, -0.0119962385, 0.9857452), (0.1339482, -0.05710879, 0.98934144), (0.23690173, -0.0071821217, 0.9715071), (-0.012511933, -0.05017356, 0.9986622), (-0.013592703, -0.05673655, 0.9982967), (0.21593288, -0.055874735, 0.9748082), (0.040622003, 0.039795943, 0.99838173), (0.08844684, 0.14510028, 0.9854557), (0.1339482, -0.05710879, 0.98934144), (0.02159873, -0.015153909, 0.9996519), (0.040622003, 0.039795943, 0.99838173), (-0.013592703, -0.05673655, 0.9982967), (-0.01778794, 0.41499522, 0.90964967), (0.059189696, 0.29166776, 0.9546866), (0.040622003, 0.039795943, 0.99838173), (-0.06255399, 0.0012673679, 0.9980408), (0.08844684, 0.14510028, 0.9854557), (0.040622003, 0.039795943, 0.99838173), (-0.03284413, -0.067241274, 0.997196), (-0.06636827, -0.13183713, 0.9890471), (0.5668729, -0.29218572, 0.7702484), (0.6134116, -0.28813216, 0.7353271), (0.5737713, -0.25576276, 0.7780565), (0.6169482, -0.28774977, 0.73251283), (0.6387424, -0.27762815, 0.7175868), (0.6134116, -0.28813216, 0.7353271), (0.641674, -0.27732304, 0.7150849), (0.648629, -0.27895737, 0.7081407), (0.6387424, -0.27762815, 0.7175868), (0.02159873, -0.015153909, 0.9996519), (0.059189696, 0.29166776, 0.9546866), (-0.03284413, -0.067241274, 0.997196), (0.23690173, -0.0071821217, 0.9715071), (0.02159873, -0.015153909, 0.9996519), (0.16781652, -0.0119962385, 0.9857452), (0.3722054, -0.07455591, 0.92515105), (0.23690173, -0.0071821217, 0.9715071), (0.16781652, -0.0119962385, 0.9857452), (0.53025657, -0.0737822, 0.8446207), (0.3722054, -0.07455591, 0.92515105), (0.51621985, -0.18151048, 0.8370012), (0.51621985, -0.18151048, 0.8370012), (0.6139783, -0.088156044, 0.7843845), (0.53025657, -0.0737822, 0.8446207), (0.08844684, 0.14510028, 0.9854557), (-0.156346, -0.010001747, 0.98765177), (0.10258811, 0.13968357, 0.98486763), (0.21593288, -0.055874735, 0.9748082), (0.10258811, 0.13968357, 0.98486763), (0.2715789, -0.11051783, 0.95604956), (0.33241898, -0.23611216, 0.91309845), (0.2715789, -0.11051783, 0.95604956), (0.35555714, -0.317188, 0.87918764), (0.44494534, -0.3457769, 0.8261125), (0.35555714, -0.317188, 0.87918764), (0.43452403, -0.4056906, 0.8041169), (0.4845676, -0.25973314, 0.8353041), (0.51531714, -0.36142448, 0.77705896), (0.5668729, -0.29218572, 0.7702484), (0.34581652, 0.4484998, 0.8241716), (0.22686985, 0.40902716, 0.8838704), (0.2997091, 0.36649683, 0.880826), (0.37937224, 0.3156189, 0.86974794), (0.4538938, 0.35033518, 0.8192958), (0.40661925, 0.38693213, 0.8276137), (0.12211261, 0.4380214, 0.89063215), (0.1763811, 0.61951345, 0.7649136), (0.15214832, 0.39747915, 0.9049095), (0.15214832, 0.39747915, 0.9049095), (0.03626005, 0.27628425, 0.96039176), (0.12211261, 0.4380214, 0.89063215), (0.37937224, 0.3156189, 0.86974794), (0.19596078, 0.22741997, 0.953876), (0.25181723, 0.21327496, 0.94398195), (0.2997091, 0.36649683, 0.880826), (0.097404316, 0.2751612, 0.9564511), (0.19596078, 0.22741997, 0.953876), (0.03626005, 0.27628425, 0.96039176), (0.030038197, 0.2028524, 0.97874856), (0.009704277, 0.1477031, 0.9889841), (0.19596078, 0.22741997, 0.953876), (0.054719526, 0.11960235, 0.9913128), (0.25181723, 0.21327496, 0.94398195), (0.19596078, 0.22741997, 0.953876), (0.004010148, 0.07768539, 0.9969698), (0.04361121, 0.037374076, 0.99834925), (0.009704277, 0.1477031, 0.9889841), (0.015277716, -0.1067257, 0.9941711), (0.021626476, -0.10872424, 0.99383664), (0.054719526, 0.11960235, 0.9913128), (-0.066007555, -0.041128617, 0.9969712), (-0.16281189, 0.022585375, 0.9863986), (0.04361121, 0.037374076, 0.99834925), (-0.014454374, -0.068057016, 0.9975767), (-0.066007555, -0.041128617, 0.9969712), (0.021626476, -0.10872424, 0.99383664), (-0.44261676, -0.035833545, 0.8959946), (-0.31099248, 0.017972618, 0.9502425), (-0.066007555, -0.041128617, 0.9969712), (-0.042812932, -0.1484268, 0.9879963), (-0.16281189, 0.022585375, 0.9863986), (-0.066007555, -0.041128617, 0.9969712), (0.029271768, -0.12914011, 0.9911942), (0.08857004, -0.17095295, 0.9812902), (0.34581652, 0.4484998, 0.8241716), (0.3496726, 0.49799305, 0.7935565), (0.31053817, 0.4599693, 0.8318619), (0.34989628, 0.5017788, 0.79106927), (0.34350985, 0.5260471, 0.7779946), (0.3496726, 0.49799305, 0.7935565), (0.34371755, 0.5291974, 0.77576315), (0.34659246, 0.5364033, 0.76950973), (0.34350985, 0.5260471, 0.7779946), (-0.014454374, -0.068057016, 0.9975767), (-0.31099248, 0.017972618, 0.9502425), (0.029271768, -0.12914011, 0.9911942), (0.009704277, 0.1477031, 0.9889841), (-0.014454374, -0.068057016, 0.9975767), (0.004010148, 0.07768539, 0.9969698), (0.097404316, 0.2751612, 0.9564511), (0.009704277, 0.1477031, 0.9889841), (0.004010148, 0.07768539, 0.9969698), (0.12211261, 0.4380214, 0.89063215), (0.097404316, 0.2751612, 0.9564511), (0.22686985, 0.40902716, 0.8838704), (0.22686985, 0.40902716, 0.8838704), (0.15039273, 0.5236511, 0.83855325), (0.12211261, 0.4380214, 0.89063215), (-0.16281189, 0.022585375, 0.9863986), (-0.044883564, -0.2415962, 0.9693383), (-0.15539183, 0.035771977, 0.987205), (0.054719526, 0.11960235, 0.9913128), (-0.15539183, 0.035771977, 0.987205), (0.11741303, 0.16803895, 0.9787631), (0.25181723, 0.21327496, 0.94398195), (0.11741303, 0.16803895, 0.9787631), (0.33644658, 0.22712013, 0.91390383), (0.37937224, 0.3156189, 0.86974794), (0.33644658, 0.22712013, 0.91390383), (0.43783513, 0.29846573, 0.8480676), (0.2997091, 0.36649683, 0.880826), (0.40661925, 0.38693213, 0.8276137), (0.34581652, 0.4484998, 0.8241716), (-0.97268116, -0.19713436, 0.12259448), (-0.65866905, 0.7449875, 0.10558819), (-0.9494694, -0.29827708, 0.097665824), (-0.2997512, -0.95399, 0.007233515), (-0.97268116, -0.19713436, 0.12259448), (-0.9494694, -0.29827708, 0.097665824), (0.6700693, -0.7214053, -0.17487545), (-0.2997512, -0.95399, 0.007233515), (0.68184817, -0.72629344, -0.0870681), (0.9636941, 0.24850775, -0.0976605), (0.68184817, -0.72629344, -0.0870681), (0.9688641, 0.23300512, -0.08373213), (0.29041067, 0.9537111, 0.07808121), (0.9688641, 0.23300512, -0.08373213), (0.3858828, 0.92254746, 0.0007950988), (-0.65866905, 0.7449875, 0.10558819), (0.29041067, 0.9537111, 0.07808121), (0.3858828, 0.92254746, 0.0007950988), (-0.97268116, -0.19713436, 0.12259448), (-0.63201517, 0.6898267, 0.35312313), (-0.6545496, 0.73289496, 0.1855528), (-0.32231173, -0.9446093, -0.061874565), (-0.95645595, -0.21453603, 0.19790488), (-0.97268116, -0.19713436, 0.12259448), (0.6700693, -0.7214053, -0.17487545), (-0.3461659, -0.9251252, -0.15592477), (-0.32231173, -0.9446093, -0.061874565), (0.95097184, 0.26015475, -0.1672487), (0.6700693, -0.7214053, -0.17487545), (0.9636941, 0.24850775, -0.0976605), (0.2948041, 0.93640035, 0.19038089), (0.9636941, 0.24850775, -0.0976605), (0.29041067, 0.9537111, 0.07808121), (-0.63201517, 0.6898267, 0.35312313), (0.29041067, 0.9537111, 0.07808121), (-0.6545496, 0.73289496, 0.1855528), (-0.95645595, -0.21453603, 0.19790488), (-0.5779791, 0.6788799, 0.45283794), (-0.63201517, 0.6898267, 0.35312313), (-0.3461659, -0.9251252, -0.15592477), (-0.92849535, -0.28915957, 0.23298745), (-0.95645595, -0.21453603, 0.19790488), (0.62568074, -0.6946067, -0.35502824), (-0.27089295, -0.9355454, -0.22665326), (-0.3461659, -0.9251252, -0.15592477), (0.9460677, 0.20929986, -0.24728438), (0.62568074, -0.6946067, -0.35502824), (0.95097184, 0.26015475, -0.1672487), (0.39174268, 0.8998486, 0.19185968), (0.95097184, 0.26015475, -0.1672487), (0.2948041, 0.93640035, 0.19038089), (-0.5779791, 0.6788799, 0.45283794), (0.2948041, 0.93640035, 0.19038089), (-0.63201517, 0.6898267, 0.35312313), (0.4330403, -0.6128451, 0.66098183), (0.45542672, -0.4871115, 0.74519056), (0.38523158, -0.5420713, 0.7468302), (0.30704004, -0.5969957, 0.74116296), (0.30005643, -0.67771965, 0.67131376), (0.35538056, -0.64821994, 0.6734356), (0.5282875, -0.38853443, 0.7549526), (0.6563412, -0.53142905, 0.5355365), (0.4701305, -0.41413343, 0.7794041), (0.4701305, -0.41413343, 0.7794041), (0.40732276, -0.24981484, 0.8784536), (0.5282875, -0.38853443, 0.7549526), (0.38523158, -0.5420713, 0.7468302), (0.27428892, -0.4364386, 0.85690546), (0.30704004, -0.5969957, 0.74116296), (0.38523158, -0.5420713, 0.7468302), (0.38824815, -0.31120345, 0.86741894), (0.30400085, -0.38894048, 0.8696602), (0.40732276, -0.24981484, 0.8784536), (0.3478172, -0.22829977, 0.90934175), (0.3039139, -0.18073937, 0.9353981), (0.30400085, -0.38894048, 0.8696602), (0.26423728, -0.23003447, 0.9366231), (0.27428892, -0.4364386, 0.85690546), (0.30400085, -0.38894048, 0.8696602), (0.23859812, -0.14179568, 0.96071064), (0.21158233, -0.1704515, 0.9623821), (0.3039139, -0.18073937, 0.9353981), (0.06825613, -0.09143525, 0.99346894), (0.05470533, -0.09119113, 0.9943297), (0.21158233, -0.1704515, 0.9623821), (0.22766344, 0.04882453, 0.97251505), (0.26423728, -0.23003447, 0.9366231), (0.21158233, -0.1704515, 0.9623821), (0.108008236, -0.0691708, 0.99174064), (0.1602561, 0.0013915224, 0.9870745), (0.05470533, -0.09119113, 0.9943297), (0.28156495, 0.33276466, 0.8999937), (0.30391428, 0.19501188, 0.9325269), (0.1602561, 0.0013915224, 0.9870745), (0.04114088, -0.01559907, 0.99903154), (0.22766344, 0.04882453, 0.97251505), (0.1602561, 0.0013915224, 0.9870745), (0.04280714, -0.08813021, 0.99518865), (-0.028416738, -0.13289748, 0.9907223), (0.4330403, -0.6128451, 0.66098183), (0.47013563, -0.6295893, 0.61853844), (0.45957825, -0.5842556, 0.6689045), (0.47316822, -0.63017184, 0.6156259), (0.49555802, -0.627774, 0.6002683), (0.47013563, -0.6295893, 0.61853844), (0.49800068, -0.6280599, 0.5979432), (0.5024777, -0.630465, 0.5916334), (0.49555802, -0.627774, 0.6002683), (0.108008236, -0.0691708, 0.99174064), (0.30391428, 0.19501188, 0.9325269), (0.04280714, -0.08813021, 0.99518865), (0.3039139, -0.18073937, 0.9353981), (0.108008236, -0.0691708, 0.99174064), (0.23859812, -0.14179568, 0.96071064), (0.38824815, -0.31120345, 0.86741894), (0.3039139, -0.18073937, 0.9353981), (0.23859812, -0.14179568, 0.96071064), (0.5282875, -0.38853443, 0.7549526), (0.38824815, -0.31120345, 0.86741894), (0.45542672, -0.4871115, 0.74519056), (0.45542672, -0.4871115, 0.74519056), (0.58932596, -0.449029, 0.67161584), (0.5282875, -0.38853443, 0.7549526), (0.22766344, 0.04882453, 0.97251505), (-0.048381783, 0.0244866, 0.99852866), (0.27372015, 0.012473906, 0.9617285), (0.26423728, -0.23003447, 0.9366231), (0.27372015, 0.012473906, 0.9617285), (0.29518452, -0.30046487, 0.9069658), (0.27428892, -0.4364386, 0.85690546), (0.29518452, -0.30046487, 0.9069658), (0.2507973, -0.5326057, 0.8083514), (0.30704004, -0.5969957, 0.74116296), (0.2507973, -0.5326057, 0.8083514), (0.26431078, -0.64696634, 0.7152443), (0.38523158, -0.5420713, 0.7468302), (0.35538056, -0.64821994, 0.6734356), (0.4330403, -0.6128451, 0.66098183), (0.9904315, -0.09687083, -0.09829254), (0.9949752, -0.07472521, 0.06663682), (0.9888218, -0.14833145, -0.015141281), (0.9700602, -0.23263799, -0.06973317), (0.9637215, -0.21051879, -0.16408136), (0.9774753, -0.16461763, -0.13207181), (0.9884227, -0.05099688, 0.14289773), (0.9902222, 0.13818875, -0.019073265), (0.99442524, -0.059676934, 0.086931095), (0.99442524, -0.059676934, 0.086931095), (0.955881, -0.12084515, 0.26774606), (0.9884227, -0.05099688, 0.14289773), (0.9700602, -0.23263799, -0.06973317), (0.96012586, -0.23298357, 0.15452197), (0.953011, -0.284378, 0.10439907), (0.9888218, -0.14833145, -0.015141281), (0.96496594, -0.12233366, 0.23211046), (0.96012586, -0.23298357, 0.15452197), (0.955881, -0.12084515, 0.26774606), (0.9385701, -0.17612837, 0.2967574), (0.9113684, -0.20101328, 0.35916752), (0.953011, -0.284378, 0.10439907), (0.86665845, -0.32380414, 0.37954438), (0.906644, -0.26481658, 0.32843384), (0.96012586, -0.23298357, 0.15452197), (0.8801721, -0.27515662, 0.38676357), (0.86665845, -0.32380414, 0.37954438), (0.9113684, -0.20101328, 0.35916752), (0.79509354, -0.4459724, 0.41101688), (0.7686755, -0.45398057, 0.45059922), (0.906644, -0.26481658, 0.32843384), (0.7962101, -0.3303117, 0.50689614), (0.78383887, -0.22084117, 0.5803669), (0.86665845, -0.32380414, 0.37954438), (0.78286856, -0.41933244, 0.45964885), (0.7962101, -0.3303117, 0.50689614), (0.7686755, -0.45398057, 0.45059922), (0.55228215, -0.089225225, 0.8288687), (0.69559294, -0.13638848, 0.70537126), (0.7962101, -0.3303117, 0.50689614), (0.7380789, -0.45061368, 0.502182), (0.78383887, -0.22084117, 0.5803669), (0.7962101, -0.3303117, 0.50689614), (0.7827097, -0.49080142, 0.38272637), (0.7734974, -0.5195477, 0.3630039), (0.9904315, -0.09687083, -0.09829254), (0.99085754, -0.057213828, -0.12218027), (0.99524105, -0.06955721, -0.068242185), (0.99101007, -0.055559337, -0.121705264), (0.9921038, -0.030250784, -0.121717006), (0.99085754, -0.057213828, -0.12218027), (0.99220014, -0.028752454, -0.12129336), (0.991945, -0.02229334, -0.12469211), (0.9921038, -0.030250784, -0.121717006), (0.78286856, -0.41933244, 0.45964885), (0.69559294, -0.13638848, 0.70537126), (0.7827097, -0.49080142, 0.38272637), (0.8801721, -0.27515662, 0.38676357), (0.7686755, -0.45398057, 0.45059922), (0.78286856, -0.41933244, 0.45964885), (0.96496594, -0.12233366, 0.23211046), (0.9113684, -0.20101328, 0.35916752), (0.8801721, -0.27515662, 0.38676357), (0.9949752, -0.07472521, 0.06663682), (0.955881, -0.12084515, 0.26774606), (0.96496594, -0.12233366, 0.23211046), (0.9949752, -0.07472521, 0.06663682), (0.99448764, 0.07466686, 0.07361515), (0.9884227, -0.05099688, 0.14289773), (0.78383887, -0.22084117, 0.5803669), (0.66437286, -0.50973374, 0.546608), (0.7825175, -0.17692548, 0.59696203), (0.9417136, -0.16920277, 0.29076803), (0.78383887, -0.22084117, 0.5803669), (0.7825175, -0.17692548, 0.59696203), (0.9711471, -0.23167042, 0.056586973), (0.906644, -0.26481658, 0.32843384), (0.9417136, -0.16920277, 0.29076803), (0.96438515, -0.24558502, -0.098230496), (0.953011, -0.284378, 0.10439907), (0.9711471, -0.23167042, 0.056586973), (0.9888218, -0.14833145, -0.015141281), (0.9774753, -0.16461763, -0.13207181), (0.9904315, -0.09687083, -0.09829254), (0.12575108, 0.24127524, 0.9622748), (0.11466985, 0.11363684, 0.9868827), (0.18203406, 0.15503521, 0.9709931), (0.2569713, 0.20285204, 0.9448898), (0.25175047, 0.29089347, 0.92304), (0.20474438, 0.26437673, 0.94243556), (0.04505574, 0.043228716, 0.9980488), (-0.09764133, 0.16919798, 0.9807335), (0.08998794, 0.040561285, 0.9951166), (0.08998794, 0.040561285, 0.9951166), (0.13670294, -0.11139251, 0.9843293), (0.04505574, 0.043228716, 0.9980488), (0.2569713, 0.20285204, 0.9448898), (0.2556509, -0.0025543228, 0.9667658), (0.29327255, 0.040059038, 0.9551892), (0.18203406, 0.15503521, 0.9709931), (0.17044866, -0.06370233, 0.9833053), (0.2556509, -0.0025543228, 0.9667658), (0.13670294, -0.11139251, 0.9843293), (0.19714768, -0.15979198, 0.9672638), (0.2315426, -0.19917192, 0.9522177), (0.2556509, -0.0025543228, 0.9667658), (0.27935353, -0.17170267, 0.9447115), (0.29327255, 0.040059038, 0.9551892), (0.2556509, -0.0025543228, 0.9667658), (0.28386155, -0.23409046, 0.9298518), (0.33598867, -0.21930292, 0.9159792), (0.2315426, -0.19917192, 0.9522177), (0.44233254, -0.3125138, 0.84064084), (0.43776616, -0.3027537, 0.84658194), (0.27935353, -0.17170267, 0.9447115), (0.33806717, -0.34472433, 0.8757144), (0.23666944, -0.39453846, 0.8878778), (0.33598867, -0.21930292, 0.9159792), (0.3863759, -0.3135559, 0.86740786), (0.33806717, -0.34472433, 0.8757144), (0.43776616, -0.3027537, 0.84658194), (0.103145316, -0.6334978, 0.7668387), (0.15247405, -0.50756156, 0.84801704), (0.33806717, -0.34472433, 0.8757144), (0.42804855, -0.37325367, 0.82307726), (0.23666944, -0.39453846, 0.8878778), (0.33806717, -0.34472433, 0.8757144), (0.45586398, -0.30366826, 0.83664423), (0.51820374, -0.2683886, 0.8120544), (0.12575108, 0.24127524, 0.9622748), (0.07949299, 0.2748218, 0.95820343), (0.10264706, 0.21522817, 0.9711542), (0.07580038, 0.27788538, 0.95761895), (0.050284814, 0.28868133, 0.9561038), (0.07949299, 0.2748218, 0.95820343), (0.047288846, 0.2912521, 0.9554769), (0.041651763, 0.29964566, 0.95314085), (0.050284814, 0.28868133, 0.9561038), (0.3863759, -0.3135559, 0.86740786), (0.15247405, -0.50756156, 0.84801704), (0.45586398, -0.30366826, 0.83664423), (0.2315426, -0.19917192, 0.9522177), (0.3863759, -0.3135559, 0.86740786), (0.28386155, -0.23409046, 0.9298518), (0.17044866, -0.06370233, 0.9833053), (0.2315426, -0.19917192, 0.9522177), (0.28386155, -0.23409046, 0.9298518), (0.04505574, 0.043228716, 0.9980488), (0.17044866, -0.06370233, 0.9833053), (0.11466985, 0.11363684, 0.9868827), (0.11466985, 0.11363684, 0.9868827), (-0.021040322, 0.11207454, 0.993477), (0.04505574, 0.043228716, 0.9980488), (0.23666944, -0.39453846, 0.8878778), (0.49750245, -0.413448, 0.76259565), (0.23097327, -0.38879222, 0.8919036), (0.27935353, -0.17170267, 0.9447115), (0.23097327, -0.38879222, 0.8919036), (0.2714845, -0.10386869, 0.95682156), (0.29327255, 0.040059038, 0.9551892), (0.2714845, -0.10386869, 0.95682156), (0.31721228, 0.11582627, 0.9412548), (0.2569713, 0.20285204, 0.9448898), (0.31721228, 0.11582627, 0.9412548), (0.29219157, 0.24895982, 0.92338675), (0.18203406, 0.15503521, 0.9709931), (0.20474438, 0.26437673, 0.94243556), (0.12575108, 0.24127524, 0.9622748), (-0.3572209, 0.036351483, 0.9333123), (-0.2590732, 0.04370308, 0.9648685), (-0.3550455, 0.07494569, 0.93184006), (-0.2334858, 0.13083827, 0.9635174), (-0.28736722, 0.19738823, 0.93726087), (-0.3061379, 0.14631313, 0.94067633), (-0.2938659, -0.13238972, 0.94663393), (-0.4659735, -0.13859963, 0.8738758), (-0.24393539, -0.111492395, 0.9633613), (-0.24393539, -0.111492395, 0.9633613), (-0.118114404, -0.18242878, 0.9760987), (-0.2938659, -0.13238972, 0.94663393), (-0.2590732, 0.04370308, 0.9648685), (-0.10660602, 0.035426248, 0.99367005), (-0.2334858, 0.13083827, 0.9635174), (-0.2840826, -0.03466254, 0.95817304), (-0.10674461, -0.02260031, 0.99402964), (-0.2590732, 0.04370308, 0.9648685), (-0.118114404, -0.18242878, 0.9760987), (-0.032602847, -0.18052606, 0.9830297), (0.011941037, -0.17924555, 0.9837319), (-0.10674461, -0.02260031, 0.99402964), (0.025056163, -0.11985271, 0.99247545), (-0.10660602, 0.035426248, 0.99367005), (-0.1280671, -0.124539986, 0.9839149), (0.09786536, -0.11332055, 0.98872685), (-0.10674461, -0.02260031, 0.99402964), (0.011941037, -0.17924555, 0.9837319), (0.24856767, -0.11149821, 0.9621758), (0.23934259, -0.10495918, 0.96524537), (0.025056163, -0.11985271, 0.99247545), (0.19603634, -0.19612187, 0.960784), (0.15784656, -0.29684985, 0.94178796), (0.09786536, -0.11332055, 0.98872685), (0.20889643, -0.14183992, 0.9675969), (0.19603634, -0.19612187, 0.960784), (0.23934259, -0.10495918, 0.96524537), (0.2564664, -0.54532856, 0.79802364), (0.19192022, -0.4252145, 0.8845108), (0.19603634, -0.19612187, 0.960784), (0.28765967, -0.15373826, 0.9453129), (0.15784656, -0.29684985, 0.94178796), (0.19603634, -0.19612187, 0.960784), (0.2609268, -0.09898664, 0.96027017), (0.28567404, -0.030298132, 0.9578477), (-0.3550455, 0.07494569, 0.93184006), (-0.40748113, 0.06728484, 0.91073155), (-0.3572209, 0.036351483, 0.9333123), (-0.41417664, 0.067563064, 0.9076856), (-0.4390513, 0.061276633, 0.89636993), (-0.40748113, 0.06728484, 0.91073155), (-0.44481075, 0.061905656, 0.89348257), (-0.45336276, 0.06714282, 0.8887936), (-0.4390513, 0.061276633, 0.89636993), (0.20889643, -0.14183992, 0.9675969), (0.19192022, -0.4252145, 0.8845108), (0.2609268, -0.09898664, 0.96027017), (0.011941037, -0.17924555, 0.9837319), (0.20889643, -0.14183992, 0.9675969), (0.068334244, -0.16081455, 0.9846162), (-0.1280671, -0.124539986, 0.9839149), (0.011941037, -0.17924555, 0.9837319), (0.068334244, -0.16081455, 0.9846162), (-0.2938659, -0.13238972, 0.94663393), (-0.1280671, -0.124539986, 0.9839149), (-0.2840826, -0.03466254, 0.95817304), (-0.2840826, -0.03466254, 0.95817304), (-0.37830216, -0.11630253, 0.91834706), (-0.2938659, -0.13238972, 0.94663393), (0.15784656, -0.29684985, 0.94178796), (0.36779878, -0.12328332, 0.92169696), (0.15217017, -0.3010634, 0.9413847), (0.025056163, -0.11985271, 0.99247545), (0.15217017, -0.3010634, 0.9413847), (-0.026998296, -0.08113448, 0.9963374), (-0.10660602, 0.035426248, 0.99367005), (-0.026998296, -0.08113448, 0.9963374), (-0.13404307, 0.10820671, 0.98505014), (-0.2334858, 0.13083827, 0.9635174), (-0.13404307, 0.10820671, 0.98505014), (-0.23613955, 0.19158319, 0.9526457), (-0.2590732, 0.04370308, 0.9648685), (-0.3061379, 0.14631313, 0.94067633), (-0.3550455, 0.07494569, 0.93184006), (-0.28212237, -0.8504613, 0.4439848), (-0.2787743, -0.78917366, 0.54725665), (-0.32065156, -0.83676547, 0.44385377), (-0.35766435, -0.7448329, 0.56329405), (-0.42772558, -0.753052, 0.4999636), (-0.38410366, -0.7848761, 0.4862448), (-0.09252032, -0.8583474, 0.504658), (-0.13871874, -0.9531, 0.26899326), (-0.11593879, -0.80159646, 0.5865163), (-0.11593879, -0.80159646, 0.5865163), (-0.025662443, -0.72269547, 0.69069), (-0.09252032, -0.8583474, 0.504658), (-0.2787743, -0.78917366, 0.54725665), (-0.24106206, -0.68485916, 0.6876459), (-0.35766435, -0.7448329, 0.56329405), (-0.20252548, -0.82780945, 0.5231778), (-0.18318473, -0.69355166, 0.6967277), (-0.2787743, -0.78917366, 0.54725665), (-0.025662443, -0.72269547, 0.69069), (-0.01817287, -0.6693676, 0.74270904), (-0.019029869, -0.6318827, 0.77483034), (-0.18318473, -0.69355166, 0.6967277), (-0.070801966, -0.6163837, 0.7842565), (-0.24106206, -0.68485916, 0.6876459), (-0.072585836, -0.73160976, 0.6778484), (-0.037214883, -0.5519203, 0.83306605), (-0.18318473, -0.69355166, 0.6967277), (-0.019029869, -0.6318827, 0.77483034), (-0.016532332, -0.39177197, 0.91991377), (-0.024935383, -0.38593465, 0.9221891), (-0.037214883, -0.5519203, 0.83306605), (0.16648774, -0.47756794, 0.86267644), (-0.070801966, -0.6163837, 0.7842565), (-0.037214883, -0.5519203, 0.83306605), (0.010977256, -0.42523915, 0.90501446), (0.09495134, -0.43949845, 0.8932107), (-0.024935383, -0.38593465, 0.9221891), (0.47082165, -0.37799257, 0.7971504), (0.343055, -0.47466666, 0.8105583), (0.09495134, -0.43949845, 0.8932107), (0.03349, -0.34848002, 0.9367177), (0.16648774, -0.47756794, 0.86267644), (0.09495134, -0.43949845, 0.8932107), (0.0017943368, -0.3910342, 0.9203744), (-0.09645442, -0.3296383, 0.93916726), (-0.32065156, -0.83676547, 0.44385377), (-0.31496337, -0.8636866, 0.3935016), (-0.28212237, -0.8504613, 0.4439848), (-0.31537196, -0.86713046, 0.3855193), (-0.3063576, -0.8796556, 0.36380076), (-0.31496337, -0.8636866, 0.3935016), (-0.3066319, -0.8820868, 0.35763055), (-0.30877057, -0.88427377, 0.35031506), (-0.3063576, -0.8796556, 0.36380076), (0.010977256, -0.42523915, 0.90501446), (0.343055, -0.47466666, 0.8105583), (0.0017943368, -0.3910342, 0.9203744), (-0.019029869, -0.6318827, 0.77483034), (0.010977256, -0.42523915, 0.90501446), (0.00756598, -0.57844895, 0.8156835), (-0.025662443, -0.72269547, 0.69069), (0.00756598, -0.57844895, 0.8156835), (-0.072585836, -0.73160976, 0.6778484), (-0.09252032, -0.8583474, 0.504658), (-0.072585836, -0.73160976, 0.6778484), (-0.20252548, -0.82780945, 0.5231778), (-0.20252548, -0.82780945, 0.5231778), (-0.12991218, -0.90119636, 0.4134826), (-0.09252032, -0.8583474, 0.504658), (0.16648774, -0.47756794, 0.86267644), (0.029239979, -0.2489378, 0.96807796), (0.15522227, -0.53605294, 0.8297911), (-0.070801966, -0.6163837, 0.7842565), (0.15522227, -0.53605294, 0.8297911), (-0.11836456, -0.66294444, 0.7392527), (-0.24106206, -0.68485916, 0.6876459), (-0.11836456, -0.66294444, 0.7392527), (-0.33111542, -0.6875826, 0.6462142), (-0.35766435, -0.7448329, 0.56329405), (-0.33111542, -0.6875826, 0.6462142), (-0.41883567, -0.7256215, 0.5459397), (-0.2787743, -0.78917366, 0.54725665), (-0.38410366, -0.7848761, 0.4862448), (-0.32065156, -0.83676547, 0.44385377), (-0.28939053, 0.15613772, 0.94439083), (-0.18605499, 0.14906178, 0.9711664), (-0.2804522, 0.19498956, 0.9398541), (-0.14587523, 0.23112242, 0.96192664), (-0.19272096, 0.30606547, 0.9322996), (-0.22079258, 0.2573156, 0.9407653), (-0.24681611, -0.024521459, 0.96875197), (-0.42945638, 0.004412112, 0.9030768), (-0.20068738, -0.00583235, 0.9796379), (-0.20068738, -0.00583235, 0.9796379), (-0.07848511, -0.10390422, 0.9914857), (-0.24681611, -0.024521459, 0.96875197), (-0.18605499, 0.14906178, 0.9711664), (-0.029670153, 0.11270061, 0.99318594), (-0.14587523, 0.23112242, 0.96192664), (-0.22370884, 0.07388747, 0.97185135), (-0.039402787, 0.055844292, 0.99766165), (-0.18605499, 0.14906178, 0.9711664), (-0.07848511, -0.10390422, 0.9914857), (0.004152181, -0.11355674, 0.9935228), (0.053188633, -0.12319046, 0.99095666), (-0.039402787, 0.055844292, 0.99766165), (0.0790487, -0.068784356, 0.99449486), (-0.029670153, 0.11270061, 0.99318594), (-0.078463204, -0.043989457, 0.995946), (0.15274602, -0.07494404, 0.98541975), (-0.039402787, 0.055844292, 0.99766165), (0.053188633, -0.12319046, 0.99095666), (0.29897037, -0.097302176, 0.94928867), (0.2938124, -0.08969514, 0.9516455), (0.0790487, -0.068784356, 0.99449486), (0.23583245, -0.1758157, 0.9557572), (0.18090689, -0.2711399, 0.94538665), (0.15274602, -0.07494404, 0.98541975), (0.25786102, -0.12377164, 0.9582214), (0.23583245, -0.1758157, 0.9557572), (0.2938124, -0.08969514, 0.9516455), (0.2306395, -0.53643596, 0.8118139), (0.18949012, -0.40619266, 0.8939245), (0.23583245, -0.1758157, 0.9557572), (0.33441076, -0.14832154, 0.9306826), (0.18090689, -0.2711399, 0.94538665), (0.23583245, -0.1758157, 0.9557572), (0.31721184, -0.081969455, 0.9448056), (0.3508431, -0.02180301, 0.93618035), (-0.2804522, 0.19498956, 0.9398541), (-0.33480224, 0.19723439, 0.92141527), (-0.28939053, 0.15613772, 0.94439083), (-0.34022683, 0.19825102, 0.91920745), (-0.36719465, 0.19361982, 0.90976894), (-0.33480224, 0.19723439, 0.92141527), (-0.37179363, 0.19452257, 0.9077062), (-0.38019574, 0.19960491, 0.9031108), (-0.36719465, 0.19361982, 0.90976894), (0.25786102, -0.12377164, 0.9582214), (0.18949012, -0.40619266, 0.8939245), (0.31721184, -0.081969455, 0.9448056), (0.053188633, -0.12319046, 0.99095666), (0.25786102, -0.12377164, 0.9582214), (0.115815565, -0.11710145, 0.9863438), (-0.078463204, -0.043989457, 0.995946), (0.053188633, -0.12319046, 0.99095666), (0.115815565, -0.11710145, 0.9863438), (-0.24681611, -0.024521459, 0.96875197), (-0.078463204, -0.043989457, 0.995946), (-0.22370884, 0.07388747, 0.97185135), (-0.22370884, 0.07388747, 0.97185135), (-0.3348089, 0.0023177278, 0.94228315), (-0.24681611, -0.024521459, 0.96875197), (0.18090689, -0.2711399, 0.94538665), (0.41843832, -0.13630077, 0.89795965), (0.17434761, -0.27282208, 0.9461348), (0.0790487, -0.068784356, 0.99449486), (0.17434761, -0.27282208, 0.9461348), (0.03326422, -0.018690027, 0.9992718), (-0.029670153, 0.11270061, 0.99318594), (0.03326422, -0.018690027, 0.9992718), (-0.047243763, 0.1910518, 0.98044235), (-0.14587523, 0.23112242, 0.96192664), (-0.047243763, 0.1910518, 0.98044235), (-0.13801846, 0.29151773, 0.94655603), (-0.18605499, 0.14906178, 0.9711664), (-0.22079258, 0.2573156, 0.9407653), (-0.2804522, 0.19498956, 0.9398541), (-0.5373654, -0.48327404, 0.6911473), (-0.48431537, -0.42165694, 0.7665795), (-0.56317127, -0.45206493, 0.69171923), (-0.5277624, -0.34140345, 0.77775985), (-0.6040813, -0.31999716, 0.7298545), (-0.5834291, -0.3704105, 0.72277695), (-0.37408262, -0.5752617, 0.72741747), (-0.48784882, -0.6691939, 0.56052023), (-0.35653147, -0.51701456, 0.77819103), (-0.35653147, -0.51701456, 0.77819103), (-0.22029679, -0.48488882, 0.8463759), (-0.37408262, -0.5752617, 0.72741747), (-0.48431537, -0.42165694, 0.7665795), (-0.37889546, -0.33790782, 0.8615432), (-0.5277624, -0.34140345, 0.77775985), (-0.44352666, -0.49531823, 0.7469564), (-0.33496147, -0.37663937, 0.86368024), (-0.48431537, -0.42165694, 0.7665795), (-0.22029679, -0.48488882, 0.8463759), (-0.17332132, -0.4373, 0.8824559), (-0.1533758, -0.40544915, 0.9011586), (-0.33496147, -0.37663937, 0.86368024), (-0.19074868, -0.3614294, 0.91267943), (-0.37889546, -0.33790782, 0.8615432), (-0.26470867, -0.4667385, 0.84385103), (-0.12954086, -0.3250485, 0.9367832), (-0.33496147, -0.37663937, 0.86368024), (-0.1533758, -0.40544915, 0.9011586), (-0.0144958375, -0.19195175, 0.9812973), (-0.02373321, -0.19026147, 0.9814465), (-0.12954086, -0.3250485, 0.9367832), (0.07747936, -0.3728115, 0.9246667), (-0.19074868, -0.3614294, 0.91267943), (-0.12954086, -0.3250485, 0.9367832), (-0.01790403, -0.24196477, 0.9701199), (0.042767648, -0.30118918, 0.95260483), (-0.02373321, -0.19026147, 0.9814465), (0.35556537, -0.46666813, 0.8098111), (0.20580183, -0.46203718, 0.8626513), (0.042767648, -0.30118918, 0.95260483), (0.046524208, -0.19236664, 0.9802197), (0.07747936, -0.3728115, 0.9246667), (0.042767648, -0.30118918, 0.95260483), (-0.0068356595, -0.19390225, 0.980997), (-0.047634784, -0.10488707, 0.99334264), (-0.56317127, -0.45206493, 0.69171923), (-0.5847437, -0.48474053, 0.6504625), (-0.5373654, -0.48327404, 0.6911473), (-0.5885327, -0.4881767, 0.6444477), (-0.59417576, -0.5062163, 0.62506026), (-0.5847437, -0.48474053, 0.6504625), (-0.5971962, -0.5088418, 0.6200296), (-0.6030274, -0.5103057, 0.61314434), (-0.59417576, -0.5062163, 0.62506026), (-0.01790403, -0.24196477, 0.9701199), (0.20580183, -0.46203718, 0.8626513), (-0.0068356595, -0.19390225, 0.980997), (-0.1533758, -0.40544915, 0.9011586), (-0.01790403, -0.24196477, 0.9701199), (-0.109098285, -0.37155935, 0.9219768), (-0.22029679, -0.48488882, 0.8463759), (-0.109098285, -0.37155935, 0.9219768), (-0.26470867, -0.4667385, 0.84385103), (-0.37408262, -0.5752617, 0.72741747), (-0.26470867, -0.4667385, 0.84385103), (-0.44352666, -0.49531823, 0.7469564), (-0.44352666, -0.49531823, 0.7469564), (-0.43919715, -0.60776097, 0.6616135), (-0.37408262, -0.5752617, 0.72741747), (0.07747936, -0.3728115, 0.9246667), (0.09065954, -0.105830096, 0.99024284), (0.048846845, -0.4098554, 0.91084164), (-0.19074868, -0.3614294, 0.91267943), (0.048846845, -0.4098554, 0.91084164), (-0.2496328, -0.37908307, 0.89105535), (-0.37889546, -0.33790782, 0.8615432), (-0.2496328, -0.37908307, 0.89105535), (-0.455477, -0.29958305, 0.83832616), (-0.5277624, -0.34140345, 0.77775985), (-0.455477, -0.29958305, 0.83832616), (-0.57177514, -0.2956855, 0.7652733), (-0.48431537, -0.42165694, 0.7665795), (-0.5834291, -0.3704105, 0.72277695), (-0.56317127, -0.45206493, 0.69171923), (0.2572208, -0.46104175, 0.8492809), (0.27252153, -0.32807148, 0.9044894), (0.20148396, -0.3775471, 0.90380436), (0.120352, -0.4290097, 0.8952464), (0.119798, -0.51761997, 0.84718245), (0.17503932, -0.48992687, 0.85400987), (0.34660304, -0.23985296, 0.9068279), (0.49520534, -0.39980245, 0.7713168), (0.29277524, -0.2554984, 0.92141366), (0.29277524, -0.2554984, 0.92141366), (0.22747207, -0.08328428, 0.9702166), (0.34660304, -0.23985296, 0.9068279), (0.120352, -0.4290097, 0.8952464), (0.11606351, -0.21151707, 0.97045857), (0.080773935, -0.25730625, 0.9629481), (0.20148396, -0.3775471, 0.90380436), (0.20266312, -0.14126411, 0.9690057), (0.11606351, -0.21151707, 0.97045857), (0.22747207, -0.08328428, 0.9702166), (0.16405326, -0.048946083, 0.9852364), (0.121744715, -0.0025797456, 0.99255806), (0.11606351, -0.21151707, 0.97045857), (0.079409696, -0.029199062, 0.9964143), (0.080773935, -0.25730625, 0.9629481), (0.11606351, -0.21151707, 0.97045857), (0.059653703, 0.034937486, 0.9976075), (0.006039057, 0.01629488, 0.99984896), (0.121744715, -0.0025797456, 0.99255806), (-0.10715986, 0.09963155, 0.98923725), (-0.117125496, 0.097521216, 0.98831743), (0.079409696, -0.029199062, 0.9964143), (-0.019207481, 0.15023947, 0.98846304), (0.08164153, 0.20990609, 0.974307), (0.006039057, 0.01629488, 0.99984896), (-0.06591896, 0.114638306, 0.99121785), (-0.019207481, 0.15023947, 0.98846304), (-0.117125496, 0.097521216, 0.98831743), (0.1458747, 0.47814566, 0.86608166), (0.14151122, 0.34690318, 0.9271639), (-0.019207481, 0.15023947, 0.98846304), (-0.12756473, 0.17257424, 0.97670126), (0.08164153, 0.20990609, 0.974307), (-0.019207481, 0.15023947, 0.98846304), (-0.13920008, 0.10004119, 0.98519796), (-0.2021449, 0.063557886, 0.97729105), (0.2572208, -0.46104175, 0.8492809), (0.30031696, -0.4874419, 0.81988424), (0.28353295, -0.43301448, 0.8556329), (0.30364835, -0.48906195, 0.81768954), (0.32854047, -0.493389, 0.80537474), (0.30031696, -0.4874419, 0.81988424), (0.33135724, -0.49476376, 0.8033749), (0.33702132, -0.50003177, 0.79773736), (0.32854047, -0.493389, 0.80537474), (-0.06591896, 0.114638306, 0.99121785), (0.14151122, 0.34690318, 0.9271639), (-0.13920008, 0.10004119, 0.98519796), (0.121744715, -0.0025797456, 0.99255806), (-0.06591896, 0.114638306, 0.99121785), (0.059653703, 0.034937486, 0.9976075), (0.20266312, -0.14126411, 0.9690057), (0.121744715, -0.0025797456, 0.99255806), (0.059653703, 0.034937486, 0.9976075), (0.34660304, -0.23985296, 0.9068279), (0.20266312, -0.14126411, 0.9690057), (0.27252153, -0.32807148, 0.9044894), (0.27252153, -0.32807148, 0.9044894), (0.41421676, -0.31012166, 0.8557155), (0.34660304, -0.23985296, 0.9068279), (0.08164153, 0.20990609, 0.974307), (-0.20933616, 0.21054196, 0.95490867), (0.09242076, 0.19144928, 0.97714156), (0.079409696, -0.029199062, 0.9964143), (0.09242076, 0.19144928, 0.97714156), (0.098907776, -0.11476074, 0.988457), (0.080773935, -0.25730625, 0.9629481), (0.098907776, -0.11476074, 0.988457), (0.05826112, -0.34922728, 0.9352251), (0.120352, -0.4290097, 0.8952464), (0.05826112, -0.34922728, 0.9352251), (0.07927474, -0.4776287, 0.8749779), (0.20148396, -0.3775471, 0.90380436), (0.17503932, -0.48992687, 0.85400987), (0.2572208, -0.46104175, 0.8492809), (0.79481333, 0.048875015, 0.6048826), (0.699065, 0.074140824, 0.71120405), (0.73173976, -0.001313098, 0.68158287), (0.75888455, -0.08796023, 0.64525753), (0.8198916, -0.09146835, 0.5651649), (0.8072885, -0.033365436, 0.5892131), (0.6326483, 0.15074688, 0.75962585), (0.74878407, 0.28684637, 0.59752953), (0.66023177, 0.110287525, 0.7429203), (0.66023177, 0.110287525, 0.7429203), (0.49900082, 0.061887953, 0.8643889), (0.6326483, 0.15074688, 0.75962585), (0.75888455, -0.08796023, 0.64525753), (0.5895323, -0.07400049, 0.804348), (0.6166028, -0.11006126, 0.7795431), (0.73173976, -0.001313098, 0.68158287), (0.5422894, 0.026849657, 0.8397627), (0.5895323, -0.07400049, 0.804348), (0.49900082, 0.061887953, 0.8643889), (0.4674147, 0.0020532226, 0.8840358), (0.41549692, -0.021779912, 0.9093338), (0.6166028, -0.11006126, 0.7795431), (0.3761785, -0.14823136, 0.9146131), (0.4173136, -0.09049794, 0.90424526), (0.5895323, -0.07400049, 0.804348), (0.37889418, -0.09553218, 0.920496), (0.3761785, -0.14823136, 0.9146131), (0.41549692, -0.021779912, 0.9093338), (0.27614695, -0.25550482, 0.92653126), (0.2481662, -0.25800073, 0.9337287), (0.4173136, -0.09049794, 0.90424526), (0.24017362, -0.14964071, 0.95912683), (0.20882694, -0.05239426, 0.9765481), (0.3761785, -0.14823136, 0.9146131), (0.25515294, -0.23033594, 0.9390646), (0.24017362, -0.14964071, 0.95912683), (0.2481662, -0.25800073, 0.9337287), (-0.07188634, 0.06745394, 0.99512935), (0.07221612, 0.03556714, 0.9967547), (0.24017362, -0.14964071, 0.95912683), (0.19399023, -0.25565132, 0.94710624), (0.20882694, -0.05239426, 0.9765481), (0.24017362, -0.14964071, 0.95912683), (0.2786139, -0.30032888, 0.9122372), (0.29010564, -0.3487451, 0.8911877), (0.79481333, 0.048875015, 0.6048826), (0.8156502, 0.09111804, 0.571325), (0.7769398, 0.07985541, 0.6244897), (0.81567985, 0.093232885, 0.57094127), (0.8190115, 0.1204932, 0.56098264), (0.8156502, 0.09111804, 0.571325), (0.8190942, 0.12245739, 0.56043625), (0.82256675, 0.12922981, 0.5537902), (0.8190115, 0.1204932, 0.56098264), (0.25515294, -0.23033594, 0.9390646), (0.07221612, 0.03556714, 0.9967547), (0.2786139, -0.30032888, 0.9122372), (0.37889418, -0.09553218, 0.920496), (0.2481662, -0.25800073, 0.9337287), (0.25515294, -0.23033594, 0.9390646), (0.5422894, 0.026849657, 0.8397627), (0.41549692, -0.021779912, 0.9093338), (0.37889418, -0.09553218, 0.920496), (0.6326483, 0.15074688, 0.75962585), (0.5422894, 0.026849657, 0.8397627), (0.699065, 0.074140824, 0.71120405), (0.699065, 0.074140824, 0.71120405), (0.68341523, 0.22581123, 0.69422835), (0.6326483, 0.15074688, 0.75962585), (0.20882694, -0.05239426, 0.9765481), (0.12741171, -0.32621378, 0.93667006), (0.22655341, -0.012428858, 0.9739194), (0.47541943, -0.06691198, 0.877211), (0.20882694, -0.05239426, 0.9765481), (0.22655341, -0.012428858, 0.9739194), (0.6166028, -0.11006126, 0.7795431), (0.47541943, -0.06691198, 0.877211), (0.6852421, -0.14162359, 0.71441305), (0.75888455, -0.08796023, 0.64525753), (0.6852421, -0.14162359, 0.71441305), (0.7838607, -0.1333659, 0.6064453), (0.73173976, -0.001313098, 0.68158287), (0.8072885, -0.033365436, 0.5892131), (0.79481333, 0.048875015, 0.6048826), (0.13220496, 0.3696458, 0.9197194), (0.08675733, 0.25221518, 0.9637742), (0.16410346, 0.27298087, 0.9479196), (0.25164106, 0.2943176, 0.9219837), (0.27073902, 0.37767616, 0.88547224), (0.21534815, 0.36774638, 0.9046478), (-0.0006342617, 0.20231186, 0.97932094), (-0.10426558, 0.36433902, 0.9254111), (0.040577516, 0.1970291, 0.9795576), (0.040577516, 0.1970291, 0.9795576), (0.04841185, 0.028202366, 0.9984293), (-0.0006342617, 0.20231186, 0.97932094), (0.25164106, 0.2943176, 0.9219837), (0.19435489, 0.09984736, 0.9758364), (0.24312934, 0.12725925, 0.9616097), (0.16410346, 0.27298087, 0.9479196), (0.09445006, 0.065605044, 0.9933656), (0.19435489, 0.09984736, 0.9758364), (0.04841185, 0.028202366, 0.9984293), (0.09523729, -0.034490954, 0.99485683), (0.118934914, -0.08498701, 0.9892582), (0.19435489, 0.09984736, 0.9758364), (0.183755, -0.08406686, 0.9793706), (0.24312934, 0.12725925, 0.9616097), (0.19435489, 0.09984736, 0.9758364), (0.16181734, -0.13435276, 0.97763205), (0.21610877, -0.1354207, 0.96693236), (0.118934914, -0.08498701, 0.9892582), (0.29376125, -0.25922868, 0.920057), (0.29437762, -0.25049454, 0.9222767), (0.183755, -0.08406686, 0.9793706), (0.1883466, -0.26369926, 0.9460382), (0.092143, -0.27387905, 0.95734), (0.21610877, -0.1354207, 0.96693236), (0.24243693, -0.24666245, 0.9382867), (0.1883466, -0.26369926, 0.9460382), (0.29437762, -0.25049454, 0.9222767), (-0.09822882, -0.49287534, 0.8645375), (-0.022166869, -0.37711263, 0.9259021), (0.1883466, -0.26369926, 0.9460382), (0.26990485, -0.32192796, 0.9074766), (0.092143, -0.27387905, 0.95734), (0.1883466, -0.26369926, 0.9460382), (0.32217395, -0.25827876, 0.91076666), (0.38198268, -0.24689959, 0.8905784), (0.13220496, 0.3696458, 0.9197194), (0.09639969, 0.41386014, 0.905222), (0.10144174, 0.35218233, 0.9304178), (0.093923144, 0.41686478, 0.904103), (0.07093767, 0.43348902, 0.89836246), (0.09639969, 0.41386014, 0.905222), (0.068876594, 0.43603197, 0.89729154), (0.06493747, 0.44512936, 0.8931086), (0.07093767, 0.43348902, 0.89836246), (0.24243693, -0.24666245, 0.9382867), (-0.022166869, -0.37711263, 0.9259021), (0.32217395, -0.25827876, 0.91076666), (0.118934914, -0.08498701, 0.9892582), (0.24243693, -0.24666245, 0.9382867), (0.16181734, -0.13435276, 0.97763205), (0.09445006, 0.065605044, 0.9933656), (0.118934914, -0.08498701, 0.9892582), (0.16181734, -0.13435276, 0.97763205), (-0.0006342617, 0.20231186, 0.97932094), (0.09445006, 0.065605044, 0.9933656), (0.08675733, 0.25221518, 0.9637742), (0.08675733, 0.25221518, 0.9637742), (-0.04867425, 0.28458235, 0.9574151), (-0.0006342617, 0.20231186, 0.97932094), (0.092143, -0.27387905, 0.95734), (0.32728103, -0.38386595, 0.8634431), (0.059864033, -0.2562589, 0.9647527), (0.17140476, -0.023831844, 0.98491246), (0.092143, -0.27387905, 0.95734), (0.059864033, -0.2562589, 0.9647527), (0.24312934, 0.12725925, 0.9616097), (0.17140476, -0.023831844, 0.98491246), (0.28688854, 0.19190219, 0.93854594), (0.25164106, 0.2943176, 0.9219837), (0.28688854, 0.19190219, 0.93854594), (0.2999539, 0.32413328, 0.89719856), (0.16410346, 0.27298087, 0.9479196), (0.21534815, 0.36774638, 0.9046478), (0.13220496, 0.3696458, 0.9197194), (0.08837045, 0.98851466, 0.122594535), (0.9018596, 0.4189278, 0.105588324), (-0.015193819, 0.9951033, 0.09766585), (-0.8289318, 0.55930287, 0.0072334986), (0.08837045, 0.98851466, 0.122594535), (-0.015193819, 0.9951033, 0.09766585), (-0.8825081, -0.43657538, -0.17487514), (-0.8289318, 0.55930287, 0.0072334986), (-0.8905517, -0.44647157, -0.08706811), (-0.036566447, -0.9945478, -0.09766051), (-0.8905517, -0.44647157, -0.08706811), (-0.052900832, -0.99508315, -0.08373222), (0.8313274, -0.550271, 0.07808123), (-0.052900832, -0.99508315, -0.08373222), (0.77423763, -0.63289446, 0.0007952225), (0.9018596, 0.4189278, 0.105588324), (0.8313274, -0.550271, 0.07808123), (0.77423763, -0.63289446, 0.0007952225), (0.08837045, 0.98851466, 0.122594535), (0.8413894, 0.4091058, 0.3531236), (0.8890957, 0.41842425, 0.18555273), (-0.8135073, 0.5782538, -0.061874297), (0.06706401, 0.9779242, 0.19790557), (0.08837045, 0.98851466, 0.122594535), (-0.8825081, -0.43657538, -0.17487514), (-0.78803325, 0.5955597, -0.15592389), (-0.8135073, 0.5782538, -0.061874297), (-0.021771803, -0.9856744, -0.16724841), (-0.8825081, -0.43657538, -0.17487514), (-0.036566447, -0.9945478, -0.09766051), (0.8134844, -0.5495433, 0.19038197), (-0.036566447, -0.9945478, -0.09766051), (0.8313274, -0.550271, 0.07808123), (0.8413894, 0.4091058, 0.3531236), (0.8313274, -0.550271, 0.07808123), (0.8890957, 0.41842425, 0.18555273), (0.06706401, 0.9779242, 0.19790557), (0.8154922, 0.3604319, 0.4528369), (0.8413894, 0.4091058, 0.3531236), (-0.78803325, 0.5955597, -0.15592389), (-0.012436851, 0.97240114, 0.23298386), (0.06706401, 0.9779242, 0.19790557), (-0.844165, -0.40167245, -0.35502762), (-0.8194798, 0.52638394, -0.22665578), (-0.78803325, 0.5955597, -0.15592389), (-0.06913065, -0.9664732, -0.24728628), (-0.844165, -0.40167245, -0.35502762), (-0.021771803, -0.9856744, -0.16724841), (0.750805, -0.63204646, 0.1918568), (-0.021771803, -0.9856744, -0.16724841), (0.8134844, -0.5495433, 0.19038197), (0.8154922, 0.3604319, 0.4528369), (0.8134844, -0.5495433, 0.19038197), (0.8413894, 0.4091058, 0.3531236), (-0.7108744, -0.24033354, 0.66098213), (-0.59674066, -0.29764193, 0.7451913), (-0.62940586, -0.21469142, 0.7468306), (-0.65975845, -0.12408629, 0.7411621), (-0.7351391, -0.094378136, 0.67131466), (-0.72263676, -0.15581551, 0.6734371), (-0.52302825, -0.39558575, 0.75495255), (-0.6965017, -0.47758234, 0.53553766), (-0.5309822, -0.33254427, 0.77940506), (-0.5309822, -0.33254427, 0.77940506), (-0.35557815, -0.31919244, 0.87845343), (-0.52302825, -0.39558575, 0.75495255), (-0.62940586, -0.21469142, 0.7468306), (-0.4965291, -0.1384708, 0.8569041), (-0.65975845, -0.12408629, 0.7411621), (-0.62940586, -0.21469142, 0.7468306), (-0.4089807, -0.2834069, 0.86741877), (-0.45947146, -0.18049414, 0.8696596), (-0.35557815, -0.31919244, 0.87845343), (-0.3179918, -0.2682903, 0.9093413), (-0.2598874, -0.2397692, 0.9353979), (-0.45947146, -0.18049414, 0.8696596), (-0.29582295, -0.18768501, 0.9366232), (-0.4965291, -0.1384708, 0.8569041), (-0.45947146, -0.18049414, 0.8696596), (-0.20393878, -0.1882654, 0.96071076), (-0.22370182, -0.15420122, 0.96238214), (-0.2598874, -0.2397692, 0.9353979), (-0.10710054, -0.039353885, 0.99346906), (-0.10300314, -0.026436308, 0.9943297), (-0.22370182, -0.15420122, 0.96238214), (-0.018109059, -0.23213543, 0.9725149), (-0.29582295, -0.18768501, 0.9366232), (-0.22370182, -0.15420122, 0.96238214), (-0.09709725, -0.08380051, 0.99174064), (-0.044359155, -0.15399632, 0.98707515), (-0.10300314, -0.026436308, 0.9943297), (0.23867963, -0.3647611, 0.8999896), (0.1002692, -0.34690127, 0.93252647), (-0.044359155, -0.15399632, 0.98707515), (-0.026681013, -0.034987465, 0.99903154), (-0.018109059, -0.23213543, 0.9725149), (-0.044359155, -0.15399632, 0.98707515), (-0.09667912, -0.015893333, 0.99518865), (-0.11928038, 0.06513269, 0.990722), (-0.7108744, -0.24033354, 0.66098213), (-0.73750424, -0.27110258, 0.6185393), (-0.6910381, -0.27392322, 0.6689038), (-0.7389278, -0.27384183, 0.6156269), (-0.74301046, -0.29598606, 0.60027295), (-0.73750424, -0.27110258, 0.6185393), (-0.7439803, -0.29824892, 0.59794724), (-0.74756014, -0.30186483, 0.5916346), (-0.74301046, -0.29598606, 0.60027295), (-0.09709725, -0.08380051, 0.99174064), (0.1002692, -0.34690127, 0.93252647), (-0.09667912, -0.015893333, 0.99518865), (-0.2598874, -0.2397692, 0.9353979), (-0.09709725, -0.08380051, 0.99174064), (-0.20393878, -0.1882654, 0.96071076), (-0.4089807, -0.2834069, 0.86741877), (-0.2598874, -0.2397692, 0.9353979), (-0.20393878, -0.1882654, 0.96071076), (-0.52302825, -0.39558575, 0.75495255), (-0.4089807, -0.2834069, 0.86741877), (-0.59674066, -0.29764193, 0.7451913), (-0.59674066, -0.29764193, 0.7451913), (-0.59841394, -0.43684345, 0.67161626), (-0.52302825, -0.39558575, 0.75495255), (-0.018109059, -0.23213543, 0.9725149), (0.037265003, 0.039395828, 0.9985286), (-0.0660825, -0.265916, 0.9617286), (-0.29582295, -0.18768501, 0.9366232), (-0.0660825, -0.265916, 0.9617286), (-0.37215543, -0.19726463, 0.9069658), (-0.4965291, -0.1384708, 0.8569041), (-0.37215543, -0.19726463, 0.9069658), (-0.5820059, -0.08853513, 0.80835056), (-0.65975845, -0.12408629, 0.7411621), (-0.5820059, -0.08853513, 0.80835056), (-0.69547087, -0.06888444, 0.71524495), (-0.62940586, -0.21469142, 0.7468306), (-0.72263676, -0.15581551, 0.6734371), (-0.7108744, -0.24033354, 0.66098213), (-0.3752328, -0.9217046, -0.098290585), (-0.3553009, -0.93237364, 0.06663772), (-0.42409807, -0.9054896, -0.015140863), (-0.4995566, -0.86347, -0.06973329), (-0.47654858, -0.8637007, -0.16408128), (-0.43647403, -0.88997054, -0.13207178), (-0.33069038, -0.932858, 0.14289814), (-0.14986932, -0.9885219, -0.0190725), (-0.34072173, -0.93613654, 0.086931296), (-0.34072173, -0.93613654, 0.086931296), (-0.38836166, -0.8817523, 0.2677463), (-0.33069038, -0.932858, 0.14289814), (-0.4995566, -0.86347, -0.06973329), (-0.49705586, -0.8538492, 0.15452224), (-0.54428786, -0.832377, 0.10439913), (-0.42409807, -0.9054896, -0.015140863), (-0.39237833, -0.89003575, 0.23211083), (-0.49705586, -0.8538492, 0.15452224), (-0.38836166, -0.8817523, 0.2677463), (-0.4364164, -0.8493975, 0.2967569), (-0.45251164, -0.8162304, 0.35916728), (-0.54428786, -0.832377, 0.10439913), (-0.55745775, -0.738368, 0.3795437), (-0.5123199, -0.7935109, 0.32843363), (-0.49705586, -0.8538492, 0.15452224), (-0.5146816, -0.7651906, 0.3867637), (-0.55745775, -0.738368, 0.3795437), (-0.45251164, -0.8162304, 0.35916728), (-0.6541514, -0.6349429, 0.41101542), (-0.65429395, -0.6073379, 0.4505997), (-0.5123199, -0.7935109, 0.32843363), (-0.54360926, -0.6689897, 0.50689423), (-0.43515658, -0.68834096, 0.58036655), (-0.55745775, -0.738368, 0.3795437), (-0.62513155, -0.63082, 0.45964837), (-0.54360926, -0.6689897, 0.50689423), (-0.65429395, -0.6073379, 0.4505997), (-0.24297442, -0.50391716, 0.8288732), (-0.3290475, -0.6278329, 0.7053749), (-0.54360926, -0.6689897, 0.50689423), (-0.64234626, -0.5789669, 0.50218385), (-0.43515658, -0.68834096, 0.58036655), (-0.54360926, -0.6689897, 0.50689423), (-0.6935895, -0.6102894, 0.38272783), (-0.7185157, -0.59326327, 0.36300683), (-0.3752328, -0.9217046, -0.098290585), (-0.33733603, -0.9334227, -0.122174084), (-0.35042462, -0.9341015, -0.068240575), (-0.33579296, -0.9340409, -0.12169934), (-0.31186202, -0.9422981, -0.12172168), (-0.33733603, -0.9334227, -0.122174084), (-0.3104531, -0.942818, -0.121297926), (-0.3041772, -0.9444196, -0.124690674), (-0.31186202, -0.9422981, -0.12172168), (-0.62513155, -0.63082, 0.45964837), (-0.3290475, -0.6278329, 0.7053749), (-0.6935895, -0.6102894, 0.38272783), (-0.5146816, -0.7651906, 0.3867637), (-0.65429395, -0.6073379, 0.4505997), (-0.62513155, -0.63082, 0.45964837), (-0.39237833, -0.89003575, 0.23211083), (-0.45251164, -0.8162304, 0.35916728), (-0.5146816, -0.7651906, 0.3867637), (-0.3553009, -0.93237364, 0.06663772), (-0.38836166, -0.8817523, 0.2677463), (-0.39237833, -0.89003575, 0.23211083), (-0.3553009, -0.93237364, 0.06663772), (-0.21197116, -0.9744993, 0.07361614), (-0.33069038, -0.932858, 0.14289814), (-0.43515658, -0.68834096, 0.58036655), (-0.67800057, -0.49146327, 0.54660696), (-0.3926858, -0.6995959, 0.59696186), (-0.43067318, -0.8543855, 0.29076788), (-0.43515658, -0.68834096, 0.58036655), (-0.3926858, -0.6995959, 0.59696186), (-0.49893942, -0.86478746, 0.05658668), (-0.5123199, -0.7935109, 0.32843363), (-0.43067318, -0.8543855, 0.29076788), (-0.51034886, -0.8543388, -0.09823056), (-0.54428786, -0.832377, 0.10439913), (-0.49893942, -0.86478746, 0.05658668), (-0.42409807, -0.9054896, -0.015140863), (-0.43647403, -0.88997054, -0.13207178), (-0.3752328, -0.9217046, -0.098290585), (0.19540818, -0.1893012, 0.96227896), (0.07622693, -0.14231294, 0.9868822), (0.09670133, -0.21868356, 0.97099245), (0.12116647, -0.30414188, 0.94488966), (0.20704395, -0.32424, 0.9230391), (0.19502912, -0.27162337, 0.9424353), (0.02858886, -0.055511437, 0.99804866), (0.19001406, 0.045347277, 0.9807335), (0.0132201305, -0.097819425, 0.99511635), (0.0132201305, -0.097819425, 0.99511635), (-0.14574562, -0.09927124, 0.984329), (0.02858886, -0.055511437, 0.99804866), (0.12116647, -0.30414188, 0.94488966), (-0.07533639, -0.24431078, 0.96676606), (-0.04522123, -0.2925221, 0.9551889), (0.09670133, -0.21868356, 0.97099245), (-0.10965589, -0.14521019, 0.98330545), (-0.07533639, -0.24431078, 0.96676606), (-0.14574562, -0.09927124, 0.984329), (-0.20936806, -0.14340878, 0.9672636), (-0.25692055, -0.16514611, 0.9522177), (-0.07533639, -0.24431078, 0.96676606), (-0.24422172, -0.21880636, 0.94471127), (-0.04522123, -0.2925221, 0.9551889), (-0.07533639, -0.24431078, 0.96676606), (-0.3053066, -0.20533165, 0.9298531), (-0.30599394, -0.2595134, 0.9159806), (-0.25692055, -0.16514611, 0.9522177), (-0.42565542, -0.33486906, 0.84064275), (-0.41499692, -0.3332782, 0.84658325), (-0.24422172, -0.21880636, 0.94471127), (-0.42680296, -0.22574957, 0.8757147), (-0.4456398, -0.11436009, 0.8878778), (-0.30599394, -0.2595134, 0.9159806), (-0.41070104, -0.28093946, 0.8674086), (-0.42680296, -0.22574957, 0.8757147), (-0.41499692, -0.3332782, 0.84658325), (-0.63661176, 0.08174377, 0.7668399), (-0.5299669, -0.0014345418, 0.8480171), (-0.42680296, -0.22574957, 0.8757147), (-0.47980294, -0.3038629, 0.82307744), (-0.4456398, -0.11436009, 0.8878778), (-0.42680296, -0.22574957, 0.8757147), (-0.42103794, -0.3503595, 0.8366453), (-0.40499654, -0.42017204, 0.812055), (0.19540818, -0.1893012, 0.96227896), (0.24073884, -0.15452333, 0.9582104), (0.17703009, -0.15972912, 0.9711575), (0.24472953, -0.15185909, 0.9576253), (0.26237836, -0.13053924, 0.95609474), (0.24073884, -0.15452333, 0.9582104), (0.26569346, -0.12840594, 0.95546794), (0.275333, -0.12535685, 0.9531408), (0.26237836, -0.13053924, 0.95609474), (-0.41070104, -0.28093946, 0.8674086), (-0.5299669, -0.0014345418, 0.8480171), (-0.42103794, -0.3503595, 0.8366453), (-0.25692055, -0.16514611, 0.9522177), (-0.41070104, -0.28093946, 0.8674086), (-0.3053066, -0.20533165, 0.9298531), (-0.10965589, -0.14521019, 0.98330545), (-0.25692055, -0.16514611, 0.9522177), (-0.3053066, -0.20533165, 0.9298531), (0.02858886, -0.055511437, 0.99804866), (-0.10965589, -0.14521019, 0.98330545), (0.07622693, -0.14231294, 0.9868822), (0.07622693, -0.14231294, 0.9868822), (0.11342443, -0.011786947, 0.99347675), (0.02858886, -0.055511437, 0.99804866), (-0.4456398, -0.11436009, 0.8878778), (-0.5381297, -0.3589745, 0.7625968), (-0.43850714, -0.11053804, 0.891904), (-0.24422172, -0.21880636, 0.94471127), (-0.43850714, -0.11053804, 0.891904), (-0.17696054, -0.23060271, 0.95682144), (-0.04522123, -0.2925221, 0.9551889), (-0.17696054, -0.23060271, 0.95682144), (0.020576375, -0.33706933, 0.94125503), (0.12116647, -0.30414188, 0.94488966), (0.020576375, -0.33706933, 0.94125503), (0.1553216, -0.35104737, 0.9233856), (0.09670133, -0.21868356, 0.97099245), (0.19502912, -0.27162337, 0.9424353), (0.19540818, -0.1893012, 0.96227896), (0.13670616, 0.33202156, 0.9333129), (0.11575351, 0.23586036, 0.9648684), (0.1730796, 0.3189326, 0.9318398), (0.1919776, 0.18649134, 0.9635173), (0.271128, 0.21916308, 0.93726045), (0.22752437, 0.25171888, 0.94067544), (-0.043111533, 0.31941462, 0.94663393), (0.0000047903395, 0.48614788, 0.8738766), (-0.03731706, 0.26559636, 0.96336186), (-0.03731706, 0.26559636, 0.96336186), (-0.14118156, 0.1652251, 0.9760986), (-0.043111533, 0.31941462, 0.94663393), (0.11575351, 0.23586036, 0.9648684), (0.06434968, 0.09207985, 0.9936702), (0.1919776, 0.18649134, 0.9635173), (0.047769334, 0.2821749, 0.958173), (0.008768941, 0.10875898, 0.99402946), (0.11575351, 0.23586036, 0.9648684), (-0.14118156, 0.1652251, 0.9760986), (-0.16373771, 0.082720876, 0.9830296), (-0.17521125, 0.039659917, 0.9837317), (0.008768941, 0.10875898, 0.99402946), (-0.12202062, 0.010154558, 0.9924756), (0.06434968, 0.09207985, 0.9936702), (-0.08286133, 0.158262, 0.9839142), (-0.1365196, -0.061496977, 0.9887267), (0.008768941, 0.10875898, 0.99402946), (-0.17521125, 0.039659917, 0.9837317), (-0.17773968, -0.20646226, 0.9621756), (-0.16883925, -0.19948544, 0.9652455), (-0.12202062, 0.010154558, 0.9924756), (-0.24387473, -0.13198479, 0.96078366), (-0.32953176, -0.066659085, 0.94178843), (-0.1365196, -0.061496977, 0.9887267), (-0.19551174, -0.15978812, 0.9675964), (-0.24387473, -0.13198479, 0.96078366), (-0.16883925, -0.19948544, 0.9652455), (-0.59581655, -0.090342455, 0.7980231), (-0.4622851, -0.062720574, 0.8845104), (-0.24387473, -0.13198479, 0.96078366), (-0.2293747, -0.2318864, 0.94531256), (-0.32953176, -0.066659085, 0.94178843), (-0.24387473, -0.13198479, 0.96078366), (-0.16926636, -0.2218754, 0.9602709), (-0.11048852, -0.26517797, 0.95784813), (0.1730796, 0.3189326, 0.9318398), (0.18067084, 0.37138218, 0.91073227), (0.13670616, 0.33202156, 0.9333129), (0.1828442, 0.37772158, 0.9076863), (0.18391599, 0.40334237, 0.89637595), (0.18067084, 0.37138218, 0.91073227), (0.18616329, 0.4086884, 0.8934859), (0.19360837, 0.41541642, 0.88878846), (0.18391599, 0.40334237, 0.89637595), (-0.19551174, -0.15978812, 0.9675964), (-0.4622851, -0.062720574, 0.8845104), (-0.16926636, -0.2218754, 0.9602709), (-0.17521125, 0.039659917, 0.9837317), (-0.19551174, -0.15978812, 0.9675964), (-0.17362447, -0.019647209, 0.9846159), (-0.08286133, 0.158262, 0.9839142), (-0.17521125, 0.039659917, 0.9837317), (-0.17362447, -0.019647209, 0.9846159), (-0.043111533, 0.31941462, 0.94663393), (-0.08286133, 0.158262, 0.9839142), (0.047769334, 0.2821749, 0.958173), (0.047769334, 0.2821749, 0.958173), (-0.003618439, 0.3957593, 0.91834706), (-0.043111533, 0.31941462, 0.94663393), (-0.32953176, -0.066659085, 0.94178843), (-0.22302258, -0.3173858, 0.921698), (-0.3319546, -0.06001601, 0.9413842), (-0.12202062, 0.010154558, 0.9924756), (-0.3319546, -0.06001601, 0.9413842), (-0.0700723, 0.049011275, 0.9963372), (0.06434968, 0.09207985, 0.9936702), (-0.0700723, 0.049011275, 0.9963372), (0.14193067, 0.09762773, 0.9850505), (0.1919776, 0.18649134, 0.9635173), (0.14193067, 0.09762773, 0.9850505), (0.25095877, 0.17171451, 0.9526457), (0.11575351, 0.23586036, 0.9648684), (0.22752437, 0.25171888, 0.94067544), (0.1730796, 0.3189326, 0.9318398), (-0.734722, 0.5128931, 0.4439868), (-0.67693543, 0.4922084, 0.54725623), (-0.7106085, 0.54591835, 0.4438567), (-0.61194557, 0.5551772, 0.56329465), (-0.599848, 0.624676, 0.49996245), (-0.6427891, 0.5919371, 0.4862434), (-0.7963427, 0.33340412, 0.5046583), (-0.8739912, 0.40469986, 0.26899335), (-0.73527175, 0.33966762, 0.5865163), (-0.73527175, 0.33966762, 0.5865163), (-0.68538296, 0.23064426, 0.6906906), (-0.7963427, 0.33340412, 0.5046583), (-0.67693543, 0.4922084, 0.54725623), (-0.58770436, 0.42631754, 0.68764603), (-0.61194557, 0.5551772, 0.56329465), (-0.735707, 0.43013933, 0.52317816), (-0.6125378, 0.37332186, 0.6967268), (-0.67693543, 0.4922084, 0.54725623), (-0.68538296, 0.23064426, 0.6906906), (-0.636404, 0.20826414, 0.7427086), (-0.60023123, 0.19839875, 0.7748293), (-0.6125378, 0.37332186, 0.6967268), (-0.5706143, 0.24360144, 0.78425616), (-0.58770436, 0.42631754, 0.68764603), (-0.6805493, 0.2781614, 0.6778487), (-0.5184046, 0.19302808, 0.8330647), (-0.6125378, 0.37332186, 0.6967268), (-0.60023123, 0.19839875, 0.7748293), (-0.37079704, 0.12754902, 0.9199135), (-0.36280638, 0.13393632, 0.922189), (-0.5184046, 0.19302808, 0.8330647), (-0.5052132, -0.02341772, 0.86267674), (-0.5706143, 0.24360144, 0.78425616), (-0.5184046, 0.19302808, 0.8330647), (-0.41072372, 0.11071774, 0.90501255), (-0.4483322, 0.03429517, 0.8932089), (-0.36280638, 0.13393632, 0.922189), (-0.49653322, -0.3434979, 0.79715985), (-0.55277175, -0.19348437, 0.8105598), (-0.4483322, 0.03429517, 0.8932089), (-0.343567, 0.06726026, 0.9367165), (-0.5052132, -0.02341772, 0.86267674), (-0.4483322, 0.03429517, 0.8932089), (-0.37531736, 0.10975105, 0.9203757), (-0.2884575, 0.186426, 0.9391686), (-0.7106085, 0.54591835, 0.4438567), (-0.7380372, 0.54813385, 0.39351028), (-0.734722, 0.5128931, 0.4439868), (-0.74122757, 0.5495015, 0.3855253), (-0.7557983, 0.5444469, 0.36379457), (-0.7380372, 0.54813385, 0.39351028), (-0.75805223, 0.54540056, 0.3576241), (-0.75955164, 0.54805523, 0.35030958), (-0.7557983, 0.5444469, 0.36379457), (-0.41072372, 0.11071774, 0.90501255), (-0.55277175, -0.19348437, 0.8105598), (-0.37531736, 0.10975105, 0.9203757), (-0.60023123, 0.19839875, 0.7748293), (-0.41072372, 0.11071774, 0.90501255), (-0.5566003, 0.15767044, 0.8156815), (-0.68538296, 0.23064426, 0.6906906), (-0.5566003, 0.15767044, 0.8156815), (-0.6805493, 0.2781614, 0.6778487), (-0.7963427, 0.33340412, 0.5046583), (-0.6805493, 0.2781614, 0.6778487), (-0.735707, 0.43013933, 0.52317816), (-0.735707, 0.43013933, 0.52317816), (-0.82675296, 0.3814615, 0.4134813), (-0.7963427, 0.33340412, 0.5046583), (-0.5052132, -0.02341772, 0.86267674), (-0.24695052, 0.042941183, 0.9680762), (-0.5580583, 0.004055698, 0.8297918), (-0.5706143, 0.24360144, 0.78425616), (-0.5580583, 0.004055698, 0.8297918), (-0.601681, 0.30246615, 0.73925245), (-0.58770436, 0.42631754, 0.68764603), (-0.601681, 0.30246615, 0.73925245), (-0.5646404, 0.5134083, 0.6462144), (-0.61194557, 0.5551772, 0.56329465), (-0.5646404, 0.5134083, 0.6462144), (-0.57609105, 0.6083332, 0.54593945), (-0.67693543, 0.4922084, 0.54725623), (-0.6427891, 0.5919371, 0.4862434), (-0.7106085, 0.54591835, 0.4438567), (0.23216002, 0.2328691, 0.94439065), (0.1959259, 0.13583201, 0.9711657), (0.26684627, 0.21322483, 0.93985546), (0.26312017, 0.073924795, 0.96192664), (0.34830886, 0.09745683, 0.9322999), (0.3095845, 0.13826405, 0.94076586), (0.04686565, 0.24356258, 0.9687522), (0.12667124, 0.4103745, 0.9030766), (0.051628895, 0.1940214, 0.97963774), (0.051628895, 0.1940214, 0.97963774), (-0.0772149, 0.10485062, 0.99148583), (0.04686565, 0.24356258, 0.9687522), (0.1959259, 0.13583201, 0.9711657), (0.11648234, -0.0036930956, 0.99318594), (0.26312017, 0.073924795, 0.96192664), (0.13460802, 0.19335602, 0.9718509), (0.06476059, 0.02184771, 0.99766165), (0.1959259, 0.13583201, 0.9711657), (-0.0772149, 0.10485062, 0.99148583), (-0.110027455, 0.028396089, 0.9935228), (-0.1332423, -0.015858488, 0.99095666), (0.06476059, 0.02184771, 0.99766165), (-0.088466786, -0.056156088, 0.994495), (0.11648234, -0.0036930956, 0.99318594), (-0.019792983, 0.08774972, 0.99594593), (-0.11538145, -0.1250426, 0.98541945), (0.06476059, 0.02184771, 0.99766165), (-0.1332423, -0.015858488, 0.99095666), (-0.17849965, -0.2588203, 0.94928914), (-0.16974126, -0.2560451, 0.95164526), (-0.088466786, -0.056156088, 0.994495), (-0.23575614, -0.17591687, 0.95575744), (-0.3114656, -0.09609168, 0.9453864), (-0.11538145, -0.1250426, 0.98541945), (-0.19215389, -0.21186967, 0.9582213), (-0.23575614, -0.17591687, 0.95575744), (-0.16974126, -0.2560451, 0.95164526), (-0.5799308, -0.06812176, 0.8118126), (-0.44335616, -0.065818585, 0.8939257), (-0.23575614, -0.17591687, 0.95575744), (-0.23750958, -0.27824214, 0.9306829), (-0.3114656, -0.09609168, 0.9453864), (-0.23575614, -0.17591687, 0.95575744), (-0.1690082, -0.2806753, 0.9448056), (-0.12092907, -0.330063, 0.93618083), (0.26684627, 0.21322483, 0.93985546), (0.28448138, 0.2646824, 0.9214193), (0.23216002, 0.2328691, 0.94439065), (0.2870049, 0.26959303, 0.9192104), (0.29024148, 0.29677805, 0.90977067), (0.28448138, 0.2646824, 0.9214193), (0.29241902, 0.30092573, 0.9077085), (0.29973665, 0.30750883, 0.90310365), (0.29024148, 0.29677805, 0.90977067), (-0.19215389, -0.21186967, 0.9582213), (-0.44335616, -0.065818585, 0.8939257), (-0.1690082, -0.2806753, 0.9448056), (-0.1332423, -0.015858488, 0.99095666), (-0.19215389, -0.21186967, 0.9582213), (-0.14525771, -0.07762535, 0.986344), (-0.019792983, 0.08774972, 0.99594593), (-0.1332423, -0.015858488, 0.99095666), (-0.14525771, -0.07762535, 0.986344), (0.04686565, 0.24356258, 0.9687522), (-0.019792983, 0.08774972, 0.99594593), (0.13460802, 0.19335602, 0.9718509), (0.13460802, 0.19335602, 0.9718509), (0.097679086, 0.32025248, 0.942283), (0.04686565, 0.24356258, 0.9687522), (-0.3114656, -0.09609168, 0.9453864), (-0.2499471, -0.3622092, 0.89795935), (-0.3112078, -0.0893248, 0.9461347), (-0.088466786, -0.056156088, 0.994495), (-0.3112078, -0.0893248, 0.9461347), (-0.027396979, -0.026555322, 0.9992718), (0.11648234, -0.0036930956, 0.99318594), (-0.027396979, -0.026555322, 0.9992718), (0.19659062, -0.009187478, 0.9804426), (0.26312017, 0.073924795, 0.96192664), (0.19659062, -0.009187478, 0.9804426), (0.3187699, 0.04917418, 0.9465557), (0.1959259, 0.13583201, 0.9711657), (0.3095845, 0.13826405, 0.94076586), (0.26684627, 0.21322483, 0.93985546), (-0.31000492, 0.6528507, 0.6911461), (-0.26607066, 0.5844324, 0.76658016), (-0.2727337, 0.66868657, 0.69171846), (-0.17676315, 0.60319364, 0.7777609), (-0.13448505, 0.6702417, 0.72985595), (-0.18869475, 0.6648189, 0.72277945), (-0.44472975, 0.52257, 0.72741747), (-0.50232613, 0.6583944, 0.5605222), (-0.39390257, 0.48914054, 0.77819175), (-0.39390257, 0.48914054, 0.77819175), (-0.4019537, 0.34940138, 0.84637576), (-0.44472975, 0.52257, 0.72741747), (-0.26607066, 0.5844324, 0.76658016), (-0.21585469, 0.45951054, 0.86154324), (-0.17676315, 0.60319364, 0.7777609), (-0.348305, 0.56633824, 0.746957), (-0.26550788, 0.428443, 0.8636794), (-0.26607066, 0.5844324, 0.76658016), (-0.4019537, 0.34940138, 0.84637576), (-0.3697337, 0.2908039, 0.8824569), (-0.34489107, 0.26260626, 0.9011593), (-0.26550788, 0.428443, 0.8636794), (-0.29204363, 0.28587842, 0.9126796), (-0.21585469, 0.45951054, 0.86154324), (-0.37189695, 0.38679412, 0.8438501), (-0.2746279, 0.21683659, 0.9367825), (-0.26550788, 0.428443, 0.8636794), (-0.34489107, 0.26260626, 0.9011593), (-0.17985426, 0.06861961, 0.981297), (-0.1756001, 0.07699341, 0.98144615), (-0.2746279, 0.21683659, 0.9367825), (-0.37942815, 0.032028686, 0.92466664), (-0.29204363, 0.28587842, 0.9126796), (-0.2746279, 0.21683659, 0.9367825), (-0.22682332, 0.08614682, 0.9701185), (-0.30088747, 0.04487819, 0.9526031), (-0.1756001, 0.07699341, 0.98144615), (-0.5486663, -0.20775948, 0.80981565), (-0.50153255, -0.06552798, 0.8626536), (-0.30088747, 0.04487819, 0.9526031), (-0.19764781, 0.010251665, 0.98021954), (-0.37942815, 0.032028686, 0.92466664), (-0.30088747, 0.04487819, 0.9526031), (-0.18390778, 0.061837472, 0.98099643), (-0.08695415, 0.07556347, 0.99334246), (-0.2727337, 0.66868657, 0.69171846), (-0.2978847, 0.698688, 0.6504614), (-0.31000492, 0.6528507, 0.6911461), (-0.30009666, 0.7032997, 0.64444655), (-0.31581014, 0.7138375, 0.62505996), (-0.2978847, 0.698688, 0.6504614), (-0.31745553, 0.71748376, 0.6200316), (-0.3172011, 0.7234918, 0.613142), (-0.31581014, 0.7138375, 0.62505996), (-0.22682332, 0.08614682, 0.9701185), (-0.50153255, -0.06552798, 0.8626536), (-0.18390778, 0.061837472, 0.98099643), (-0.34489107, 0.26260626, 0.9011593), (-0.22682332, 0.08614682, 0.9701185), (-0.32503328, 0.21050481, 0.92197675), (-0.4019537, 0.34940138, 0.84637576), (-0.32503328, 0.21050481, 0.92197675), (-0.37189695, 0.38679412, 0.8438501), (-0.44472975, 0.52257, 0.72741747), (-0.37189695, 0.38679412, 0.8438501), (-0.348305, 0.56633824, 0.746957), (-0.348305, 0.56633824, 0.746957), (-0.4573157, 0.5942462, 0.66161454), (-0.44472975, 0.52257, 0.72741747), (-0.37942815, 0.032028686, 0.92466664), (-0.12728782, -0.056722596, 0.99024254), (-0.4067682, 0.07003595, 0.9108428), (-0.29204363, 0.28587842, 0.9126796), (-0.4067682, 0.07003595, 0.9108428), (-0.29217175, 0.34735322, 0.89105636), (-0.21585469, 0.45951054, 0.86154324), (-0.29217175, 0.34735322, 0.89105636), (-0.15728751, 0.5219855, 0.8383268), (-0.17676315, 0.60319364, 0.7777609), (-0.15728751, 0.5219855, 0.8383268), (-0.12039377, 0.6323463, 0.7652735), (-0.26607066, 0.5844324, 0.76658016), (-0.18869475, 0.6648189, 0.72277945), (-0.2727337, 0.66868657, 0.69171846), (-0.51524407, -0.115100466, 0.84927934), (-0.3921539, -0.16767168, 0.90448964), (-0.4193227, -0.08547831, 0.9038041), (-0.44551656, 0.0069579105, 0.8952467), (-0.5302906, 0.032754593, 0.847183), (-0.51949286, -0.028088545, 0.854013), (-0.32871625, -0.26383278, 0.90682846), (-0.52439654, -0.36066324, 0.77131724), (-0.32836914, -0.20777766, 0.9214131), (-0.32836914, -0.20777766, 0.9214131), (-0.14468293, -0.1942859, 0.97021645), (-0.32871625, -0.26383278, 0.90682846), (-0.44551656, 0.0069579105, 0.8952467), (-0.23583029, -0.05094214, 0.9704581), (-0.2696556, -0.0040607248, 0.9629483), (-0.4193227, -0.08547831, 0.9038041), (-0.193183, -0.15397824, 0.96900517), (-0.23583029, -0.05094214, 0.9704581), (-0.14468293, -0.1942859, 0.97021645), (-0.09368895, -0.1432884, 0.9852364), (-0.037183776, -0.11595666, 0.992558), (-0.23583029, -0.05094214, 0.9704581), (-0.05062769, -0.067787394, 0.9964144), (-0.2696556, -0.0040607248, 0.9629483), (-0.23583029, -0.05094214, 0.9704581), (0.016479045, -0.06714005, 0.9976075), (0.013896268, -0.01043269, 0.99984896), (-0.037183776, -0.11595666, 0.992558), (0.12605028, 0.07430588, 0.989237), (0.12686956, 0.084457494, 0.9883173), (-0.05062769, -0.067787394, 0.9964144), (0.14947835, -0.024423664, 0.9884633), (0.17791675, -0.13810122, 0.9743068), (0.013896268, -0.01043269, 0.99984896), (0.12867361, 0.030496875, 0.991218), (0.14947835, -0.024423664, 0.9884633), (0.12686956, 0.084457494, 0.9883173), (0.4167132, -0.27614248, 0.8660805), (0.29216167, -0.23453684, 0.9271645), (0.14947835, -0.024423664, 0.9884633), (0.20178223, 0.07306971, 0.97670096), (0.17791675, -0.13810122, 0.9743068), (0.14947835, -0.024423664, 0.9884633), (0.13557856, 0.10489765, 0.9851979), (0.11855477, 0.17562963, 0.97729176), (-0.51524407, -0.115100466, 0.84927934), (-0.5528389, -0.14887905, 0.8198805), (-0.49588275, -0.14831059, 0.85563093), (-0.5553404, -0.15160826, 0.81768703), (-0.56657237, -0.17423911, 0.8053797), (-0.5528389, -0.14887905, 0.8198805), (-0.568694, -0.17654698, 0.8033793), (-0.5753711, -0.18047453, 0.7977324), (-0.56657237, -0.17423911, 0.8053797), (0.12867361, 0.030496875, 0.991218), (0.29216167, -0.23453684, 0.9271645), (0.13557856, 0.10489765, 0.9851979), (-0.037183776, -0.11595666, 0.992558), (0.12867361, 0.030496875, 0.991218), (0.016479045, -0.06714005, 0.9976075), (-0.193183, -0.15397824, 0.96900517), (-0.037183776, -0.11595666, 0.992558), (0.016479045, -0.06714005, 0.9976075), (-0.32871625, -0.26383278, 0.90682846), (-0.193183, -0.15397824, 0.96900517), (-0.3921539, -0.16767168, 0.90448964), (-0.3921539, -0.16767168, 0.90448964), (-0.4153471, -0.3086052, 0.8557158), (-0.32871625, -0.26383278, 0.90682846), (0.17791675, -0.13810122, 0.9743068), (0.26148894, 0.14062649, 0.95490724), (0.1571514, -0.14317253, 0.97714126), (-0.05062769, -0.067787394, 0.9964144), (0.1571514, -0.14317253, 0.97714126), (-0.13819742, -0.062085807, 0.9884568), (-0.2696556, -0.0040607248, 0.9629483), (-0.13819742, -0.062085807, 0.9884568), (-0.35134265, 0.04372131, 0.93522555), (-0.44551656, 0.0069579105, 0.8952467), (-0.35134265, 0.04372131, 0.93522555), (-0.4804087, 0.06019119, 0.8749769), (-0.4193227, -0.08547831, 0.9038041), (-0.51949286, -0.028088545, 0.854013), (-0.51524407, -0.115100466, 0.84927934), (-0.17975849, -0.7757551, 0.60488915), (-0.12824498, -0.6911887, 0.7112042), (-0.20988245, -0.7009944, 0.6815836), (-0.30067632, -0.7023081, 0.6452574), (-0.32143307, -0.75978315, 0.565164), (-0.26214796, -0.76426846, 0.5892132), (-0.03588577, -0.64936984, 0.75962555), (0.061454054, -0.79948944, 0.5975283), (-0.08253004, -0.664271, 0.74292177), (-0.08253004, -0.664271, 0.74292177), (-0.08295135, -0.49593383, 0.8643892), (-0.03588577, -0.64936984, 0.75962555), (-0.30067632, -0.7023081, 0.6452574), (-0.23901227, -0.5439661, 0.804347), (-0.28129384, -0.55963093, 0.7795428), (-0.20988245, -0.7009944, 0.6815836), (-0.1288778, -0.5274375, 0.839762), (-0.23901227, -0.5439661, 0.804347), (-0.08295135, -0.49593383, 0.8643892), (-0.13129742, -0.4486002, 0.8840356), (-0.13934028, -0.39204177, 0.9093336), (-0.28129384, -0.55963093, 0.7795428), (-0.24932963, -0.3183027, 0.91461366), (-0.20572293, -0.37419024, 0.90424544), (-0.23901227, -0.5439661, 0.804347), (-0.19959216, -0.33593112, 0.92049617), (-0.24932963, -0.3183027, 0.91461366), (-0.13934028, -0.39204177, 0.9093336), (-0.32363805, -0.19183818, 0.9265293), (-0.3180466, -0.16430736, 0.9337288), (-0.20572293, -0.37419024, 0.90424544), (-0.2119123, -0.18754256, 0.9591251), (-0.10975779, -0.18522057, 0.97654825), (-0.24932963, -0.3183027, 0.91461366), (-0.293523, -0.1788929, 0.93906426), (-0.2119123, -0.18754256, 0.9591251), (-0.3180466, -0.16430736, 0.9337288), (0.08515601, 0.049672063, 0.99512875), (0.013498758, -0.079356946, 0.9967548), (-0.2119123, -0.18754256, 0.9591251), (-0.30035013, -0.113053046, 0.9471055), (-0.10975779, -0.18522057, 0.97654825), (-0.2119123, -0.18754256, 0.9591251), (-0.36729634, -0.18141988, 0.91223913), (-0.41697985, -0.17863554, 0.8911886), (-0.17975849, -0.7757551, 0.60488915), (-0.14523157, -0.8077736, 0.5713227), (-0.1449683, -0.7674559, 0.62449634), (-0.1432124, -0.80840737, 0.57093585), (-0.1180065, -0.8193718, 0.5609851), (-0.14523157, -0.8077736, 0.5713227), (-0.11614573, -0.82001126, 0.5604389), (-0.11065759, -0.8252673, 0.55379486), (-0.1180065, -0.8193718, 0.5609851), (-0.293523, -0.1788929, 0.93906426), (0.013498758, -0.079356946, 0.9967548), (-0.36729634, -0.18141988, 0.91223913), (-0.19959216, -0.33593112, 0.92049617), (-0.3180466, -0.16430736, 0.9337288), (-0.293523, -0.1788929, 0.93906426), (-0.1288778, -0.5274375, 0.839762), (-0.13934028, -0.39204177, 0.9093336), (-0.19959216, -0.33593112, 0.92049617), (-0.03588577, -0.64936984, 0.75962555), (-0.1288778, -0.5274375, 0.839762), (-0.12824498, -0.6911887, 0.7112042), (-0.12824498, -0.6911887, 0.7112042), (0.021589627, -0.71943164, 0.6942276), (-0.03588577, -0.64936984, 0.75962555), (-0.10975779, -0.18522057, 0.97654825), (-0.34899542, -0.029115377, 0.936672), (-0.07650435, -0.21360627, 0.9739196), (-0.19968289, -0.43660957, 0.8772108), (-0.10975779, -0.18522057, 0.97654825), (-0.07650435, -0.21360627, 0.9739196), (-0.28129384, -0.55963093, 0.7795428), (-0.19968289, -0.43660957, 0.8772108), (-0.33111516, -0.6164221, 0.7144134), (-0.30067632, -0.7023081, 0.6452574), (-0.33111516, -0.6164221, 0.7144134), (-0.35131708, -0.7133025, 0.60644525), (-0.20988245, -0.7009944, 0.6815836), (-0.26214796, -0.76426846, 0.5892132), (-0.17975849, -0.7757551, 0.60488915), (0.31660515, -0.23211475, 0.9197195), (0.2170113, -0.15506281, 0.9637747), (0.21486185, -0.2351224, 0.9479198), (0.21035697, -0.32510966, 0.92198354), (0.28480956, -0.3671809, 0.8854726), (0.2910841, -0.31125998, 0.9046476), (0.19409592, -0.05707258, 0.97932094), (0.37894237, -0.003942407, 0.9254119), (0.1772843, -0.09506798, 0.9795573), (0.1772843, -0.09506798, 0.9795573), (0.01323132, -0.054442797, 0.9984292), (0.19409592, -0.05707258, 0.97932094), (0.21035697, -0.32510966, 0.92198354), (0.040289503, -0.21476015, 0.9758354), (0.052660886, -0.26931974, 0.96161), (0.21486185, -0.2351224, 0.9479198), (0.03595192, -0.109239325, 0.9933651), (0.040289503, -0.21476015, 0.9758354), (0.01323132, -0.054442797, 0.9984292), (-0.060212195, -0.081449926, 0.994857), (-0.115369506, -0.08976738, 0.9892581), (0.040289503, -0.21476015, 0.9758354), (-0.13296847, -0.15215847, 0.9793708), (0.052660886, -0.26931974, 0.96161), (0.040289503, -0.21476015, 0.9758354), (-0.17491238, -0.11679473, 0.9776322), (-0.19141294, -0.1685275, 0.9669331), (-0.115369506, -0.08976738, 0.9892581), (-0.33222386, -0.20766231, 0.92005634), (-0.32402712, -0.2107416, 0.92227674), (-0.13296847, -0.15215847, 0.9793708), (-0.3064557, -0.10534874, 0.94603723), (-0.2887837, -0.010232345, 0.95733964), (-0.19141294, -0.1685275, 0.9669331), (-0.3055474, -0.16205089, 0.9382858), (-0.3064557, -0.10534874, 0.94603723), (-0.32402712, -0.2107416, 0.92227674), (-0.44441286, 0.23467161, 0.8645383), (-0.35514176, 0.12876132, 0.9259021), (-0.3064557, -0.10534874, 0.94603723), (-0.38551837, -0.16691785, 0.9074767), (-0.2887837, -0.010232345, 0.95733964), (-0.3064557, -0.10534874, 0.94603723), (-0.3394138, -0.23515674, 0.9107687), (-0.34555897, -0.29572567, 0.8905815), (0.31660515, -0.23211475, 0.9197195), (0.3692019, -0.21042158, 0.90521425), (0.3086387, -0.1976446, 0.93041867), (0.37278995, -0.20890158, 0.904095), (0.3952638, -0.19157273, 0.8983687), (0.3692019, -0.21042158, 0.90521425), (0.39828882, -0.19032325, 0.8972977), (0.4081462, -0.1891438, 0.89310765), (0.3952638, -0.19157273, 0.8983687), (-0.3055474, -0.16205089, 0.9382858), (-0.35514176, 0.12876132, 0.9259021), (-0.3394138, -0.23515674, 0.9107687), (-0.115369506, -0.08976738, 0.9892581), (-0.3055474, -0.16205089, 0.9382858), (-0.17491238, -0.11679473, 0.9776322), (0.03595192, -0.109239325, 0.9933651), (-0.115369506, -0.08976738, 0.9892581), (-0.17491238, -0.11679473, 0.9776322), (0.19409592, -0.05707258, 0.97932094), (0.03595192, -0.109239325, 0.9933651), (0.2170113, -0.15506281, 0.9637747), (0.2170113, -0.15506281, 0.9637747), (0.2866471, -0.034482904, 0.95741546), (0.19409592, -0.05707258, 0.97932094), (-0.2887837, -0.010232345, 0.95733964), (-0.4612431, -0.20425704, 0.8634431), (-0.2626904, 0.015688526, 0.9647526), (-0.07171189, -0.15749362, 0.98491275), (-0.2887837, -0.010232345, 0.95733964), (-0.2626904, 0.015688526, 0.9647526), (0.052660886, -0.26931974, 0.96161), (-0.07171189, -0.15749362, 0.98491275), (0.10214356, -0.32969433, 0.9385459), (0.21035697, -0.32510966, 0.92198354), (0.10214356, -0.32969433, 0.9385459), (0.22516014, -0.3799164, 0.8971992), (0.21486185, -0.2351224, 0.9479198), (0.2910841, -0.31125998, 0.9046476), (0.31660515, -0.23211475, 0.9197195), (-0.89464724, 0.4296241, 0.12259495), (-0.07582504, 0.9915148, 0.10558819), (-0.9371585, 0.33495572, 0.097665936), (-0.8146113, -0.579962, 0.0072336616), (-0.89464724, 0.4296241, 0.12259495), (-0.9371585, 0.33495572, 0.097665936), (0.0991393, -0.97958666, -0.17487545), (-0.8146113, -0.579962, 0.0072336616), (0.105586074, -0.99059105, -0.08706799), (0.9184752, -0.38323057, -0.09766071), (0.105586074, -0.99059105, -0.08706799), (0.9132454, -0.39871275, -0.08373233), (0.80699414, 0.5853749, 0.07808138), (0.9132454, -0.39871275, -0.08373233), (0.86433136, 0.5029221, 0.0007950199), (-0.07582504, 0.9915148, 0.10558819), (0.80699414, 0.5853749, 0.07808138), (0.86433136, 0.5029221, 0.0007950199), (-0.89464724, 0.4296241, 0.12259495), (-0.087846056, 0.93144345, 0.35312346), (-0.07983276, 0.9793859, 0.18555292), (-0.8269454, -0.55886734, -0.061874412), (-0.8922067, 0.40595645, 0.19790576), (-0.89464724, 0.4296241, 0.12259495), (0.0991393, -0.97958666, -0.17487545), (-0.83421165, -0.528941, -0.15592453), (-0.8269454, -0.55886734, -0.061874412), (0.91535735, -0.36626354, -0.16724807), (0.0991393, -0.97958666, -0.17487545), (0.9184752, -0.38323057, -0.09766071), (0.80005276, 0.5689203, 0.19038169), (0.9184752, -0.38323057, -0.09766071), (0.80699414, 0.5853749, 0.07808138), (-0.087846056, 0.93144345, 0.35312346), (0.80699414, 0.5853749, 0.07808138), (-0.07983276, 0.9793859, 0.18555292), (-0.8922067, 0.40595645, 0.19790576), (-0.05135471, 0.89011276, 0.45283753), (-0.087846056, 0.93144345, 0.35312346), (-0.83421165, -0.528941, -0.15592453), (-0.91493255, 0.32957038, 0.23298453), (-0.8922067, 0.40595645, 0.19790576), (0.079913706, -0.93143386, -0.35502777), (-0.7804701, -0.5826616, -0.2266537), (-0.83421165, -0.528941, -0.15592453), (0.880761, -0.40386808, -0.24728651), (0.079913706, -0.93143386, -0.35502777), (0.91535735, -0.36626354, -0.16724807), (0.855314, 0.48127815, 0.19185752), (0.91535735, -0.36626354, -0.16724807), (0.80005276, 0.5689203, 0.19038169), (-0.05135471, 0.89011276, 0.45283753), (0.80005276, 0.5689203, 0.19038169), (-0.087846056, 0.93144345, 0.35312346), (-0.025061859, -0.7578834, 0.65190846), (0.06151958, -0.6919629, 0.71930707), (-0.031856876, -0.69187, 0.72131896), (-0.12904876, -0.67118233, 0.729973), (-0.16990753, -0.7217775, 0.6709461), (-0.11210257, -0.73475784, 0.6690022), (0.18579899, -0.6565696, 0.7310233), (0.20644881, -0.82948047, 0.51898074), (0.14035825, -0.6444725, 0.7516348), (0.14035825, -0.6444725, 0.7516348), (0.18612142, -0.49386755, 0.8493843), (0.18579899, -0.6565696, 0.7310233), (-0.12904876, -0.67118233, 0.729973), (-0.025140466, -0.5401182, 0.8412135), (-0.08071841, -0.53768736, 0.83927166), (-0.031856876, -0.69187, 0.72131896), (0.1079301, -0.53660536, 0.8369025), (-0.025140466, -0.5401182, 0.8412135), (0.18612142, -0.49386755, 0.8493843), (0.16992371, -0.43581232, 0.8838515), (0.15683754, -0.37935793, 0.91186047), (-0.08071841, -0.53768736, 0.83927166), (-0.0026317227, -0.29331192, 0.9560132), (0.032428347, -0.3632727, 0.9311183), (-0.025140466, -0.5401182, 0.8412135), (0.07050973, -0.3203161, 0.9446829), (-0.0026317227, -0.29331192, 0.9560132), (0.15683754, -0.37935793, 0.91186047), (0.021590527, -0.11553542, 0.99306875), (0.00087118516, -0.08255572, 0.9965861), (0.032428347, -0.3632727, 0.9311183), (0.06150378, -0.1139735, 0.99157816), (0.1756033, -0.122316845, 0.9768327), (-0.0026317227, -0.29331192, 0.9560132), (-0.007533072, -0.10332014, 0.9946196), (0.06150378, -0.1139735, 0.99157816), (0.00087118516, -0.08255572, 0.9965861), (0.42180276, 0.11313891, 0.89960104), (0.34553173, -0.0032739665, 0.93840134), (0.06150378, -0.1139735, 0.99157816), (-0.010041033, -0.0032462722, 0.99994427), (0.1756033, -0.122316845, 0.9768327), (0.06150378, -0.1139735, 0.99157816), (-0.055911977, -0.054352824, 0.99695516), (-0.13890043, -0.044199295, 0.98931956), (-0.025061859, -0.7578834, 0.65190846), (-0.00492424, -0.7857392, 0.6185384), (0.015424436, -0.7532446, 0.65755963), (-0.002858217, -0.7880327, 0.6156268), (0.016450906, -0.7996261, 0.60027283), (-0.00492424, -0.7857392, 0.6185384), (0.018230876, -0.8013291, 0.5979459), (0.020364197, -0.8059505, 0.59163254), (0.016450906, -0.7996261, 0.60027283), (-0.007533072, -0.10332014, 0.9946196), (0.34553173, -0.0032739665, 0.93840134), (-0.055911977, -0.054352824, 0.99695516), (0.07050973, -0.3203161, 0.9446829), (0.00087118516, -0.08255572, 0.9965861), (-0.007533072, -0.10332014, 0.9946196), (0.1079301, -0.53660536, 0.8369025), (0.15683754, -0.37935793, 0.91186047), (0.07050973, -0.3203161, 0.9446829), (0.18579899, -0.6565696, 0.7310233), (0.1079301, -0.53660536, 0.8369025), (0.06151958, -0.6919629, 0.71930707), (0.06151958, -0.6919629, 0.71930707), (0.19933422, -0.72917515, 0.65465224), (0.18579899, -0.6565696, 0.7310233), (0.1756033, -0.122316845, 0.9768327), (-0.06675014, 0.07469219, 0.9949701), (0.17212304, -0.14820814, 0.9738624), (0.032428347, -0.3632727, 0.9311183), (0.17212304, -0.14820814, 0.9738624), (0.0023478684, -0.4344086, 0.9007128), (-0.08071841, -0.53768736, 0.83927166), (0.0023478684, -0.4344086, 0.9007128), (-0.13976234, -0.5856736, 0.7984065), (-0.12904876, -0.67118233, 0.729973), (-0.13976234, -0.5856736, 0.7984065), (-0.18011913, -0.6755362, 0.714988), (-0.031856876, -0.69187, 0.72131896), (-0.11210257, -0.73475784, 0.6690022), (-0.025061859, -0.7578834, 0.65190846), (0.7372984, -0.6658613, -0.114104204), (0.7579547, -0.65195155, 0.021535395), (0.7068016, -0.70643497, -0.0371631), (0.64243203, -0.76078206, -0.0921502), (0.63981485, -0.7475197, -0.17846942), (0.6826703, -0.7152323, -0.14967951), (0.7926886, -0.597912, 0.118937105), (0.88133264, -0.47175655, -0.026429815), (0.77307296, -0.62891287, 0.08262371), (0.77307296, -0.62891287, 0.08262371), (0.7146433, -0.64210665, 0.27745983), (0.7926886, -0.597912, 0.118937105), (0.64243203, -0.76078206, -0.0921502), (0.64110327, -0.75835985, 0.117800824), (0.5973638, -0.79845804, 0.07497419), (0.7068016, -0.70643497, -0.0371631), (0.7094306, -0.67293626, 0.2094399), (0.64110327, -0.75835985, 0.117800824), (0.7146433, -0.64210665, 0.27745983), (0.69557744, -0.660156, 0.28348926), (0.6722022, -0.665924, 0.32355744), (0.5973638, -0.79845804, 0.07497419), (0.5678322, -0.76996475, 0.29106864), (0.60359627, -0.7681175, 0.2136985), (0.64110327, -0.75835985, 0.117800824), (0.6183905, -0.7073135, 0.3424921), (0.5678322, -0.76996475, 0.29106864), (0.6722022, -0.665924, 0.32355744), (0.51970756, -0.7632309, 0.38390452), (0.54991233, -0.75787526, 0.35102922), (0.60359627, -0.7681175, 0.2136985), (0.5557576, -0.74487305, 0.36918533), (0.5567513, -0.7115082, 0.4287006), (0.5678322, -0.76996475, 0.29106864), (0.5620789, -0.7525088, 0.3432169), (0.5557576, -0.74487305, 0.36918533), (0.54991233, -0.75787526, 0.35102922), (0.6589746, -0.34499967, 0.668377), (0.63531804, -0.62294966, 0.4564041), (0.5557576, -0.74487305, 0.36918533), (0.36107343, -0.8647259, 0.34910604), (0.5567513, -0.7115082, 0.4287006), (0.5557576, -0.74487305, 0.36918533), (0.3462991, -0.926313, 0.14839585), (0.32359147, -0.9304212, 0.17206115), (0.7372984, -0.6658613, -0.114104204), (0.7583006, -0.6390845, -0.12865143), (0.75902534, -0.64561063, -0.0840678), (0.7593374, -0.6379871, -0.12798159), (0.7734846, -0.6217217, -0.12322271), (0.7583006, -0.6390845, -0.12865143), (0.7744152, -0.62067163, -0.12266971), (0.77762645, -0.6162376, -0.12469304), (0.7734846, -0.6217217, -0.12322271), (0.5620789, -0.7525088, 0.3432169), (0.63531804, -0.62294966, 0.4564041), (0.3462991, -0.926313, 0.14839585), (0.6722022, -0.665924, 0.32355744), (0.5620789, -0.7525088, 0.3432169), (0.6183905, -0.7073135, 0.3424921), (0.7094306, -0.67293626, 0.2094399), (0.6722022, -0.665924, 0.32355744), (0.6183905, -0.7073135, 0.3424921), (0.7926886, -0.597912, 0.118937105), (0.7094306, -0.67293626, 0.2094399), (0.7579547, -0.65195155, 0.021535395), (0.7579547, -0.65195155, 0.021535395), (0.8479655, -0.5271577, 0.055310275), (0.7926886, -0.597912, 0.118937105), (0.5567513, -0.7115082, 0.4287006), (0.23939821, -0.8743107, 0.42221949), (0.5524654, -0.7201803, 0.4196694), (0.6537518, -0.73899275, 0.16278318), (0.5567513, -0.7115082, 0.4287006), (0.5524654, -0.7201803, 0.4196694), (0.6097919, -0.79233736, 0.018851327), (0.60359627, -0.7681175, 0.2136985), (0.6537518, -0.73899275, 0.16278318), (0.64243203, -0.76078206, -0.0921502), (0.6097919, -0.79233736, 0.018851327), (0.6082167, -0.78159124, -0.13851935), (0.7068016, -0.70643497, -0.0371631), (0.6826703, -0.7152323, -0.14967951), (0.7372984, -0.6658613, -0.114104204), (0.24583092, 0.11655331, 0.96227986), (0.16001259, 0.0214413, 0.98688215), (0.23871166, 0.013814854, 0.9709922), (0.32731918, 0.0067379503, 0.9448898), (0.37627423, 0.080102414, 0.9230392), (0.3227873, 0.08731388, 0.9424355), (0.06201397, 0.0072918213, 0.9980486), (0.024214802, 0.19384356, 0.9807336), (0.09624062, -0.021943634, 0.9951161), (0.09624062, -0.021943634, 0.9951161), (0.041817263, -0.17131211, 0.9843289), (0.06201397, 0.0072918213, 0.9980486), (0.32731918, 0.0067379503, 0.9448898), (0.20233932, -0.15627554, 0.9667661), (0.25805295, -0.14499128, 0.9551891), (0.23871166, 0.013814854, 0.9709922), (0.09749835, -0.15363824, 0.9833053), (0.20233932, -0.15627554, 0.9667661), (0.041817263, -0.17131211, 0.9843289), (0.060823027, -0.24637808, 0.96726334), (0.06449197, -0.29853418, 0.95221746), (0.20233932, -0.15627554, 0.9667661), (0.11919389, -0.30547252, 0.9447112), (0.25805295, -0.14499128, 0.9551891), (0.20233932, -0.15627554, 0.9667661), (0.085142456, -0.35794345, 0.9298534), (0.13563696, -0.3775995, 0.915981), (0.06449197, -0.29853418, 0.95221746), (0.16421318, -0.5160954, 0.8406424), (0.16645974, -0.50555724, 0.8465831), (0.11919389, -0.30547252, 0.9447112), (0.06163297, -0.47888178, 0.8757132), (-0.049289923, -0.45743158, 0.8878777), (0.13563696, -0.3775995, 0.915981), (0.11896226, -0.48316935, 0.8674073), (0.06163297, -0.47888178, 0.8757132), (0.16645974, -0.50555724, 0.8465831), (-0.2999359, -0.56744486, 0.76684076), (-0.18461439, -0.49677238, 0.8480181), (0.06163297, -0.47888178, 0.8757132), (0.11617928, -0.55591685, 0.82307893), (-0.049289923, -0.45743158, 0.8878777), (0.06163297, -0.47888178, 0.8757132), (0.18033588, -0.5172066, 0.8366459), (0.2513346, -0.526681, 0.81205785), (0.24583092, 0.11655331, 0.96227986), (0.22917736, 0.17121243, 0.9582088), (0.21169114, 0.109720506, 0.97115815), (0.22808672, 0.17588435, 0.9576227), (0.21431892, 0.19988331, 0.95609313), (0.22917736, 0.17121243, 0.9582088), (0.21347731, 0.20373657, 0.9554678), (0.21399055, 0.21383542, 0.9531434), (0.21431892, 0.19988331, 0.95609313), (0.11896226, -0.48316935, 0.8674073), (-0.18461439, -0.49677238, 0.8480181), (0.18033588, -0.5172066, 0.8366459), (0.06449197, -0.29853418, 0.95221746), (0.11896226, -0.48316935, 0.8674073), (0.085142456, -0.35794345, 0.9298534), (0.09749835, -0.15363824, 0.9833053), (0.06449197, -0.29853418, 0.95221746), (0.085142456, -0.35794345, 0.9298534), (0.06201397, 0.0072918213, 0.9980486), (0.09749835, -0.15363824, 0.9833053), (0.16001259, 0.0214413, 0.98688215), (0.16001259, 0.0214413, 0.98688215), (0.05083726, 0.10207466, 0.99347687), (0.06201397, 0.0072918213, 0.9980486), (-0.049289923, -0.45743158, 0.8878777), (0.14731668, -0.6298732, 0.7625991), (-0.050366525, -0.44941092, 0.8919042), (0.11919389, -0.30547252, 0.9447112), (-0.050366525, -0.44941092, 0.8919042), (0.15384445, -0.24662668, 0.95682144), (0.25805295, -0.14499128, 0.9551891), (0.15384445, -0.24662668, 0.95682144), (0.3228574, -0.09900968, 0.94125456), (0.32731918, 0.0067379503, 0.9448898), (0.3228574, -0.09900968, 0.94125456), (0.3832257, 0.022261456, 0.9233864), (0.23871166, 0.013814854, 0.9709922), (0.3227873, 0.08731388, 0.9424355), (0.24583092, 0.11655331, 0.96227986), (-0.2629473, 0.24451767, 0.9333113), (-0.0796139, 0.16379593, 0.9832765), (-0.23792359, 0.27398407, 0.9318396), (0.15562904, 0.15791164, 0.97511196), (0.19914493, 0.30293578, 0.93197167), (-0.04887571, 0.29011074, 0.95574415), (-0.31278938, 0.071289025, 0.94714344), (-0.4552326, 0.17059648, 0.87387645), (-0.2618035, 0.058253214, 0.96336156), (-0.2618035, 0.058253214, 0.96336156), (-0.2025959, -0.073186696, 0.9765237), (-0.31278938, 0.071289025, 0.94714344), (-0.0796139, 0.16379593, 0.9832765), (0.30076152, -0.029471269, 0.9532439), (0.15562904, 0.15791164, 0.97511196), (-0.23129243, 0.13591525, 0.96334356), (0.15818736, 0.10914873, 0.9813579), (-0.0796139, 0.16379593, 0.9832765), (-0.2025959, -0.073186696, 0.9765237), (-0.13491684, -0.1243008, 0.9830294), (-0.06258414, -0.12396398, 0.99031115), (0.30076152, -0.029471269, 0.9532439), (0.4012055, 0.070852555, 0.9132437), (0.419094, -0.008231778, 0.90790546), (0.15818736, 0.10914873, 0.9813579), (0.2000555, -0.03494897, 0.979161), (0.4012055, 0.070852555, 0.9132437), (-0.06258414, -0.12396398, 0.99031115), (0.13096195, -0.23888777, 0.9621754), (0.14479345, -0.20762593, 0.96743286), (0.419094, -0.008231778, 0.90790546), (0.36693317, 0.06808962, 0.927752), (0.38179526, 0.18932836, 0.9046475), (0.4012055, 0.070852555, 0.9132437), (0.19459546, -0.093405835, 0.9764261), (0.36693317, 0.06808962, 0.927752), (0.14479345, -0.20762593, 0.96743286), (-0.12447744, -0.5896298, 0.7980238), (-0.09979137, -0.43990597, 0.8924822), (0.36693317, 0.06808962, 0.927752), (0.055828974, -0.10306275, 0.9931068), (0.38179526, 0.18932836, 0.9046475), (0.36693317, 0.06808962, 0.927752), (0.14454278, -0.19635722, 0.96982026), (0.17698045, -0.16703127, 0.9699373), (-0.23792359, 0.27398407, 0.9318396), (-0.28434557, 0.299506, 0.91073805), (-0.2629473, 0.24451767, 0.9333113), (-0.28951827, 0.30376625, 0.9076922), (-0.31316492, 0.31375477, 0.8963737), (-0.28434557, 0.299506, 0.91073805), (-0.31738517, 0.3177333, 0.8934832), (-0.32105654, 0.3270722, 0.88878936), (-0.31316492, 0.31375477, 0.8963737), (0.19459546, -0.093405835, 0.9764261), (-0.09979137, -0.43990597, 0.8924822), (0.14454278, -0.19635722, 0.96982026), (-0.06258414, -0.12396398, 0.99031115), (0.19459546, -0.093405835, 0.9764261), (0.2000555, -0.03494897, 0.979161), (-0.07791675, 0.0033840344, 0.99695414), (-0.06258414, -0.12396398, 0.99031115), (0.2000555, -0.03494897, 0.979161), (-0.31278938, 0.071289025, 0.94714344), (-0.07791675, 0.0033840344, 0.99695414), (-0.23129243, 0.13591525, 0.96334356), (-0.23129243, 0.13591525, 0.96334356), (-0.37186447, 0.13548608, 0.9183466), (-0.31278938, 0.071289025, 0.94714344), (0.38179526, 0.18932836, 0.9046475), (-0.20379882, 0.08886495, 0.9749713), (0.30535644, 0.14236708, 0.9415355), (0.32718408, -0.094283536, 0.9402452), (0.38179526, 0.18932836, 0.9046475), (0.30535644, 0.14236708, 0.9415355), (0.30076152, -0.029471269, 0.9532439), (0.32718408, -0.094283536, 0.9402452), (0.3098693, 0.005151203, 0.95076525), (0.15562904, 0.15791164, 0.97511196), (0.3098693, 0.005151203, 0.95076525), (0.32179782, 0.28837073, 0.9018251), (-0.0796139, 0.16379593, 0.9832765), (-0.04887571, 0.29011074, 0.95574415), (-0.23792359, 0.27398407, 0.9318396), (-0.73809505, -0.5080288, 0.44398475), (-0.6984467, -0.4611743, 0.5472572), (-0.76055765, -0.473864, 0.44385242), (-0.7346078, -0.37821952, 0.56329507), (-0.7954419, -0.3425042, 0.499963), (-0.7798529, -0.39420256, 0.48624456), (-0.59164095, -0.6287135, 0.5046586), (-0.6856517, -0.67640483, 0.2689948), (-0.5760799, -0.5693255, 0.58651555), (-0.5760799, -0.5693255, 0.58651555), (-0.45648038, -0.5608679, 0.69069004), (-0.59164095, -0.6287135, 0.5046586), (-0.6984467, -0.4611743, 0.5472572), (-0.6054351, -0.40073803, 0.68764627), (-0.7346078, -0.37821952, 0.56329507), (-0.6609467, -0.53799087, 0.52317816), (-0.5645231, -0.44259027, 0.6967262), (-0.6984467, -0.4611743, 0.5472572), (-0.45648038, -0.5608679, 0.69069004), (-0.42094526, -0.5242243, 0.7402662), (-0.4035453, -0.5010554, 0.7655682), (-0.5645231, -0.44259027, 0.6967262), (-0.4314384, -0.44808796, 0.782993), (-0.6054351, -0.40073803, 0.68764627), (-0.49927917, -0.5396698, 0.67784715), (-0.3756038, -0.4184953, 0.82691205), (-0.5645231, -0.44259027, 0.6967262), (-0.4035453, -0.5010554, 0.7655682), (-0.33200717, -0.41510487, 0.8470296), (-0.3599564, -0.40856305, 0.83875364), (-0.3756038, -0.4184953, 0.82691205), (-0.2889801, -0.486851, 0.82429767), (-0.4314384, -0.44808796, 0.782993), (-0.3756038, -0.4184953, 0.82691205), (-0.37856108, -0.41160065, 0.8290214), (-0.35799155, -0.43903783, 0.8240679), (-0.3599564, -0.40856305, 0.83875364), (0.0609354, -0.7064999, 0.70508504), (-0.21932772, -0.66656566, 0.7124504), (-0.35799155, -0.43903783, 0.8240679), (-0.53601766, -0.22802942, 0.81282693), (-0.2889801, -0.486851, 0.82429767), (-0.35799155, -0.43903783, 0.8240679), (-0.5902588, -0.26468018, 0.762587), (-0.61958534, -0.18593958, 0.762588), (-0.76055765, -0.473864, 0.44385242), (-0.7722532, -0.49878192, 0.3934991), (-0.73809505, -0.5080288, 0.44398475), (-0.7746564, -0.50128305, 0.3855163), (-0.7750327, -0.5166935, 0.36380216), (-0.7722532, -0.49878192, 0.3934991), (-0.7767181, -0.5184664, 0.3576332), (-0.7797406, -0.5189245, 0.35031703), (-0.7750327, -0.5166935, 0.36380216), (-0.37856108, -0.41160065, 0.8290214), (-0.21932772, -0.66656566, 0.7124504), (-0.5902588, -0.26468018, 0.762587), (-0.4035453, -0.5010554, 0.7655682), (-0.37856108, -0.41160065, 0.8290214), (-0.3554693, -0.47137615, 0.8071221), (-0.45648038, -0.5608679, 0.69069004), (-0.3554693, -0.47137615, 0.8071221), (-0.49927917, -0.5396698, 0.67784715), (-0.59164095, -0.6287135, 0.5046586), (-0.49927917, -0.5396698, 0.67784715), (-0.6609467, -0.53799087, 0.52317816), (-0.6609467, -0.53799087, 0.52317816), (-0.6473129, -0.64032716, 0.41348177), (-0.59164095, -0.6287135, 0.5046586), (-0.2889801, -0.486851, 0.82429767), (-0.50223994, -0.037920963, 0.8638964), (-0.26149443, -0.52884585, 0.8074296), (-0.4314384, -0.44808796, 0.782993), (-0.26149443, -0.52884585, 0.8074296), (-0.49436325, -0.45728737, 0.7392518), (-0.6054351, -0.40073803, 0.68764627), (-0.49436325, -0.45728737, 0.7392518), (-0.6788953, -0.34858015, 0.6462143), (-0.7346078, -0.37821952, 0.56329507), (-0.6788953, -0.34858015, 0.6462143), (-0.7718023, -0.3259926, 0.54593956), (-0.6984467, -0.4611743, 0.5472572), (-0.7798529, -0.39420256, 0.48624456), (-0.76055765, -0.473864, 0.44385242), (-0.21493857, 0.41972023, 0.88183695), (-0.1358368, 0.45216563, 0.88152975), (-0.16353983, 0.43651405, 0.8847092), (0.044346064, 0.46089444, 0.8863462), (0.045054533, 0.4552714, 0.8892121), (-0.07049982, 0.47685954, 0.8761477), (-0.37278968, 0.23861241, 0.8967117), (-0.43416062, 0.31830215, 0.8427267), (-0.35840967, 0.17021875, 0.91791505), (-0.35840967, 0.17021875, 0.91791505), (-0.32957023, -0.1219999, 0.9362155), (-0.37278968, 0.23861241, 0.8967117), (-0.1358368, 0.45216563, 0.88152975), (0.14024605, 0.3735414, 0.9169503), (0.044346064, 0.46089444, 0.8863462), (-0.1358368, 0.45216563, 0.88152975), (-0.26340944, 0.068072535, 0.96227944), (-0.06928346, 0.25847927, 0.963529), (-0.32957023, -0.1219999, 0.9362155), (-0.219237, -0.43777236, 0.87194633), (-0.256738, -0.45069748, 0.8549605), (-0.06928346, 0.25847927, 0.963529), (0.16428173, -0.017525861, 0.98625773), (0.14024605, 0.3735414, 0.9169503), (-0.06928346, 0.25847927, 0.963529), (-0.23869994, -0.3603659, 0.9017531), (-0.055091243, -0.2708604, 0.9610409), (-0.256738, -0.45069748, 0.8549605), (-0.14043324, -0.616276, 0.774908), (-0.236411, -0.6084282, 0.7575784), (0.16428173, -0.017525861, 0.98625773), (-0.2561756, -0.4875292, 0.8346792), (-0.069219604, -0.3310771, 0.94106144), (-0.055091243, -0.2708604, 0.9610409), (-0.27921054, -0.5671128, 0.7748706), (-0.2561756, -0.4875292, 0.8346792), (-0.236411, -0.6084282, 0.7575784), (-0.49067023, -0.63617873, 0.5954153), (-0.49419364, -0.5751482, 0.6519028), (-0.2561756, -0.4875292, 0.8346792), (-0.1606734, -0.5257687, 0.83531505), (-0.069219604, -0.3310771, 0.94106144), (-0.2561756, -0.4875292, 0.8346792), (-0.22618073, -0.5132458, 0.82790154), (-0.105170816, -0.48950002, 0.8656378), (-0.16353983, 0.43651405, 0.8847092), (-0.15661159, 0.37299523, 0.9145203), (-0.21493857, 0.41972023, 0.88183695), (-0.15874122, 0.37248763, 0.91436), (-0.17601545, 0.37594384, 0.90977186), (-0.15661159, 0.37299523, 0.9145203), (-0.17913951, 0.3794373, 0.9077094), (-0.18279645, 0.38856658, 0.9031066), (-0.17601545, 0.37594384, 0.90977186), (-0.27921054, -0.5671128, 0.7748706), (-0.49419364, -0.5751482, 0.6519028), (-0.22618073, -0.5132458, 0.82790154), (-0.256738, -0.45069748, 0.8549605), (-0.27921054, -0.5671128, 0.7748706), (-0.23869994, -0.3603659, 0.9017531), (-0.26340944, 0.068072535, 0.96227944), (-0.256738, -0.45069748, 0.8549605), (-0.23869994, -0.3603659, 0.9017531), (-0.37278968, 0.23861241, 0.8967117), (-0.26340944, 0.068072535, 0.96227944), (-0.27026442, 0.3856892, 0.882157), (-0.27026442, 0.3856892, 0.882157), (-0.367937, 0.32981497, 0.8693931), (-0.37278968, 0.23861241, 0.8967117), (-0.069219604, -0.3310771, 0.94106144), (0.050463475, -0.5054768, 0.8613633), (0.10462868, -0.2110057, 0.971869), (0.27232528, 0.14655302, 0.950979), (-0.069219604, -0.3310771, 0.94106144), (0.10462868, -0.2110057, 0.971869), (0.14024605, 0.3735414, 0.9169503), (0.27232528, 0.14655302, 0.950979), (0.218307, 0.40216613, 0.8891594), (0.044346064, 0.46089444, 0.8863462), (0.218307, 0.40216613, 0.8891594), (0.1400211, 0.43018988, 0.8918132), (-0.1358368, 0.45216563, 0.88152975), (-0.07049982, 0.47685954, 0.8761477), (-0.16353983, 0.43651405, 0.8847092), (-0.7201202, -0.061214074, 0.6911437), (-0.6406349, -0.04407453, 0.7665796), (-0.72187114, -0.020756766, 0.69171613), (-0.6268654, 0.046140112, 0.7777602), (-0.6748133, 0.10925557, 0.7298563), (-0.6887583, 0.056590676, 0.722779), (-0.6453978, -0.23307957, 0.7274171), (-0.79279655, -0.23935321, 0.5605207), (-0.59625953, -0.19721533, 0.7781906), (-0.59625953, -0.19721533, 0.7781906), (-0.46822992, -0.25378904, 0.84637564), (-0.6453978, -0.23307957, 0.7274171), (-0.6406349, -0.04407453, 0.7665796), (-0.5060356, -0.040885363, 0.86154306), (-0.6268654, 0.046140112, 0.7777602), (-0.6525471, -0.12742898, 0.7469566), (-0.4943663, -0.098284855, 0.86367935), (-0.6406349, -0.04407453, 0.7665796), (-0.46822992, -0.25378904, 0.84637564), (-0.40205368, -0.2441789, 0.8824565), (-0.36693108, -0.23081185, 0.9011589), (-0.4943663, -0.098284855, 0.86367935), (-0.3701774, -0.17315827, 0.9126801), (-0.5060356, -0.040885363, 0.86154306), (-0.49269766, -0.21252272, 0.8438502), (-0.29941592, -0.18107487, 0.9367828), (-0.4943663, -0.098284855, 0.86367935), (-0.36693108, -0.23081185, 0.9011589), (-0.12736768, -0.14433658, 0.9812973), (-0.13371648, -0.13741483, 0.98144644), (-0.29941592, -0.18107487, 0.9367828), (-0.16313332, -0.34406126, 0.9246672), (-0.3701774, -0.17315827, 0.9126801), (-0.29941592, -0.18107487, 0.9367828), (-0.16026029, -0.18216456, 0.97011995), (-0.14760499, -0.26599973, 0.95260537), (-0.13371648, -0.13741483, 0.98144644), (0.0020193309, -0.5866861, 0.80981195), (-0.11462687, -0.49263808, 0.862652), (-0.14760499, -0.26599973, 0.95260537), (-0.07895671, -0.18148287, 0.98021924), (-0.16313332, -0.34406126, 0.9246672), (-0.14760499, -0.26599973, 0.95260537), (-0.12243791, -0.1505133, 0.9809968), (-0.10127153, -0.054909863, 0.9933423), (-0.72187114, -0.020756766, 0.69171613), (-0.7587897, -0.03379402, 0.65045834), (-0.7201202, -0.061214074, 0.6911437), (-0.7638843, -0.03424768, 0.6444439), (-0.77926177, -0.045223426, 0.62506473), (-0.7587897, -0.03379402, 0.65045834), (-0.7832522, -0.045493208, 0.62003744), (-0.78878707, -0.043141257, 0.61315066), (-0.77926177, -0.045223426, 0.62506473), (-0.16026029, -0.18216456, 0.97011995), (-0.11462687, -0.49263808, 0.862652), (-0.12243791, -0.1505133, 0.9809968), (-0.36693108, -0.23081185, 0.9011589), (-0.16026029, -0.18216456, 0.97011995), (-0.31117412, -0.23049898, 0.9219767), (-0.46822992, -0.25378904, 0.84637564), (-0.31117412, -0.23049898, 0.9219767), (-0.49269766, -0.21252272, 0.8438502), (-0.6453978, -0.23307957, 0.7274171), (-0.49269766, -0.21252272, 0.8438502), (-0.6525471, -0.12742898, 0.7469566), (-0.6525471, -0.12742898, 0.7469566), (-0.71693444, -0.21971421, 0.6616122), (-0.6453978, -0.23307957, 0.7274171), (-0.16313332, -0.34406126, 0.9246672), (0.008447306, -0.13909878, 0.9902425), (-0.20831786, -0.35632768, 0.91084254), (-0.3701774, -0.17315827, 0.9126801), (-0.20831786, -0.35632768, 0.91084254), (-0.42778805, -0.15170673, 0.8910569), (-0.5060356, -0.040885363, 0.86154306), (-0.42778805, -0.15170673, 0.8910569), (-0.5439866, 0.03588236, 0.83832633), (-0.6268654, 0.046140112, 0.7777602), (-0.5439866, 0.03588236, 0.83832633), (-0.63438344, 0.10915397, 0.7652731), (-0.6406349, -0.04407453, 0.7665796), (-0.6887583, 0.056590676, 0.722779), (-0.72187114, -0.020756766, 0.69171613), (-0.053287286, -0.48659408, 0.8720016), (0.111409426, -0.33219787, 0.93660694), (0.0030568992, -0.3567492, 0.93419516), (-0.1351698, -0.4077951, 0.9030129), (-0.21674949, -0.4850787, 0.8471826), (-0.14179567, -0.48516, 0.8628521), (0.21499994, -0.24711528, 0.9448328), (0.18966337, -0.48751265, 0.85226715), (0.114728, -0.20563225, 0.9718811), (0.114728, -0.20563225, 0.9718811), (0.19995537, -0.058680024, 0.9780463), (0.21499994, -0.24711528, 0.9448328), (-0.1351698, -0.4077951, 0.9030129), (0.0991939, -0.18508084, 0.9777042), (-0.026845338, -0.2536746, 0.966917), (0.0030568992, -0.3567492, 0.93419516), (0.22146508, -0.14032628, 0.96501905), (0.0991939, -0.18508084, 0.9777042), (0.19995537, -0.058680024, 0.9780463), (0.16540842, -0.105150335, 0.98060364), (0.21929012, -0.06780146, 0.973301), (0.0991939, -0.18508084, 0.9777042), (0.13580176, -0.08469377, 0.9871094), (-0.026845338, -0.2536746, 0.966917), (0.22146508, -0.14032628, 0.96501905), (0.21281397, -0.008058025, 0.97705954), (0.0991939, -0.18508084, 0.9777042), (0.21929012, -0.06780146, 0.973301), (0.077522, 0.029416436, 0.9965566), (0.0981607, 0.033123255, 0.99461925), (0.21281397, -0.008058025, 0.97705954), (0.27329847, 0.10253881, 0.9564485), (0.13580176, -0.08469377, 0.9871094), (0.21281397, -0.008058025, 0.97705954), (0.1849464, 0.044542503, 0.9817386), (0.25128603, 0.08055102, 0.9645553), (0.0981607, 0.033123255, 0.99461925), (0.4252352, 0.15307973, 0.8920435), (0.338714, 0.07162167, 0.9381595), (0.25128603, 0.08055102, 0.9645553), (0.058686968, 0.14852257, 0.98716605), (0.27329847, 0.10253881, 0.9564485), (0.25128603, 0.08055102, 0.9645553), (-0.05195639, 0.06865527, 0.99628663), (-0.10995475, 0.08818723, 0.9900166), (-0.053287286, -0.48659408, 0.8720016), (-0.052274752, -0.56789315, 0.82144064), (-0.010598387, -0.4646778, 0.88541645), (-0.053005632, -0.5718527, 0.818642), (-0.03563057, -0.59169245, 0.80537605), (-0.052274752, -0.56789315, 0.82144064), (-0.03421123, -0.5944891, 0.8033756), (-0.03288845, -0.60211533, 0.79773146), (-0.03563057, -0.59169245, 0.80537605), (0.1849464, 0.044542503, 0.9817386), (0.338714, 0.07162167, 0.9381595), (-0.05195639, 0.06865527, 0.99628663), (0.21929012, -0.06780146, 0.973301), (0.1849464, 0.044542503, 0.9817386), (0.25836217, 0.0025403732, 0.9660448), (0.22146508, -0.14032628, 0.96501905), (0.21929012, -0.06780146, 0.973301), (0.25836217, 0.0025403732, 0.9660448), (0.21499994, -0.24711528, 0.9448328), (0.22146508, -0.14032628, 0.96501905), (0.111409426, -0.33219787, 0.93660694), (0.111409426, -0.33219787, 0.93660694), (0.199237, -0.37693754, 0.9045567), (0.21499994, -0.24711528, 0.9448328), (0.27329847, 0.10253881, 0.9564485), (-0.01537723, 0.26580983, 0.96390283), (0.23916863, 0.07192262, 0.96831065), (0.13580176, -0.08469377, 0.9871094), (0.23916863, 0.07192262, 0.96831065), (0.051440492, -0.15322411, 0.98685163), (-0.026845338, -0.2536746, 0.966917), (0.051440492, -0.15322411, 0.98685163), (-0.1591866, -0.3135048, 0.9361487), (-0.1351698, -0.4077951, 0.9030129), (-0.1591866, -0.3135048, 0.9361487), (-0.22493826, -0.42873907, 0.8749775), (0.0030568992, -0.3567492, 0.93419516), (-0.14179567, -0.48516, 0.8628521), (-0.053287286, -0.48659408, 0.8720016), (0.7648124, -0.35733703, 0.53607106), (0.7087167, -0.17516407, 0.68340194), (0.69070566, -0.3323164, 0.64225507), (0.6177428, -0.52916384, 0.58170396), (0.6619274, -0.5933388, 0.4580406), (0.7192796, -0.48288628, 0.49945736), (0.75877786, -0.18896167, 0.6233374), (0.64559263, -0.13372147, 0.7518835), (0.6299305, -0.15260571, 0.761511), (0.64559263, -0.13372147, 0.7518835), (0.4867697, -0.06558651, 0.8710647), (0.6299305, -0.15260571, 0.761511), (0.6177428, -0.52916384, 0.58170396), (0.47587034, -0.24851024, 0.84367657), (0.40257123, -0.4438504, 0.8005831), (0.69070566, -0.3323164, 0.64225507), (0.51634854, -0.06026264, 0.8542556), (0.47587034, -0.24851024, 0.84367657), (0.4867697, -0.06558651, 0.8710647), (0.36612025, -0.064076364, 0.92835885), (0.27256566, -0.0025707465, 0.96213377), (0.40257123, -0.4438504, 0.8005831), (0.08621038, -0.123965085, 0.9885345), (0.06638523, -0.25050512, 0.96583647), (0.47587034, -0.24851024, 0.84367657), (0.16273184, -0.028633231, 0.9862548), (0.08621038, -0.123965085, 0.9885345), (0.27256566, -0.0025707465, 0.96213377), (-0.013391069, -0.1669174, 0.98587996), (-0.06575576, -0.13512114, 0.9886448), (0.06638523, -0.25050512, 0.96583647), (-0.09000589, -0.09492921, 0.99140674), (-0.11825786, -0.087112896, 0.9891544), (0.08621038, -0.123965085, 0.9885345), (-0.095817655, -0.11703186, 0.98849505), (-0.09000589, -0.09492921, 0.99140674), (-0.06575576, -0.13512114, 0.9886448), (-0.10278943, 0.19745347, 0.9749085), (-0.037604406, 0.11214715, 0.9929798), (-0.09000589, -0.09492921, 0.99140674), (-0.1828494, -0.3382311, 0.9231282), (-0.11825786, -0.087112896, 0.9891544), (-0.09000589, -0.09492921, 0.99140674), (-0.0913823, -0.31009907, 0.9463023), (-0.120492004, -0.42745063, 0.8959731), (0.7648124, -0.35733703, 0.53607106), (0.78533125, -0.3857571, 0.48419654), (0.7659044, -0.29155883, 0.5730479), (0.7848101, -0.38999432, 0.48164034), (0.78735894, -0.37946323, 0.485874), (0.78533125, -0.3857571, 0.48419654), (0.786937, -0.37974086, 0.48634037), (0.7829406, -0.3881961, 0.48611486), (0.78735894, -0.37946323, 0.485874), (-0.095817655, -0.11703186, 0.98849505), (-0.037604406, 0.11214715, 0.9929798), (-0.0913823, -0.31009907, 0.9463023), (0.16273184, -0.028633231, 0.9862548), (-0.06575576, -0.13512114, 0.9886448), (-0.095817655, -0.11703186, 0.98849505), (0.51634854, -0.06026264, 0.8542556), (0.27256566, -0.0025707465, 0.96213377), (0.16273184, -0.028633231, 0.9862548), (0.7087167, -0.17516407, 0.68340194), (0.4867697, -0.06558651, 0.8710647), (0.51634854, -0.06026264, 0.8542556), (0.7659044, -0.29155883, 0.5730479), (0.6299305, -0.15260571, 0.761511), (0.7087167, -0.17516407, 0.68340194), (-0.11825786, -0.087112896, 0.9891544), (-0.3189465, -0.34815282, 0.88151157), (-0.08928895, -0.118007965, 0.98899025), (0.117468975, -0.37207872, 0.920738), (-0.11825786, -0.087112896, 0.9891544), (-0.08928895, -0.118007965, 0.98899025), (0.40257123, -0.4438504, 0.8005831), (0.117468975, -0.37207872, 0.920738), (0.41373464, -0.606818, 0.67867196), (0.6177428, -0.52916384, 0.58170396), (0.41373464, -0.606818, 0.67867196), (0.5767701, -0.6370617, 0.51135963), (0.69070566, -0.3323164, 0.64225507), (0.7192796, -0.48288628, 0.49945736), (0.7648124, -0.35733703, 0.53607106), (0.32709408, 0.18640044, 0.9264255), (0.24558519, 0.065968364, 0.96712774), (0.32592276, -0.007891124, 0.94536346), (0.34848645, -0.10552344, 0.93135494), (0.39117685, -0.0025288356, 0.9203121), (0.37782255, 0.03317471, 0.92528355), (0.14033923, 0.13087592, 0.9814155), (0.13666178, 0.35346216, 0.92541236), (0.15122549, 0.13269384, 0.9795525), (0.15122549, 0.13269384, 0.9795525), (0.09262664, -0.03577358, 0.99505806), (0.14033923, 0.13087592, 0.9814155), (0.34848645, -0.10552344, 0.93135494), (0.29769096, -0.22372484, 0.92807716), (0.27577683, -0.2487858, 0.9284679), (0.32592276, -0.007891124, 0.94536346), (0.19837564, -0.13104005, 0.97132677), (0.29769096, -0.22372484, 0.92807716), (0.09262664, -0.03577358, 0.99505806), (0.10318073, -0.10503681, 0.9891011), (0.15158029, -0.18904917, 0.97019786), (0.29769096, -0.22372484, 0.92807716), (0.2328782, -0.23028956, 0.94484633), (0.27577683, -0.2487858, 0.9284679), (0.29769096, -0.22372484, 0.92807716), (0.22606969, -0.30889034, 0.9238394), (0.27882767, -0.3347711, 0.9001019), (0.15158029, -0.18904917, 0.97019786), (0.23171096, -0.12990543, 0.96407187), (0.27366343, -0.0534739, 0.9603379), (0.2328782, -0.23028956, 0.94484633), (0.37912723, 0.0326578, 0.92476803), (0.36960316, 0.1127624, 0.9223221), (0.27882767, -0.3347711, 0.9001019), (0.32572323, -0.065589465, 0.9431873), (0.37912723, 0.0326578, 0.92476803), (0.27366343, -0.0534739, 0.9603379), (-0.49090338, 0.30251843, 0.81700456), (-0.11273976, 0.42821103, 0.89661866), (0.37912723, 0.0326578, 0.92476803), (0.37092888, 0.35609657, 0.8576753), (0.36960316, 0.1127624, 0.9223221), (0.37912723, 0.0326578, 0.92476803), (0.38675898, 0.3461309, 0.8547578), (0.3979059, 0.3438295, 0.85055983), (0.32709408, 0.18640044, 0.9264255), (0.32661298, 0.27188048, 0.90520996), (0.2892182, 0.19914627, 0.9363192), (0.3264499, 0.27577263, 0.90409064), (0.3181036, 0.3028961, 0.89836746), (0.32661298, 0.27188048, 0.90520996), (0.31799132, 0.30616817, 0.8972973), (0.32032004, 0.31582698, 0.89311165), (0.3181036, 0.3028961, 0.89836746), (0.32572323, -0.065589465, 0.9431873), (-0.11273976, 0.42821103, 0.89661866), (0.38675898, 0.3461309, 0.8547578), (0.15158029, -0.18904917, 0.97019786), (0.32572323, -0.065589465, 0.9431873), (0.22606969, -0.30889034, 0.9238394), (0.19837564, -0.13104005, 0.97132677), (0.15158029, -0.18904917, 0.97019786), (0.22606969, -0.30889034, 0.9238394), (0.14033923, 0.13087592, 0.9814155), (0.19837564, -0.13104005, 0.97132677), (0.24558519, 0.065968364, 0.96712774), (0.24558519, 0.065968364, 0.96712774), (0.13814104, 0.24358967, 0.9599902), (0.14033923, 0.13087592, 0.9814155), (0.36960316, 0.1127624, 0.9223221), (0.6927481, 0.18913995, 0.6959354), (0.35367566, 0.088804066, 0.93114305), (0.2089183, -0.16884209, 0.96324736), (0.36960316, 0.1127624, 0.9223221), (0.35367566, 0.088804066, 0.93114305), (0.27577683, -0.2487858, 0.9284679), (0.2089183, -0.16884209, 0.96324736), (0.27770278, -0.20712827, 0.938072), (0.34848645, -0.10552344, 0.93135494), (0.27770278, -0.20712827, 0.938072), (0.35301328, -0.101155, 0.93013394), (0.32592276, -0.007891124, 0.94536346), (0.37782255, 0.03317471, 0.92528355), (0.32709408, 0.18640044, 0.9264255), (-0.8637348, 0.50194097, -0.04491617), (0.008132036, 0.99648947, -0.08332208), (0.013968055, 0.9961404, -0.086655855), (-0.8642963, -0.500805, 0.04675687), (-0.8637348, 0.50194097, -0.04491617), (-0.9072573, 0.42032334, -0.014573207), (0.008230858, -0.9950799, 0.098733485), (-0.8642963, -0.500805, 0.04675687), (-0.8611504, -0.5027909, 0.0749753), (0.8683459, -0.4927498, 0.056329437), (0.008230858, -0.9950799, 0.098733485), (0.013507215, -0.99425054, 0.106223926), (0.91114306, 0.40921402, -0.048602954), (0.86774904, 0.49582937, -0.034130875), (0.8683459, -0.4927498, 0.056329437), (0.013968055, 0.9961404, -0.086655855), (0.008132036, 0.99648947, -0.08332208), (0.86774904, 0.49582937, -0.034130875), (-0.8637348, 0.50194097, -0.04491617), (-0.8674548, 0.49502707, -0.049701866), (-0.0059081875, 0.99648666, -0.0835427), (-0.8674559, -0.49600154, 0.03876504), (-0.8674548, 0.49502707, -0.049701866), (-0.8637348, 0.50194097, -0.04491617), (-0.005909149, -0.9955281, 0.094280526), (-0.8674559, -0.49600154, 0.03876504), (-0.8642963, -0.500805, 0.04675687), (0.8643931, -0.4991038, 0.060990423), (-0.005909149, -0.9955281, 0.094280526), (0.008230858, -0.9950799, 0.098733485), (0.8643933, 0.5020148, -0.028377376), (0.8643931, -0.4991038, 0.060990423), (0.8683459, -0.4927498, 0.056329437), (0.008132036, 0.99648947, -0.08332208), (-0.0059081875, 0.99648666, -0.0835427), (0.8643933, 0.5020148, -0.028377376), (-0.8589601, 0.511107, -0.030939283), (0.028039768, 0.9964455, -0.07943644), (-0.0059081875, 0.99648666, -0.0835427), (-0.8589628, -0.5085011, 0.06007919), (-0.8589601, 0.511107, -0.030939283), (-0.8674548, 0.49502707, -0.049701866), (-0.005909149, -0.9955281, 0.094280526), (0.028040564, -0.9947602, 0.098314665), (-0.8589628, -0.5085011, 0.06007919), (0.8643931, -0.4991038, 0.060990423), (0.8730773, -0.4852225, 0.047907833), (0.028040564, -0.9947602, 0.098314665), (0.8730797, 0.4860318, -0.038794156), (0.8730773, -0.4852225, 0.047907833), (0.8643931, -0.4991038, 0.060990423), (0.028039768, 0.9964455, -0.07943644), (0.8730797, 0.4860318, -0.038794156), (0.8643933, 0.5020148, -0.028377376), (-0.10018957, -0.40131053, 0.9104459), (-0.063180275, -0.3956414, 0.9162293), (-0.0076067448, -0.30650923, 0.9518373), (-0.18565263, -0.28852227, 0.9393019), (-0.24644262, -0.30111873, 0.92119133), (-0.23977363, -0.35910168, 0.9019726), (0.09970217, -0.28793567, 0.9524455), (0.10898789, -0.38518316, 0.9163818), (0.124094166, -0.49436542, 0.86035085), (0.055709887, -0.26164743, 0.9635544), (0.07882916, -0.079935506, 0.99367815), (0.11074013, -0.09578667, 0.9892227), (-0.18565263, -0.28852227, 0.9393019), (-0.09166129, -0.29914087, 0.94979626), (-0.054723978, -0.11927684, 0.9913517), (-0.09166129, -0.29914087, 0.94979626), (-0.0076067448, -0.30650923, 0.9518373), (0.05480709, -0.12074973, 0.9911689), (0.11074013, -0.09578667, 0.9892227), (0.07882916, -0.079935506, 0.99367815), (0.08573597, -0.024395434, 0.9960192), (-0.054723978, -0.11927684, 0.9913517), (0.0038123096, 0.121302254, 0.99260825), (0.028432794, 0.041987754, 0.99871343), (-0.054723978, -0.11927684, 0.9913517), (0.05480709, -0.12074973, 0.9911689), (0.056715094, 0.10140583, 0.9932271), (0.08103559, 0.035082005, 0.9960936), (0.08573597, -0.024395434, 0.9960192), (-0.03176438, 0.2611074, 0.964787), (0.028432794, 0.041987754, 0.99871343), (0.0038123096, 0.121302254, 0.99260825), (0.06970316, 0.23657091, 0.9691108), (0.0038123096, 0.121302254, 0.99260825), (0.056715094, 0.10140583, 0.9932271), (0.011634395, 0.2394275, 0.97084457), (-0.038368765, 0.26021066, 0.9647892), (-0.03176438, 0.2611074, 0.964787), (0.41008928, 0.3701059, 0.83357567), (0.06970316, 0.23657091, 0.9691108), (-0.12570232, 0.28597966, 0.94995505), (0.0029518865, 0.32133305, 0.94696164), (0.06970316, 0.23657091, 0.9691108), (0.011634395, 0.2394275, 0.97084457), (-0.05401307, 0.27484208, 0.9599711), (-0.10018957, -0.40131053, 0.9104459), (-0.08218126, -0.4563479, 0.88599825), (-0.083516814, -0.45244128, 0.8878749), (-0.08218126, -0.4563479, 0.88599825), (-0.06543096, -0.4809517, 0.87430215), (-0.06652065, -0.47766417, 0.8760205), (-0.06543096, -0.4809517, 0.87430215), (-0.06506501, -0.4896645, 0.86947984), (-0.065079525, -0.4896636, 0.8694793), (0.011634395, 0.2394275, 0.97084457), (-0.038368765, 0.26021066, 0.9647892), (0.31524682, 0.27696392, 0.9076952), (0.08103559, 0.035082005, 0.9960936), (-0.038368765, 0.26021066, 0.9647892), (0.011634395, 0.2394275, 0.97084457), (0.05480709, -0.12074973, 0.9911689), (0.11074013, -0.09578667, 0.9892227), (0.08103559, 0.035082005, 0.9960936), (0.09970217, -0.28793567, 0.9524455), (0.11074013, -0.09578667, 0.9892227), (0.05480709, -0.12074973, 0.9911689), (-0.0076067448, -0.30650923, 0.9518373), (-0.063180275, -0.3956414, 0.9162293), (0.10898789, -0.38518316, 0.9163818), (0.18406548, 0.21781862, 0.9584753), (0.0029518865, 0.32133305, 0.94696164), (-0.035189044, 0.40224493, 0.91485554), (0.028432794, 0.041987754, 0.99871343), (0.18406548, 0.21781862, 0.9584753), (0.18296196, 0.203102, 0.96191186), (-0.111554354, -0.13144425, 0.98502696), (0.028432794, 0.041987754, 0.99871343), (-0.008120413, -0.029407274, 0.99953455), (-0.18565263, -0.28852227, 0.9393019), (-0.111554354, -0.13144425, 0.98502696), (-0.18311228, -0.18402305, 0.96571505), (-0.09166129, -0.29914087, 0.94979626), (-0.18565263, -0.28852227, 0.9393019), (-0.18123168, -0.37082502, 0.91084784), (0.6279658, -0.684597, 0.3701159), (0.64589614, -0.6569748, 0.38884735), (0.62509996, -0.6099092, 0.48709437), (0.5121341, -0.7397434, 0.43646112), (0.48143736, -0.78118765, 0.39744666), (0.5193521, -0.78000015, 0.34910333), (0.66865164, -0.52034897, 0.5311704), (0.7296064, -0.51774967, 0.44677725), (0.7939243, -0.5025228, 0.34227926), (0.6307483, -0.55473095, 0.5426143), (0.5224923, -0.5068758, 0.6856228), (0.5491564, -0.4831075, 0.6819343), (0.5121341, -0.7397434, 0.43646112), (0.5742407, -0.6736299, 0.46526375), (0.4795254, -0.6215914, 0.61941874), (0.5742407, -0.6736299, 0.46526375), (0.62509996, -0.6099092, 0.48709437), (0.5386284, -0.5349217, 0.6509518), (0.5491564, -0.4831075, 0.6819343), (0.5224923, -0.5068758, 0.6856228), (0.48640501, -0.48857924, 0.72436213), (0.4795254, -0.6215914, 0.61941874), (0.33460578, -0.51472104, 0.7893676), (0.4084508, -0.51869285, 0.751083), (0.4795254, -0.6215914, 0.61941874), (0.5386284, -0.5349217, 0.6509518), (0.37752894, -0.4781224, 0.79301375), (0.44030812, -0.47724494, 0.7605038), (0.48640501, -0.48857924, 0.72436213), (0.20135225, -0.4920775, 0.8469457), (0.4084508, -0.51869285, 0.751083), (0.33460578, -0.51472104, 0.7893676), (0.27501595, -0.42015043, 0.8647773), (0.33460578, -0.51472104, 0.7893676), (0.37752894, -0.4781224, 0.79301375), (0.24285457, -0.4664764, 0.85054183), (0.19850884, -0.49754676, 0.84441787), (0.20135225, -0.4920775, 0.8469457), (0.30003798, -0.04114346, 0.9530396), (0.27501595, -0.42015043, 0.8647773), (0.12697487, -0.5521284, 0.8240338), (0.1680125, -0.43936643, 0.88245624), (0.27501595, -0.42015043, 0.8647773), (0.24285457, -0.4664764, 0.85054183), (0.17742592, -0.5035908, 0.84552723), (0.6279658, -0.684597, 0.3701159), (0.6675035, -0.67078257, 0.323249), (0.6647266, -0.6718864, 0.3266606), (0.6675035, -0.67078257, 0.323249), (0.68949354, -0.657244, 0.30434984), (0.6872327, -0.6582245, 0.3073299), (0.68949354, -0.657244, 0.30434984), (0.69400275, -0.65654117, 0.29548925), (0.69399875, -0.65654594, 0.29548797), (0.24285457, -0.4664764, 0.85054183), (0.19850884, -0.49754676, 0.84441787), (0.34954086, -0.18104728, 0.9192622), (0.44030812, -0.47724494, 0.7605038), (0.19850884, -0.49754676, 0.84441787), (0.24285457, -0.4664764, 0.85054183), (0.5386284, -0.5349217, 0.6509518), (0.5491564, -0.4831075, 0.6819343), (0.44030812, -0.47724494, 0.7605038), (0.66865164, -0.52034897, 0.5311704), (0.5491564, -0.4831075, 0.6819343), (0.5386284, -0.5349217, 0.6509518), (0.62509996, -0.6099092, 0.48709437), (0.64589614, -0.6569748, 0.38884735), (0.7296064, -0.51774967, 0.44677725), (0.3449172, -0.32825956, 0.87936217), (0.1680125, -0.43936643, 0.88245624), (0.07478214, -0.43135044, 0.8990798), (0.4084508, -0.51869285, 0.751083), (0.3449172, -0.32825956, 0.87936217), (0.35658878, -0.33477172, 0.8722226), (0.45562103, -0.6662976, 0.5903024), (0.4084508, -0.51869285, 0.751083), (0.44178784, -0.56629723, 0.6957952), (0.5121341, -0.7397434, 0.43646112), (0.45562103, -0.6662976, 0.5903024), (0.4480316, -0.72578406, 0.5220202), (0.5742407, -0.6736299, 0.46526375), (0.5121341, -0.7397434, 0.43646112), (0.56277543, -0.7414137, 0.3654991), (0.25460106, 0.4285738, 0.8668926), (0.21793889, 0.4294644, 0.87639207), (0.15268673, 0.35291186, 0.92311424), (0.32336697, 0.30490538, 0.895805), (0.383245, 0.30620107, 0.871415), (0.38404465, 0.3633391, 0.84881943), (0.044406906, 0.35250068, 0.93475735), (0.047226045, 0.4478041, 0.8928836), (0.044223465, 0.554725, 0.8308577), (0.084513366, 0.31991494, 0.9436694), (0.03574517, 0.14651571, 0.9885623), (0.0065003405, 0.16718256, 0.9859045), (0.32336697, 0.30490538, 0.895805), (0.23383279, 0.33156776, 0.913994), (0.17294846, 0.16291282, 0.97136414), (0.23383279, 0.33156776, 0.913994), (0.15268673, 0.35291186, 0.92311424), (0.06561669, 0.18256608, 0.98100156), (0.0065003405, 0.16718256, 0.9859045), (0.03574517, 0.14651571, 0.9885623), (0.020302814, 0.0931124, 0.9954486), (0.17294846, 0.16291282, 0.97136414), (0.0770654, -0.06414468, 0.9949605), (0.06620824, 0.018374508, 0.9976366), (0.17294846, 0.16291282, 0.97136414), (0.06561669, 0.18256608, 0.98100156), (0.028369127, -0.035725735, 0.9989589), (0.015399288, 0.03377663, 0.9993108), (0.020302814, 0.0931124, 0.9954486), (0.08679779, -0.20923507, 0.9740056), (0.06620824, 0.018374508, 0.9976366), (0.0770654, -0.06414468, 0.9949605), (-0.008483514, -0.167966, 0.9857563), (0.0770654, -0.06414468, 0.9949605), (0.028369127, -0.035725735, 0.9989589), (0.04825237, -0.18033859, 0.98242027), (0.09342249, -0.20944975, 0.9733463), (0.08679779, -0.20923507, 0.9740056), (-0.37777546, -0.25030127, 0.8914229), (-0.008483514, -0.167966, 0.9857563), (0.1735511, -0.2501605, 0.9525228), (0.04125219, -0.26373765, 0.9637119), (-0.008483514, -0.167966, 0.9857563), (0.04825237, -0.18033859, 0.98242027), (0.10595985, -0.22672291, 0.96817833), (0.25460106, 0.4285738, 0.8668926), (0.24327828, 0.48440522, 0.8403376), (0.2441521, 0.48044035, 0.8423579), (0.24327828, 0.48440522, 0.8403376), (0.22956407, 0.5107761, 0.8284975), (0.23028418, 0.5074523, 0.8303381), (0.22956407, 0.5107761, 0.8284975), (0.23014618, 0.5191429, 0.82311803), (0.2301534, 0.51914096, 0.8231173), (0.04825237, -0.18033859, 0.98242027), (0.09342249, -0.20944975, 0.9733463), (-0.2622417, -0.17028813, 0.94985855), (0.015399288, 0.03377663, 0.9993108), (0.09342249, -0.20944975, 0.9733463), (0.04825237, -0.18033859, 0.98242027), (0.06561669, 0.18256608, 0.98100156), (0.0065003405, 0.16718256, 0.9859045), (0.015399288, 0.03377663, 0.9993108), (0.044406906, 0.35250068, 0.93475735), (0.0065003405, 0.16718256, 0.9859045), (0.06561669, 0.18256608, 0.98100156), (0.15268673, 0.35291186, 0.92311424), (0.21793889, 0.4294644, 0.87639207), (0.047226045, 0.4478041, 0.8928836), (-0.11883709, -0.13107486, 0.98422414), (0.04125219, -0.26373765, 0.9637119), (0.062499903, -0.35150692, 0.9340967), (0.06620824, 0.018374508, 0.9976366), (-0.11883709, -0.13107486, 0.98422414), (-0.115051344, -0.11657881, 0.9864951), (0.23006372, 0.16509521, 0.9590695), (0.06620824, 0.018374508, 0.9976366), (0.11362257, 0.082632914, 0.99008167), (0.32336697, 0.30490538, 0.895805), (0.23006372, 0.16509521, 0.9590695), (0.30680266, 0.20389779, 0.9296762), (0.23383279, 0.33156776, 0.913994), (0.32336697, 0.30490538, 0.895805), (0.3293358, 0.385105, 0.862109), (-0.27106744, 0.654742, 0.7055745), (-0.29721007, 0.6300272, 0.7174482), (-0.29016042, 0.5441195, 0.7872363), (-0.13841933, 0.6356808, 0.7594406), (-0.09651029, 0.67574096, 0.7307941), (-0.13503955, 0.7068183, 0.6943862), (-0.36281487, 0.46549928, 0.8072644), (-0.4255147, 0.51749605, 0.7423848), (-0.4978036, 0.56779367, 0.6555928), (-0.31356785, 0.47721958, 0.8209365), (-0.2238237, 0.3428558, 0.9123338), (-0.25798827, 0.3332527, 0.9068542), (-0.13841933, 0.6356808, 0.7594406), (-0.21965422, 0.58945143, 0.77736676), (-0.14316052, 0.45181516, 0.8805499), (-0.21965422, 0.58945143, 0.77736676), (-0.29016042, 0.5441195, 0.7872363), (-0.22973539, 0.38595602, 0.8934538), (-0.25798827, 0.3332527, 0.9068542), (-0.2238237, 0.3428558, 0.9123338), (-0.19548608, 0.29957965, 0.93382925), (-0.14316052, 0.45181516, 0.8805499), (-0.04178915, 0.2439108, 0.9688969), (-0.11031456, 0.28783295, 0.95130587), (-0.14316052, 0.45181516, 0.8805499), (-0.22973539, 0.38595602, 0.8934538), (-0.095435396, 0.2261003, 0.96941775), (-0.15540065, 0.2598013, 0.953076), (-0.19548608, 0.29957965, 0.93382925), (0.07481337, 0.15598181, 0.98492265), (-0.11031456, 0.28783295, 0.95130587), (-0.04178915, 0.2439108, 0.9688969), (-0.020096019, 0.11309856, 0.99338055), (-0.04178915, 0.2439108, 0.9688969), (-0.095435396, 0.2261003, 0.96941775), (0.02688895, 0.1470749, 0.98875976), (0.079433, 0.16065682, 0.98380876), (0.07481337, 0.15598181, 0.98492265), (-0.18918772, -0.23596647, 0.95316726), (-0.020096019, 0.11309856, 0.99338055), (0.16523919, 0.19049406, 0.9676818), (0.0865588, 0.08559367, 0.992563), (-0.020096019, 0.11309856, 0.99338055), (0.02688895, 0.1470749, 0.98875976), (0.10119299, 0.15809238, 0.9822254), (-0.27106744, 0.654742, 0.7055745), (-0.31605923, 0.6750346, 0.6666595), (-0.31283942, 0.6736758, 0.6695465), (-0.31605923, 0.6750346, 0.6666595), (-0.34291345, 0.67852354, 0.64962775), (-0.34024143, 0.6774075, 0.65219235), (-0.34291345, 0.67852354, 0.64962775), (-0.3479534, 0.6829591, 0.642258), (-0.34794763, 0.6829627, 0.6422573), (0.02688895, 0.1470749, 0.98875976), (0.079433, 0.16065682, 0.98380876), (-0.18046474, -0.0863701, 0.9797819), (-0.15540065, 0.2598013, 0.953076), (0.079433, 0.16065682, 0.98380876), (0.02688895, 0.1470749, 0.98875976), (-0.22973539, 0.38595602, 0.8934538), (-0.25798827, 0.3332527, 0.9068542), (-0.15540065, 0.2598013, 0.953076), (-0.36281487, 0.46549928, 0.8072644), (-0.25798827, 0.3332527, 0.9068542), (-0.22973539, 0.38595602, 0.8934538), (-0.29016042, 0.5441195, 0.7872363), (-0.29721007, 0.6300272, 0.7174482), (-0.4255147, 0.51749605, 0.7423848), (-0.119833305, 0.05318131, 0.9913686), (0.0865588, 0.08559367, 0.992563), (0.16960202, 0.040044878, 0.9846987), (-0.11031456, 0.28783295, 0.95130587), (-0.119833305, 0.05318131, 0.9913686), (-0.12837656, 0.06556649, 0.9895557), (-0.10542494, 0.49310935, 0.8635559), (-0.11031456, 0.28783295, 0.95130587), (-0.12552433, 0.3616424, 0.9238281), (-0.13841933, 0.6356808, 0.7594406), (-0.10542494, 0.49310935, 0.8635559), (-0.07943103, 0.5680262, 0.8191684), (-0.21965422, 0.58945143, 0.77736676), (-0.13841933, 0.6356808, 0.7594406), (-0.1890291, 0.6824769, 0.7060406), (-0.7697551, -0.2079436, 0.6035201), (-0.7494018, -0.2361244, 0.61858076), (-0.67398536, -0.23639186, 0.6999019), (-0.7468084, -0.077238165, 0.6605388), (-0.7785071, -0.032072525, 0.6268158), (-0.8074055, -0.06787207, 0.5860801), (-0.6057838, -0.31565413, 0.73033446), (-0.6534184, -0.37380892, 0.65826374), (-0.6971144, -0.44178027, 0.5646784), (-0.6148944, -0.26548904, 0.74257696), (-0.48741847, -0.18760204, 0.852777), (-0.4802143, -0.2225134, 0.84845865), (-0.7468084, -0.077238165, 0.6605388), (-0.71100265, -0.16217792, 0.68423206), (-0.583153, -0.097712934, 0.8064644), (-0.71100265, -0.16217792, 0.68423206), (-0.67398536, -0.23639186, 0.6999019), (-0.527758, -0.18974498, 0.8279301), (-0.4802143, -0.2225134, 0.84845865), (-0.48741847, -0.18760204, 0.852777), (-0.44528523, -0.16312236, 0.8804046), (-0.583153, -0.097712934, 0.8064644), (-0.38170505, -0.014816122, 0.9241654), (-0.42860883, -0.07924592, 0.9000081), (-0.583153, -0.097712934, 0.8064644), (-0.527758, -0.18974498, 0.8279301), (-0.36899564, -0.06983024, 0.9268042), (-0.4052365, -0.12663832, 0.9053983), (-0.44528523, -0.16312236, 0.8804046), (-0.2869212, 0.09357115, 0.9533733), (-0.42860883, -0.07924592, 0.9000081), (-0.38170505, -0.014816122, 0.9241654), (-0.25428802, -0.0047383225, 0.967117), (-0.38170505, -0.014816122, 0.9241654), (-0.36899564, -0.06983024, 0.9268042), (-0.28294915, 0.04506314, 0.95807576), (-0.29096046, 0.09858029, 0.95164275), (-0.2869212, 0.09357115, 0.9533733), (0.08051682, -0.2044913, 0.97555137), (-0.25428802, -0.0047383225, 0.967117), (-0.31045526, 0.18660656, 0.93209195), (-0.2175687, 0.09903333, 0.9710079), (-0.25428802, -0.0047383225, 0.967117), (-0.28294915, 0.04506314, 0.95807576), (-0.28627944, 0.12000797, 0.950601), (-0.7697551, -0.2079436, 0.6035201), (-0.7882352, -0.25115308, 0.56178945), (-0.7870195, -0.24805054, 0.5648639), (-0.7882352, -0.25115308, 0.56178945), (-0.7916483, -0.27768144, 0.5442297), (-0.79067427, -0.27510834, 0.5469457), (-0.7916483, -0.27768144, 0.5442297), (-0.79542017, -0.28233618, 0.53627706), (-0.7954237, -0.28233007, 0.536275), (-0.28294915, 0.04506314, 0.95807576), (-0.29096046, 0.09858029, 0.95164275), (-0.0699823, -0.18231626, 0.9807463), (-0.4052365, -0.12663832, 0.9053983), (-0.29096046, 0.09858029, 0.95164275), (-0.28294915, 0.04506314, 0.95807576), (-0.527758, -0.18974498, 0.8279301), (-0.4802143, -0.2225134, 0.84845865), (-0.4052365, -0.12663832, 0.9053983), (-0.6057838, -0.31565413, 0.73033446), (-0.4802143, -0.2225134, 0.84845865), (-0.527758, -0.18974498, 0.8279301), (-0.67398536, -0.23639186, 0.6999019), (-0.7494018, -0.2361244, 0.61858076), (-0.6534184, -0.37380892, 0.65826374), (-0.20380734, -0.10942865, 0.97287613), (-0.2175687, 0.09903333, 0.9710079), (-0.16416633, 0.1776539, 0.9703033), (-0.42860883, -0.07924592, 0.9000081), (-0.20380734, -0.10942865, 0.97287613), (-0.21651912, -0.11683983, 0.9692615), (-0.6180951, -0.056538235, 0.7840676), (-0.42860883, -0.07924592, 0.9000081), (-0.49882767, -0.08796103, 0.8622261), (-0.7468084, -0.077238165, 0.6605388), (-0.6180951, -0.056538235, 0.7840676), (-0.68334115, -0.024202082, 0.729698), (-0.71100265, -0.16217792, 0.68423206), (-0.7468084, -0.077238165, 0.6605388), (-0.7898663, -0.12375717, 0.6006624), (-0.115770034, 0.6189013, 0.7768903), (-0.1461812, 0.5988919, 0.78737503), (-0.15548812, 0.50654256, 0.8480791), (0.011220372, 0.5678758, 0.82303774), (0.059864875, 0.6013844, 0.7967138), (0.027793387, 0.6432389, 0.76516086), (-0.24232264, 0.44260794, 0.8633528), (-0.29433587, 0.51269305, 0.8065434), (-0.3565365, 0.5853469, 0.7281832), (-0.19143961, 0.44262573, 0.8760327), (-0.12935005, 0.28410006, 0.9500293), (-0.1648689, 0.28223673, 0.9450717), (0.011220372, 0.5678758, 0.82303774), (-0.07738965, 0.53743845, 0.8397445), (-0.028688837, 0.37717998, 0.92569554), (-0.07738965, 0.53743845, 0.8397445), (-0.15548812, 0.50654256, 0.8480791), (-0.126666, 0.32923254, 0.93571454), (-0.1648689, 0.28223673, 0.9450717), (-0.12935005, 0.28410006, 0.9500293), (-0.110078596, 0.23398373, 0.9659888), (-0.028688837, 0.37717998, 0.92569554), (0.029588258, 0.14500855, 0.9889879), (-0.028796075, 0.20348191, 0.9786551), (-0.028688837, 0.37717998, 0.92569554), (-0.126666, 0.32923254, 0.93571454), (-0.026548438, 0.13847281, 0.9900103), (-0.07863389, 0.18513009, 0.97956294), (-0.110078596, 0.23398373, 0.9659888), (0.12592942, 0.03411384, 0.9914525), (-0.028796075, 0.20348191, 0.9786551), (0.029588258, 0.14500855, 0.9889879), (0.024431957, 0.010691025, 0.99964434), (0.029588258, 0.14500855, 0.9889879), (-0.026548438, 0.13847281, 0.9900103), (0.07729068, 0.034745008, 0.99640304), (0.13138281, 0.037846524, 0.990609), (0.12592942, 0.03411384, 0.9914525), (-0.21365534, -0.2907856, 0.9326281), (0.024431957, 0.010691025, 0.99964434), (0.22111785, 0.05121095, 0.97390157), (0.123101346, -0.03759773, 0.99168164), (0.024431957, 0.010691025, 0.99964434), (0.07729068, 0.034745008, 0.99640304), (0.15209603, 0.03111152, 0.98787594), (-0.115770034, 0.6189013, 0.7768903), (-0.15643777, 0.65182376, 0.74206), (-0.15350482, 0.6495477, 0.7446637), (-0.15643777, 0.65182376, 0.74206), (-0.18236391, 0.6624278, 0.72658986), (-0.17992797, 0.66053295, 0.7289185), (-0.18236391, 0.6624278, 0.72658986), (-0.18650964, 0.6685425, 0.7199063), (-0.18650609, 0.66854393, 0.7199059), (0.07729068, 0.034745008, 0.99640304), (0.13138281, 0.037846524, 0.990609), (-0.17378862, -0.14965612, 0.97334504), (-0.07863389, 0.18513009, 0.97956294), (0.13138281, 0.037846524, 0.990609), (0.07729068, 0.034745008, 0.99640304), (-0.126666, 0.32923254, 0.93571454), (-0.1648689, 0.28223673, 0.9450717), (-0.07863389, 0.18513009, 0.97956294), (-0.24232264, 0.44260794, 0.8633528), (-0.1648689, 0.28223673, 0.9450717), (-0.126666, 0.32923254, 0.93571454), (-0.15548812, 0.50654256, 0.8480791), (-0.1461812, 0.5988919, 0.78737503), (-0.29433587, 0.51269305, 0.8065434), (-0.08552458, -0.027253512, 0.9959632), (0.123101346, -0.03759773, 0.99168164), (0.19482024, -0.09793959, 0.97593695), (-0.028796075, 0.20348191, 0.9786551), (-0.08552458, -0.027253512, 0.9959632), (-0.09137217, -0.013275809, 0.9957283), (0.016365102, 0.41152203, 0.9112529), (-0.028796075, 0.20348191, 0.9786551), (-0.029072437, 0.28129554, 0.9591807), (0.011220372, 0.5678758, 0.82303774), (0.016365102, 0.41152203, 0.9112529), (0.05627744, 0.48383448, 0.8733482), (-0.07738965, 0.53743845, 0.8397445), (0.011220372, 0.5678758, 0.82303774), (-0.029793698, 0.6292522, 0.7766299), (-0.75123554, 0.23311326, 0.6174976), (-0.7507966, 0.19746876, 0.6303257), (-0.6894307, 0.14886245, 0.7088902), (-0.65754765, 0.3231171, 0.68060744), (-0.657471, 0.38032505, 0.6504496), (-0.70157534, 0.37022874, 0.60887), (-0.6791976, 0.04308074, 0.73269), (-0.7513914, 0.02744731, 0.65928566), (-0.8259435, 0.002906525, 0.5637454), (-0.6578841, 0.08851318, 0.7478996), (-0.5090971, 0.07207694, 0.85768586), (-0.52323514, 0.03969835, 0.8512632), (-0.65754765, 0.3231171, 0.68060744), (-0.6770756, 0.23170343, 0.69848555), (-0.53572416, 0.20332249, 0.8195485), (-0.6770756, 0.23170343, 0.69848555), (-0.6894307, 0.14886245, 0.7088902), (-0.5432828, 0.09502382, 0.8341548), (-0.52323514, 0.03969835, 0.8512632), (-0.5090971, 0.07207694, 0.85768586), (-0.4606209, 0.06616795, 0.8851272), (-0.53572416, 0.20332249, 0.8195485), (-0.32352403, 0.14809953, 0.934558), (-0.39885437, 0.12388412, 0.90860766), (-0.53572416, 0.20332249, 0.8195485), (-0.5432828, 0.09502382, 0.8341548), (-0.3447185, 0.09570398, 0.93381476), (-0.40695143, 0.07142713, 0.9106529), (-0.4606209, 0.06616795, 0.8851272), (-0.1837645, 0.18045604, 0.966264), (-0.39885437, 0.12388412, 0.90860766), (-0.32352403, 0.14809953, 0.934558), (-0.2135394, 0.08057518, 0.973606), (-0.32352403, 0.14809953, 0.934558), (-0.3447185, 0.09570398, 0.93381476), (-0.2083804, 0.13825966, 0.96822613), (-0.18419036, 0.18697219, 0.9649432), (-0.1837645, 0.18045604, 0.966264), (-0.054181833, -0.27506474, 0.9598978), (-0.2135394, 0.08057518, 0.973606), (-0.14954428, 0.2712997, 0.95080644), (-0.12390123, 0.14404047, 0.9817845), (-0.2135394, 0.08057518, 0.973606), (-0.2083804, 0.13825966, 0.96822613), (-0.1680435, 0.20185739, 0.9648912), (-0.75123554, 0.23311326, 0.6174976), (-0.791069, 0.21105234, 0.5741661), (-0.7883004, 0.21269561, 0.5773586), (-0.791069, 0.21105234, 0.5741661), (-0.80904317, 0.19244063, 0.5553519), (-0.8067756, 0.19381057, 0.5581671), (-0.80904317, 0.19244063, 0.5553519), (-0.8147877, 0.19133097, 0.54727834), (-0.8147864, 0.19133475, 0.5472788), (-0.2083804, 0.13825966, 0.96822613), (-0.18419036, 0.18697219, 0.9649432), (-0.16466466, -0.17102227, 0.97140974), (-0.40695143, 0.07142713, 0.9106529), (-0.18419036, 0.18697219, 0.9649432), (-0.2083804, 0.13825966, 0.96822613), (-0.5432828, 0.09502382, 0.8341548), (-0.52323514, 0.03969835, 0.8512632), (-0.40695143, 0.07142713, 0.9106529), (-0.6791976, 0.04308074, 0.73269), (-0.52323514, 0.03969835, 0.8512632), (-0.5432828, 0.09502382, 0.8341548), (-0.6894307, 0.14886245, 0.7088902), (-0.7507966, 0.19746876, 0.6303257), (-0.7513914, 0.02744731, 0.65928566), (-0.2323483, -0.034263387, 0.9720289), (-0.12390123, 0.14404047, 0.9817845), (-0.035031773, 0.1776893, 0.9834629), (-0.39885437, 0.12388412, 0.90860766), (-0.2323483, -0.034263387, 0.9720289), (-0.24700184, -0.03280084, 0.9684597), (-0.5406235, 0.25840867, 0.80059433), (-0.39885437, 0.12388412, 0.90860766), (-0.46124133, 0.15941595, 0.8728362), (-0.65754765, 0.3231171, 0.68060744), (-0.5406235, 0.25840867, 0.80059433), (-0.5753194, 0.32567522, 0.7502954), (-0.6770756, 0.23170343, 0.69848555), (-0.65754765, 0.3231171, 0.68060744), (-0.7193473, 0.31359553, 0.61983645), (-0.1392594, -0.25184676, 0.9576951), (-0.10215683, -0.24697728, 0.9636214), (-0.04321449, -0.15593988, 0.9868207), (-0.2198867, -0.13234405, 0.96650654), (-0.28079233, -0.14490902, 0.94876605), (-0.27646613, -0.20539287, 0.9388186), (0.064813904, -0.14219135, 0.98771495), (0.070255466, -0.24413992, 0.96719176), (0.08138894, -0.36119002, 0.92893356), (0.021888409, -0.112613365, 0.9933978), (0.052952953, 0.0703857, 0.9961134), (0.0841662, 0.052661464, 0.9950592), (-0.2198867, -0.13234405, 0.96650654), (-0.12675676, -0.14531256, 0.98123235), (-0.082233, 0.037017196, 0.9959255), (-0.12675676, -0.14531256, 0.98123235), (-0.04321449, -0.15593988, 0.9868207), (0.027079973, 0.030757144, 0.99915993), (0.0841662, 0.052661464, 0.9950592), (0.052952953, 0.0703857, 0.9961134), (0.062441383, 0.12526956, 0.9901559), (-0.082233, 0.037017196, 0.9959255), (-0.012366659, 0.272146, 0.9621765), (0.008317796, 0.1937148, 0.9810226), (-0.082233, 0.037017196, 0.9959255), (0.027079973, 0.030757144, 0.99915993), (0.039504886, 0.25029245, 0.9673639), (0.06057439, 0.18419942, 0.98102057), (0.062441383, 0.12526956, 0.9901559), (-0.040629055, 0.40743026, 0.9123321), (0.008317796, 0.1937148, 0.9810226), (-0.012366659, 0.272146, 0.9621765), (0.059440237, 0.37944698, 0.9233022), (-0.012366659, 0.272146, 0.9621765), (0.039504886, 0.25029245, 0.9673639), (0.0015488967, 0.38506645, 0.9228876), (-0.04726644, 0.406833, 0.9122789), (-0.040629055, 0.40743026, 0.9123321), (0.4087027, 0.47558764, 0.77895993), (0.059440237, 0.37944698, 0.9233022), (-0.13292351, 0.4338017, 0.89114946), (-0.002693958, 0.46262777, 0.8865485), (0.059440237, 0.37944698, 0.9233022), (0.0015488967, 0.38506645, 0.9228876), (-0.062088545, 0.42121947, 0.904831), (-0.1392594, -0.25184676, 0.9576951), (-0.12336168, -0.3107219, 0.9424615), (-0.1245513, -0.3065179, 0.94368094), (-0.12336168, -0.3107219, 0.9424615), (-0.10750468, -0.33754006, 0.93515205), (-0.10847445, -0.33398405, 0.9363162), (-0.10750468, -0.33754006, 0.93515205), (-0.107513614, -0.34689087, 0.9317229), (-0.10751879, -0.3468903, 0.9317225), (0.0015488967, 0.38506645, 0.9228876), (-0.04726644, 0.406833, 0.9122789), (0.30792248, 0.39917105, 0.8636239), (0.06057439, 0.18419942, 0.98102057), (-0.04726644, 0.406833, 0.9122789), (0.0015488967, 0.38506645, 0.9228876), (0.027079973, 0.030757144, 0.99915993), (0.0841662, 0.052661464, 0.9950592), (0.06057439, 0.18419942, 0.98102057), (0.064813904, -0.14219135, 0.98771495), (0.0841662, 0.052661464, 0.9950592), (0.027079973, 0.030757144, 0.99915993), (-0.04321449, -0.15593988, 0.9868207), (-0.10215683, -0.24697728, 0.9636214), (0.070255466, -0.24413992, 0.96719176), (0.17298609, 0.35431203, 0.91898793), (-0.002693958, 0.46262777, 0.8865485), (-0.03622711, 0.5392288, 0.8413798), (0.008317796, 0.1937148, 0.9810226), (0.17298609, 0.35431203, 0.91898793), (0.17110829, 0.34036013, 0.92459553), (-0.1394265, 0.026512263, 0.98987746), (0.008317796, 0.1937148, 0.9810226), (-0.031601027, 0.12495697, 0.9916588), (-0.2198867, -0.13234405, 0.96650654), (-0.1394265, 0.026512263, 0.98987746), (-0.21296659, -0.025237642, 0.9767335), (-0.12675676, -0.14531256, 0.98123235), (-0.2198867, -0.13234405, 0.96650654), (-0.21875659, -0.21815579, 0.95108026), (0.5668729, -0.29218572, 0.7702484), (0.5737713, -0.25576276, 0.7780565), (0.51621985, -0.18151048, 0.8370012), (0.44494534, -0.3457769, 0.8261125), (0.43452403, -0.4056906, 0.8041169), (0.48533586, -0.41339153, 0.7704263), (0.53025657, -0.0737822, 0.8446207), (0.6139783, -0.088156044, 0.7843845), (0.70549226, -0.0983374, 0.7018621), (0.4959512, -0.109723076, 0.86139035), (0.3420333, -0.040612567, 0.9388099), (0.3648313, -0.013998839, 0.9309684), (0.44494534, -0.3457769, 0.8261125), (0.4845676, -0.25973314, 0.8353041), (0.33917907, -0.17898712, 0.9235374), (0.4845676, -0.25973314, 0.8353041), (0.51621985, -0.18151048, 0.8370012), (0.3722054, -0.07455591, 0.92515105), (0.3648313, -0.013998839, 0.9309684), (0.3420333, -0.040612567, 0.9388099), (0.29324907, -0.018990327, 0.9558475), (0.33917907, -0.17898712, 0.9235374), (0.1339482, -0.05710879, 0.98934144), (0.21593288, -0.055874735, 0.9748082), (0.33917907, -0.17898712, 0.9235374), (0.3722054, -0.07455591, 0.92515105), (0.16781652, -0.0119962385, 0.9857452), (0.23690173, -0.0071821217, 0.9715071), (0.29324907, -0.018990327, 0.9558475), (-0.012511933, -0.05017356, 0.9986622), (0.21593288, -0.055874735, 0.9748082), (0.1339482, -0.05710879, 0.98934144), (0.040622003, 0.039795943, 0.99838173), (0.1339482, -0.05710879, 0.98934144), (0.16781652, -0.0119962385, 0.9857452), (0.02159873, -0.015153909, 0.9996519), (-0.013592703, -0.05673655, 0.9982967), (-0.012511933, -0.05017356, 0.9986622), (-0.01778794, 0.41499522, 0.90964967), (0.040622003, 0.039795943, 0.99838173), (-0.06636827, -0.13183713, 0.9890471), (-0.06255399, 0.0012673679, 0.9980408), (0.040622003, 0.039795943, 0.99838173), (0.02159873, -0.015153909, 0.9996519), (-0.03284413, -0.067241274, 0.997196), (0.5668729, -0.29218572, 0.7702484), (0.6169482, -0.28774977, 0.73251283), (0.6134116, -0.28813216, 0.7353271), (0.6169482, -0.28774977, 0.73251283), (0.641674, -0.27732304, 0.7150849), (0.6387424, -0.27762815, 0.7175868), (0.641674, -0.27732304, 0.7150849), (0.6486318, -0.2789507, 0.70814073), (0.648629, -0.27895737, 0.7081407), (0.02159873, -0.015153909, 0.9996519), (-0.013592703, -0.05673655, 0.9982967), (0.059189696, 0.29166776, 0.9546866), (0.23690173, -0.0071821217, 0.9715071), (-0.013592703, -0.05673655, 0.9982967), (0.02159873, -0.015153909, 0.9996519), (0.3722054, -0.07455591, 0.92515105), (0.3648313, -0.013998839, 0.9309684), (0.23690173, -0.0071821217, 0.9715071), (0.53025657, -0.0737822, 0.8446207), (0.3648313, -0.013998839, 0.9309684), (0.3722054, -0.07455591, 0.92515105), (0.51621985, -0.18151048, 0.8370012), (0.5737713, -0.25576276, 0.7780565), (0.6139783, -0.088156044, 0.7843845), (0.08844684, 0.14510028, 0.9854557), (-0.06255399, 0.0012673679, 0.9980408), (-0.156346, -0.010001747, 0.98765177), (0.21593288, -0.055874735, 0.9748082), (0.08844684, 0.14510028, 0.9854557), (0.10258811, 0.13968357, 0.98486763), (0.33241898, -0.23611216, 0.91309845), (0.21593288, -0.055874735, 0.9748082), (0.2715789, -0.11051783, 0.95604956), (0.44494534, -0.3457769, 0.8261125), (0.33241898, -0.23611216, 0.91309845), (0.35555714, -0.317188, 0.87918764), (0.4845676, -0.25973314, 0.8353041), (0.44494534, -0.3457769, 0.8261125), (0.51531714, -0.36142448, 0.77705896), (0.34581652, 0.4484998, 0.8241716), (0.31053817, 0.4599693, 0.8318619), (0.22686985, 0.40902716, 0.8838704), (0.37937224, 0.3156189, 0.86974794), (0.43783513, 0.29846573, 0.8480676), (0.4538938, 0.35033518, 0.8192958), (0.12211261, 0.4380214, 0.89063215), (0.15039273, 0.5236511, 0.83855325), (0.1763811, 0.61951345, 0.7649136), (0.15214832, 0.39747915, 0.9049095), (0.05902547, 0.24922931, 0.96664405), (0.03626005, 0.27628425, 0.96039176), (0.37937224, 0.3156189, 0.86974794), (0.2997091, 0.36649683, 0.880826), (0.19596078, 0.22741997, 0.953876), (0.2997091, 0.36649683, 0.880826), (0.22686985, 0.40902716, 0.8838704), (0.097404316, 0.2751612, 0.9564511), (0.03626005, 0.27628425, 0.96039176), (0.05902547, 0.24922931, 0.96664405), (0.030038197, 0.2028524, 0.97874856), (0.19596078, 0.22741997, 0.953876), (0.04361121, 0.037374076, 0.99834925), (0.054719526, 0.11960235, 0.9913128), (0.19596078, 0.22741997, 0.953876), (0.097404316, 0.2751612, 0.9564511), (0.004010148, 0.07768539, 0.9969698), (0.009704277, 0.1477031, 0.9889841), (0.030038197, 0.2028524, 0.97874856), (0.015277716, -0.1067257, 0.9941711), (0.054719526, 0.11960235, 0.9913128), (0.04361121, 0.037374076, 0.99834925), (-0.066007555, -0.041128617, 0.9969712), (0.04361121, 0.037374076, 0.99834925), (0.004010148, 0.07768539, 0.9969698), (-0.014454374, -0.068057016, 0.9975767), (0.021626476, -0.10872424, 0.99383664), (0.015277716, -0.1067257, 0.9941711), (-0.44261676, -0.035833545, 0.8959946), (-0.066007555, -0.041128617, 0.9969712), (0.08857004, -0.17095295, 0.9812902), (-0.042812932, -0.1484268, 0.9879963), (-0.066007555, -0.041128617, 0.9969712), (-0.014454374, -0.068057016, 0.9975767), (0.029271768, -0.12914011, 0.9911942), (0.34581652, 0.4484998, 0.8241716), (0.34989628, 0.5017788, 0.79106927), (0.3496726, 0.49799305, 0.7935565), (0.34989628, 0.5017788, 0.79106927), (0.34371755, 0.5291974, 0.77576315), (0.34350985, 0.5260471, 0.7779946), (0.34371755, 0.5291974, 0.77576315), (0.3465891, 0.5364053, 0.7695098), (0.34659246, 0.5364033, 0.76950973), (-0.014454374, -0.068057016, 0.9975767), (0.021626476, -0.10872424, 0.99383664), (-0.31099248, 0.017972618, 0.9502425), (0.009704277, 0.1477031, 0.9889841), (0.021626476, -0.10872424, 0.99383664), (-0.014454374, -0.068057016, 0.9975767), (0.097404316, 0.2751612, 0.9564511), (0.03626005, 0.27628425, 0.96039176), (0.009704277, 0.1477031, 0.9889841), (0.12211261, 0.4380214, 0.89063215), (0.03626005, 0.27628425, 0.96039176), (0.097404316, 0.2751612, 0.9564511), (0.22686985, 0.40902716, 0.8838704), (0.31053817, 0.4599693, 0.8318619), (0.15039273, 0.5236511, 0.83855325), (-0.16281189, 0.022585375, 0.9863986), (-0.042812932, -0.1484268, 0.9879963), (-0.044883564, -0.2415962, 0.9693383), (0.054719526, 0.11960235, 0.9913128), (-0.16281189, 0.022585375, 0.9863986), (-0.15539183, 0.035771977, 0.987205), (0.25181723, 0.21327496, 0.94398195), (0.054719526, 0.11960235, 0.9913128), (0.11741303, 0.16803895, 0.9787631), (0.37937224, 0.3156189, 0.86974794), (0.25181723, 0.21327496, 0.94398195), (0.33644658, 0.22712013, 0.91390383), (0.2997091, 0.36649683, 0.880826), (0.37937224, 0.3156189, 0.86974794), (0.40661925, 0.38693213, 0.8276137), (-0.97268116, -0.19713436, 0.12259448), (-0.6545496, 0.73289496, 0.1855528), (-0.65866905, 0.7449875, 0.10558819), (-0.2997512, -0.95399, 0.007233515), (-0.32231173, -0.9446093, -0.061874565), (-0.97268116, -0.19713436, 0.12259448), (0.6700693, -0.7214053, -0.17487545), (-0.32231173, -0.9446093, -0.061874565), (-0.2997512, -0.95399, 0.007233515), (0.9636941, 0.24850775, -0.0976605), (0.6700693, -0.7214053, -0.17487545), (0.68184817, -0.72629344, -0.0870681), (0.29041067, 0.9537111, 0.07808121), (0.9636941, 0.24850775, -0.0976605), (0.9688641, 0.23300512, -0.08373213), (-0.65866905, 0.7449875, 0.10558819), (-0.6545496, 0.73289496, 0.1855528), (0.29041067, 0.9537111, 0.07808121), (-0.97268116, -0.19713436, 0.12259448), (-0.95645595, -0.21453603, 0.19790488), (-0.63201517, 0.6898267, 0.35312313), (-0.32231173, -0.9446093, -0.061874565), (-0.3461659, -0.9251252, -0.15592477), (-0.95645595, -0.21453603, 0.19790488), (0.6700693, -0.7214053, -0.17487545), (0.62568074, -0.6946067, -0.35502824), (-0.3461659, -0.9251252, -0.15592477), (0.95097184, 0.26015475, -0.1672487), (0.62568074, -0.6946067, -0.35502824), (0.6700693, -0.7214053, -0.17487545), (0.2948041, 0.93640035, 0.19038089), (0.95097184, 0.26015475, -0.1672487), (0.9636941, 0.24850775, -0.0976605), (-0.63201517, 0.6898267, 0.35312313), (0.2948041, 0.93640035, 0.19038089), (0.29041067, 0.9537111, 0.07808121), (-0.95645595, -0.21453603, 0.19790488), (-0.92849535, -0.28915957, 0.23298745), (-0.5779791, 0.6788799, 0.45283794), (-0.3461659, -0.9251252, -0.15592477), (-0.27089295, -0.9355454, -0.22665326), (-0.92849535, -0.28915957, 0.23298745), (0.62568074, -0.6946067, -0.35502824), (0.61988586, -0.6508563, -0.43832368), (-0.27089295, -0.9355454, -0.22665326), (0.9460677, 0.20929986, -0.24728438), (0.61988586, -0.6508563, -0.43832368), (0.62568074, -0.6946067, -0.35502824), (0.39174268, 0.8998486, 0.19185968), (0.9460677, 0.20929986, -0.24728438), (0.95097184, 0.26015475, -0.1672487), (-0.5779791, 0.6788799, 0.45283794), (0.39174268, 0.8998486, 0.19185968), (0.2948041, 0.93640035, 0.19038089), (0.4330403, -0.6128451, 0.66098183), (0.45957825, -0.5842556, 0.6689045), (0.45542672, -0.4871115, 0.74519056), (0.30704004, -0.5969957, 0.74116296), (0.26431078, -0.64696634, 0.7152443), (0.30005643, -0.67771965, 0.67131376), (0.5282875, -0.38853443, 0.7549526), (0.58932596, -0.449029, 0.67161584), (0.6563412, -0.53142905, 0.5355365), (0.4701305, -0.41413343, 0.7794041), (0.3688014, -0.26349103, 0.89137983), (0.40732276, -0.24981484, 0.8784536), (0.38523158, -0.5420713, 0.7468302), (0.30400085, -0.38894048, 0.8696602), (0.27428892, -0.4364386, 0.85690546), (0.38523158, -0.5420713, 0.7468302), (0.45542672, -0.4871115, 0.74519056), (0.38824815, -0.31120345, 0.86741894), (0.40732276, -0.24981484, 0.8784536), (0.3688014, -0.26349103, 0.89137983), (0.3478172, -0.22829977, 0.90934175), (0.30400085, -0.38894048, 0.8696602), (0.21158233, -0.1704515, 0.9623821), (0.26423728, -0.23003447, 0.9366231), (0.30400085, -0.38894048, 0.8696602), (0.38824815, -0.31120345, 0.86741894), (0.23859812, -0.14179568, 0.96071064), (0.3039139, -0.18073937, 0.9353981), (0.3478172, -0.22829977, 0.90934175), (0.06825613, -0.09143525, 0.99346894), (0.21158233, -0.1704515, 0.9623821), (0.1602561, 0.0013915224, 0.9870745), (0.22766344, 0.04882453, 0.97251505), (0.21158233, -0.1704515, 0.9623821), (0.23859812, -0.14179568, 0.96071064), (0.108008236, -0.0691708, 0.99174064), (0.05470533, -0.09119113, 0.9943297), (0.06825613, -0.09143525, 0.99346894), (0.28156495, 0.33276466, 0.8999937), (0.1602561, 0.0013915224, 0.9870745), (-0.028416738, -0.13289748, 0.9907223), (0.04114088, -0.01559907, 0.99903154), (0.1602561, 0.0013915224, 0.9870745), (0.108008236, -0.0691708, 0.99174064), (0.04280714, -0.08813021, 0.99518865), (0.4330403, -0.6128451, 0.66098183), (0.47316822, -0.63017184, 0.6156259), (0.47013563, -0.6295893, 0.61853844), (0.47316822, -0.63017184, 0.6156259), (0.49800068, -0.6280599, 0.5979432), (0.49555802, -0.627774, 0.6002683), (0.49800068, -0.6280599, 0.5979432), (0.50269383, -0.63030183, 0.59162366), (0.5024777, -0.630465, 0.5916334), (0.108008236, -0.0691708, 0.99174064), (0.05470533, -0.09119113, 0.9943297), (0.30391428, 0.19501188, 0.9325269), (0.3039139, -0.18073937, 0.9353981), (0.05470533, -0.09119113, 0.9943297), (0.108008236, -0.0691708, 0.99174064), (0.38824815, -0.31120345, 0.86741894), (0.40732276, -0.24981484, 0.8784536), (0.3039139, -0.18073937, 0.9353981), (0.5282875, -0.38853443, 0.7549526), (0.40732276, -0.24981484, 0.8784536), (0.38824815, -0.31120345, 0.86741894), (0.45542672, -0.4871115, 0.74519056), (0.45957825, -0.5842556, 0.6689045), (0.58932596, -0.449029, 0.67161584), (0.22766344, 0.04882453, 0.97251505), (0.04114088, -0.01559907, 0.99903154), (-0.048381783, 0.0244866, 0.99852866), (0.26423728, -0.23003447, 0.9366231), (0.22766344, 0.04882453, 0.97251505), (0.27372015, 0.012473906, 0.9617285), (0.27428892, -0.4364386, 0.85690546), (0.26423728, -0.23003447, 0.9366231), (0.29518452, -0.30046487, 0.9069658), (0.30704004, -0.5969957, 0.74116296), (0.27428892, -0.4364386, 0.85690546), (0.2507973, -0.5326057, 0.8083514), (0.38523158, -0.5420713, 0.7468302), (0.30704004, -0.5969957, 0.74116296), (0.35538056, -0.64821994, 0.6734356), (0.9904315, -0.09687083, -0.09829254), (0.99524105, -0.06955721, -0.068242185), (0.9949752, -0.07472521, 0.06663682), (0.9700602, -0.23263799, -0.06973317), (0.96438515, -0.24558502, -0.098230496), (0.9637215, -0.21051879, -0.16408136), (0.9884227, -0.05099688, 0.14289773), (0.99448764, 0.07466686, 0.07361515), (0.9902222, 0.13818875, -0.019073265), (0.99442524, -0.059676934, 0.086931095), (0.95024616, -0.15905166, 0.2678336), (0.955881, -0.12084515, 0.26774606), (0.9700602, -0.23263799, -0.06973317), (0.9888218, -0.14833145, -0.015141281), (0.96012586, -0.23298357, 0.15452197), (0.9888218, -0.14833145, -0.015141281), (0.9949752, -0.07472521, 0.06663682), (0.96496594, -0.12233366, 0.23211046), (0.955881, -0.12084515, 0.26774606), (0.95024616, -0.15905166, 0.2678336), (0.9385701, -0.17612837, 0.2967574), (0.953011, -0.284378, 0.10439907), (0.96012586, -0.23298357, 0.15452197), (0.86665845, -0.32380414, 0.37954438), (0.96012586, -0.23298357, 0.15452197), (0.96496594, -0.12233366, 0.23211046), (0.8801721, -0.27515662, 0.38676357), (0.9113684, -0.20101328, 0.35916752), (0.9385701, -0.17612837, 0.2967574), (0.79509354, -0.4459724, 0.41101688), (0.906644, -0.26481658, 0.32843384), (0.86665845, -0.32380414, 0.37954438), (0.7962101, -0.3303117, 0.50689614), (0.86665845, -0.32380414, 0.37954438), (0.8801721, -0.27515662, 0.38676357), (0.78286856, -0.41933244, 0.45964885), (0.7686755, -0.45398057, 0.45059922), (0.79509354, -0.4459724, 0.41101688), (0.55228215, -0.089225225, 0.8288687), (0.7962101, -0.3303117, 0.50689614), (0.7734974, -0.5195477, 0.3630039), (0.7380789, -0.45061368, 0.502182), (0.7962101, -0.3303117, 0.50689614), (0.78286856, -0.41933244, 0.45964885), (0.7827097, -0.49080142, 0.38272637), (0.9904315, -0.09687083, -0.09829254), (0.99101007, -0.055559337, -0.121705264), (0.99085754, -0.057213828, -0.12218027), (0.99101007, -0.055559337, -0.121705264), (0.99220014, -0.028752454, -0.12129336), (0.9921038, -0.030250784, -0.121717006), (0.99220014, -0.028752454, -0.12129336), (0.991987, -0.02194923, -0.124419145), (0.991945, -0.02229334, -0.12469211), (0.78286856, -0.41933244, 0.45964885), (0.7686755, -0.45398057, 0.45059922), (0.69559294, -0.13638848, 0.70537126), (0.8801721, -0.27515662, 0.38676357), (0.9113684, -0.20101328, 0.35916752), (0.7686755, -0.45398057, 0.45059922), (0.96496594, -0.12233366, 0.23211046), (0.955881, -0.12084515, 0.26774606), (0.9113684, -0.20101328, 0.35916752), (0.9949752, -0.07472521, 0.06663682), (0.9884227, -0.05099688, 0.14289773), (0.955881, -0.12084515, 0.26774606), (0.9949752, -0.07472521, 0.06663682), (0.99524105, -0.06955721, -0.068242185), (0.99448764, 0.07466686, 0.07361515), (0.78383887, -0.22084117, 0.5803669), (0.7380789, -0.45061368, 0.502182), (0.66437286, -0.50973374, 0.546608), (0.9417136, -0.16920277, 0.29076803), (0.906644, -0.26481658, 0.32843384), (0.78383887, -0.22084117, 0.5803669), (0.9711471, -0.23167042, 0.056586973), (0.953011, -0.284378, 0.10439907), (0.906644, -0.26481658, 0.32843384), (0.96438515, -0.24558502, -0.098230496), (0.9700602, -0.23263799, -0.06973317), (0.953011, -0.284378, 0.10439907), (0.9888218, -0.14833145, -0.015141281), (0.9700602, -0.23263799, -0.06973317), (0.9774753, -0.16461763, -0.13207181), (0.12575108, 0.24127524, 0.9622748), (0.10264706, 0.21522817, 0.9711542), (0.11466985, 0.11363684, 0.9868827), (0.2569713, 0.20285204, 0.9448898), (0.29219157, 0.24895982, 0.92338675), (0.25175047, 0.29089347, 0.92304), (0.04505574, 0.043228716, 0.9980488), (-0.021040322, 0.11207454, 0.993477), (-0.09764133, 0.16919798, 0.9807335), (0.08998794, 0.040561285, 0.9951166), (0.16882709, -0.10635613, 0.9798907), (0.13670294, -0.11139251, 0.9843293), (0.2569713, 0.20285204, 0.9448898), (0.18203406, 0.15503521, 0.9709931), (0.2556509, -0.0025543228, 0.9667658), (0.18203406, 0.15503521, 0.9709931), (0.11466985, 0.11363684, 0.9868827), (0.17044866, -0.06370233, 0.9833053), (0.13670294, -0.11139251, 0.9843293), (0.16882709, -0.10635613, 0.9798907), (0.19714768, -0.15979198, 0.9672638), (0.2556509, -0.0025543228, 0.9667658), (0.33598867, -0.21930292, 0.9159792), (0.27935353, -0.17170267, 0.9447115), (0.2556509, -0.0025543228, 0.9667658), (0.17044866, -0.06370233, 0.9833053), (0.28386155, -0.23409046, 0.9298518), (0.2315426, -0.19917192, 0.9522177), (0.19714768, -0.15979198, 0.9672638), (0.44233254, -0.3125138, 0.84064084), (0.27935353, -0.17170267, 0.9447115), (0.33598867, -0.21930292, 0.9159792), (0.33806717, -0.34472433, 0.8757144), (0.33598867, -0.21930292, 0.9159792), (0.28386155, -0.23409046, 0.9298518), (0.3863759, -0.3135559, 0.86740786), (0.43776616, -0.3027537, 0.84658194), (0.44233254, -0.3125138, 0.84064084), (0.103145316, -0.6334978, 0.7668387), (0.33806717, -0.34472433, 0.8757144), (0.51820374, -0.2683886, 0.8120544), (0.42804855, -0.37325367, 0.82307726), (0.33806717, -0.34472433, 0.8757144), (0.3863759, -0.3135559, 0.86740786), (0.45586398, -0.30366826, 0.83664423), (0.12575108, 0.24127524, 0.9622748), (0.07580038, 0.27788538, 0.95761895), (0.07949299, 0.2748218, 0.95820343), (0.07580038, 0.27788538, 0.95761895), (0.047288846, 0.2912521, 0.9554769), (0.050284814, 0.28868133, 0.9561038), (0.047288846, 0.2912521, 0.9554769), (0.0417828, 0.29972407, 0.9531106), (0.041651763, 0.29964566, 0.95314085), (0.3863759, -0.3135559, 0.86740786), (0.43776616, -0.3027537, 0.84658194), (0.15247405, -0.50756156, 0.84801704), (0.2315426, -0.19917192, 0.9522177), (0.43776616, -0.3027537, 0.84658194), (0.3863759, -0.3135559, 0.86740786), (0.17044866, -0.06370233, 0.9833053), (0.13670294, -0.11139251, 0.9843293), (0.2315426, -0.19917192, 0.9522177), (0.04505574, 0.043228716, 0.9980488), (0.13670294, -0.11139251, 0.9843293), (0.17044866, -0.06370233, 0.9833053), (0.11466985, 0.11363684, 0.9868827), (0.10264706, 0.21522817, 0.9711542), (-0.021040322, 0.11207454, 0.993477), (0.23666944, -0.39453846, 0.8878778), (0.42804855, -0.37325367, 0.82307726), (0.49750245, -0.413448, 0.76259565), (0.27935353, -0.17170267, 0.9447115), (0.23666944, -0.39453846, 0.8878778), (0.23097327, -0.38879222, 0.8919036), (0.29327255, 0.040059038, 0.9551892), (0.27935353, -0.17170267, 0.9447115), (0.2714845, -0.10386869, 0.95682156), (0.2569713, 0.20285204, 0.9448898), (0.29327255, 0.040059038, 0.9551892), (0.31721228, 0.11582627, 0.9412548), (0.18203406, 0.15503521, 0.9709931), (0.2569713, 0.20285204, 0.9448898), (0.20474438, 0.26437673, 0.94243556), (-0.3572209, 0.036351483, 0.9333123), (-0.2840826, -0.03466254, 0.95817304), (-0.2590732, 0.04370308, 0.9648685), (-0.2334858, 0.13083827, 0.9635174), (-0.23613955, 0.19158319, 0.9526457), (-0.28736722, 0.19738823, 0.93726087), (-0.2938659, -0.13238972, 0.94663393), (-0.37830216, -0.11630253, 0.91834706), (-0.4659735, -0.13859963, 0.8738758), (-0.24393539, -0.111492395, 0.9633613), (-0.09774598, -0.1592586, 0.98238605), (-0.118114404, -0.18242878, 0.9760987), (-0.2590732, 0.04370308, 0.9648685), (-0.10674461, -0.02260031, 0.99402964), (-0.10660602, 0.035426248, 0.99367005), (-0.2840826, -0.03466254, 0.95817304), (-0.1280671, -0.124539986, 0.9839149), (-0.10674461, -0.02260031, 0.99402964), (-0.118114404, -0.18242878, 0.9760987), (-0.09774598, -0.1592586, 0.98238605), (-0.032602847, -0.18052606, 0.9830297), (-0.10674461, -0.02260031, 0.99402964), (0.09786536, -0.11332055, 0.98872685), (0.025056163, -0.11985271, 0.99247545), (-0.1280671, -0.124539986, 0.9839149), (0.068334244, -0.16081455, 0.9846162), (0.09786536, -0.11332055, 0.98872685), (0.011941037, -0.17924555, 0.9837319), (-0.032602847, -0.18052606, 0.9830297), (0.24856767, -0.11149821, 0.9621758), (0.025056163, -0.11985271, 0.99247545), (0.09786536, -0.11332055, 0.98872685), (0.19603634, -0.19612187, 0.960784), (0.09786536, -0.11332055, 0.98872685), (0.068334244, -0.16081455, 0.9846162), (0.20889643, -0.14183992, 0.9675969), (0.23934259, -0.10495918, 0.96524537), (0.24856767, -0.11149821, 0.9621758), (0.2564664, -0.54532856, 0.79802364), (0.19603634, -0.19612187, 0.960784), (0.28567404, -0.030298132, 0.9578477), (0.28765967, -0.15373826, 0.9453129), (0.19603634, -0.19612187, 0.960784), (0.20889643, -0.14183992, 0.9675969), (0.2609268, -0.09898664, 0.96027017), (-0.3550455, 0.07494569, 0.93184006), (-0.41417664, 0.067563064, 0.9076856), (-0.40748113, 0.06728484, 0.91073155), (-0.41417664, 0.067563064, 0.9076856), (-0.44481075, 0.061905656, 0.89348257), (-0.4390513, 0.061276633, 0.89636993), (-0.44481075, 0.061905656, 0.89348257), (-0.4532127, 0.06756966, 0.8888377), (-0.45336276, 0.06714282, 0.8887936), (0.20889643, -0.14183992, 0.9675969), (0.23934259, -0.10495918, 0.96524537), (0.19192022, -0.4252145, 0.8845108), (0.011941037, -0.17924555, 0.9837319), (0.23934259, -0.10495918, 0.96524537), (0.20889643, -0.14183992, 0.9675969), (-0.1280671, -0.124539986, 0.9839149), (-0.118114404, -0.18242878, 0.9760987), (0.011941037, -0.17924555, 0.9837319), (-0.2938659, -0.13238972, 0.94663393), (-0.118114404, -0.18242878, 0.9760987), (-0.1280671, -0.124539986, 0.9839149), (-0.2840826, -0.03466254, 0.95817304), (-0.3572209, 0.036351483, 0.9333123), (-0.37830216, -0.11630253, 0.91834706), (0.15784656, -0.29684985, 0.94178796), (0.28765967, -0.15373826, 0.9453129), (0.36779878, -0.12328332, 0.92169696), (0.025056163, -0.11985271, 0.99247545), (0.15784656, -0.29684985, 0.94178796), (0.15217017, -0.3010634, 0.9413847), (-0.10660602, 0.035426248, 0.99367005), (0.025056163, -0.11985271, 0.99247545), (-0.026998296, -0.08113448, 0.9963374), (-0.2334858, 0.13083827, 0.9635174), (-0.10660602, 0.035426248, 0.99367005), (-0.13404307, 0.10820671, 0.98505014), (-0.2590732, 0.04370308, 0.9648685), (-0.2334858, 0.13083827, 0.9635174), (-0.3061379, 0.14631313, 0.94067633), (-0.28212237, -0.8504613, 0.4439848), (-0.20252548, -0.82780945, 0.5231778), (-0.2787743, -0.78917366, 0.54725665), (-0.35766435, -0.7448329, 0.56329405), (-0.41883567, -0.7256215, 0.5459397), (-0.42772558, -0.753052, 0.4999636), (-0.09252032, -0.8583474, 0.504658), (-0.12991218, -0.90119636, 0.4134826), (-0.13871874, -0.9531, 0.26899326), (-0.11593879, -0.80159646, 0.5865163), (-0.048285373, -0.70558196, 0.70698136), (-0.025662443, -0.72269547, 0.69069), (-0.2787743, -0.78917366, 0.54725665), (-0.18318473, -0.69355166, 0.6967277), (-0.24106206, -0.68485916, 0.6876459), (-0.20252548, -0.82780945, 0.5231778), (-0.072585836, -0.73160976, 0.6778484), (-0.18318473, -0.69355166, 0.6967277), (-0.025662443, -0.72269547, 0.69069), (-0.048285373, -0.70558196, 0.70698136), (-0.01817287, -0.6693676, 0.74270904), (-0.18318473, -0.69355166, 0.6967277), (-0.037214883, -0.5519203, 0.83306605), (-0.070801966, -0.6163837, 0.7842565), (-0.072585836, -0.73160976, 0.6778484), (0.00756598, -0.57844895, 0.8156835), (-0.037214883, -0.5519203, 0.83306605), (-0.019029869, -0.6318827, 0.77483034), (-0.01817287, -0.6693676, 0.74270904), (-0.016532332, -0.39177197, 0.91991377), (-0.037214883, -0.5519203, 0.83306605), (0.09495134, -0.43949845, 0.8932107), (0.16648774, -0.47756794, 0.86267644), (-0.037214883, -0.5519203, 0.83306605), (0.00756598, -0.57844895, 0.8156835), (0.010977256, -0.42523915, 0.90501446), (-0.024935383, -0.38593465, 0.9221891), (-0.016532332, -0.39177197, 0.91991377), (0.47082165, -0.37799257, 0.7971504), (0.09495134, -0.43949845, 0.8932107), (-0.09645442, -0.3296383, 0.93916726), (0.03349, -0.34848002, 0.9367177), (0.09495134, -0.43949845, 0.8932107), (0.010977256, -0.42523915, 0.90501446), (0.0017943368, -0.3910342, 0.9203744), (-0.32065156, -0.83676547, 0.44385377), (-0.31537196, -0.86713046, 0.3855193), (-0.31496337, -0.8636866, 0.3935016), (-0.31537196, -0.86713046, 0.3855193), (-0.3066319, -0.8820868, 0.35763055), (-0.3063576, -0.8796556, 0.36380076), (-0.3066319, -0.8820868, 0.35763055), (-0.30886483, -0.88422674, 0.35035056), (-0.30877057, -0.88427377, 0.35031506), (0.010977256, -0.42523915, 0.90501446), (-0.024935383, -0.38593465, 0.9221891), (0.343055, -0.47466666, 0.8105583), (-0.019029869, -0.6318827, 0.77483034), (-0.024935383, -0.38593465, 0.9221891), (0.010977256, -0.42523915, 0.90501446), (-0.025662443, -0.72269547, 0.69069), (-0.019029869, -0.6318827, 0.77483034), (0.00756598, -0.57844895, 0.8156835), (-0.09252032, -0.8583474, 0.504658), (-0.025662443, -0.72269547, 0.69069), (-0.072585836, -0.73160976, 0.6778484), (-0.20252548, -0.82780945, 0.5231778), (-0.28212237, -0.8504613, 0.4439848), (-0.12991218, -0.90119636, 0.4134826), (0.16648774, -0.47756794, 0.86267644), (0.03349, -0.34848002, 0.9367177), (0.029239979, -0.2489378, 0.96807796), (-0.070801966, -0.6163837, 0.7842565), (0.16648774, -0.47756794, 0.86267644), (0.15522227, -0.53605294, 0.8297911), (-0.24106206, -0.68485916, 0.6876459), (-0.070801966, -0.6163837, 0.7842565), (-0.11836456, -0.66294444, 0.7392527), (-0.35766435, -0.7448329, 0.56329405), (-0.24106206, -0.68485916, 0.6876459), (-0.33111542, -0.6875826, 0.6462142), (-0.2787743, -0.78917366, 0.54725665), (-0.35766435, -0.7448329, 0.56329405), (-0.38410366, -0.7848761, 0.4862448), (-0.28939053, 0.15613772, 0.94439083), (-0.22370884, 0.07388747, 0.97185135), (-0.18605499, 0.14906178, 0.9711664), (-0.14587523, 0.23112242, 0.96192664), (-0.13801846, 0.29151773, 0.94655603), (-0.19272096, 0.30606547, 0.9322996), (-0.24681611, -0.024521459, 0.96875197), (-0.3348089, 0.0023177278, 0.94228315), (-0.42945638, 0.004412112, 0.9030768), (-0.20068738, -0.00583235, 0.9796379), (-0.05427195, -0.083112754, 0.99506116), (-0.07848511, -0.10390422, 0.9914857), (-0.18605499, 0.14906178, 0.9711664), (-0.039402787, 0.055844292, 0.99766165), (-0.029670153, 0.11270061, 0.99318594), (-0.22370884, 0.07388747, 0.97185135), (-0.078463204, -0.043989457, 0.995946), (-0.039402787, 0.055844292, 0.99766165), (-0.07848511, -0.10390422, 0.9914857), (-0.05427195, -0.083112754, 0.99506116), (0.004152181, -0.11355674, 0.9935228), (-0.039402787, 0.055844292, 0.99766165), (0.15274602, -0.07494404, 0.98541975), (0.0790487, -0.068784356, 0.99449486), (-0.078463204, -0.043989457, 0.995946), (0.115815565, -0.11710145, 0.9863438), (0.15274602, -0.07494404, 0.98541975), (0.053188633, -0.12319046, 0.99095666), (0.004152181, -0.11355674, 0.9935228), (0.29897037, -0.097302176, 0.94928867), (0.0790487, -0.068784356, 0.99449486), (0.15274602, -0.07494404, 0.98541975), (0.23583245, -0.1758157, 0.9557572), (0.15274602, -0.07494404, 0.98541975), (0.115815565, -0.11710145, 0.9863438), (0.25786102, -0.12377164, 0.9582214), (0.2938124, -0.08969514, 0.9516455), (0.29897037, -0.097302176, 0.94928867), (0.2306395, -0.53643596, 0.8118139), (0.23583245, -0.1758157, 0.9557572), (0.3508431, -0.02180301, 0.93618035), (0.33441076, -0.14832154, 0.9306826), (0.23583245, -0.1758157, 0.9557572), (0.25786102, -0.12377164, 0.9582214), (0.31721184, -0.081969455, 0.9448056), (-0.2804522, 0.19498956, 0.9398541), (-0.34022683, 0.19825102, 0.91920745), (-0.33480224, 0.19723439, 0.92141527), (-0.34022683, 0.19825102, 0.91920745), (-0.37179363, 0.19452257, 0.9077062), (-0.36719465, 0.19361982, 0.90976894), (-0.37179363, 0.19452257, 0.9077062), (-0.3800634, 0.19985677, 0.90311074), (-0.38019574, 0.19960491, 0.9031108), (0.25786102, -0.12377164, 0.9582214), (0.2938124, -0.08969514, 0.9516455), (0.18949012, -0.40619266, 0.8939245), (0.053188633, -0.12319046, 0.99095666), (0.2938124, -0.08969514, 0.9516455), (0.25786102, -0.12377164, 0.9582214), (-0.078463204, -0.043989457, 0.995946), (-0.07848511, -0.10390422, 0.9914857), (0.053188633, -0.12319046, 0.99095666), (-0.24681611, -0.024521459, 0.96875197), (-0.07848511, -0.10390422, 0.9914857), (-0.078463204, -0.043989457, 0.995946), (-0.22370884, 0.07388747, 0.97185135), (-0.28939053, 0.15613772, 0.94439083), (-0.3348089, 0.0023177278, 0.94228315), (0.18090689, -0.2711399, 0.94538665), (0.33441076, -0.14832154, 0.9306826), (0.41843832, -0.13630077, 0.89795965), (0.0790487, -0.068784356, 0.99449486), (0.18090689, -0.2711399, 0.94538665), (0.17434761, -0.27282208, 0.9461348), (-0.029670153, 0.11270061, 0.99318594), (0.0790487, -0.068784356, 0.99449486), (0.03326422, -0.018690027, 0.9992718), (-0.14587523, 0.23112242, 0.96192664), (-0.029670153, 0.11270061, 0.99318594), (-0.047243763, 0.1910518, 0.98044235), (-0.18605499, 0.14906178, 0.9711664), (-0.14587523, 0.23112242, 0.96192664), (-0.22079258, 0.2573156, 0.9407653), (-0.5373654, -0.48327404, 0.6911473), (-0.44352666, -0.49531823, 0.7469564), (-0.48431537, -0.42165694, 0.7665795), (-0.5277624, -0.34140345, 0.77775985), (-0.57177514, -0.2956855, 0.7652733), (-0.6040813, -0.31999716, 0.7298545), (-0.37408262, -0.5752617, 0.72741747), (-0.43919715, -0.60776097, 0.6616135), (-0.48784882, -0.6691939, 0.56052023), (-0.35653147, -0.51701456, 0.77819103), (-0.22721286, -0.45771044, 0.8595786), (-0.22029679, -0.48488882, 0.8463759), (-0.48431537, -0.42165694, 0.7665795), (-0.33496147, -0.37663937, 0.86368024), (-0.37889546, -0.33790782, 0.8615432), (-0.44352666, -0.49531823, 0.7469564), (-0.26470867, -0.4667385, 0.84385103), (-0.33496147, -0.37663937, 0.86368024), (-0.22029679, -0.48488882, 0.8463759), (-0.22721286, -0.45771044, 0.8595786), (-0.17332132, -0.4373, 0.8824559), (-0.33496147, -0.37663937, 0.86368024), (-0.12954086, -0.3250485, 0.9367832), (-0.19074868, -0.3614294, 0.91267943), (-0.26470867, -0.4667385, 0.84385103), (-0.109098285, -0.37155935, 0.9219768), (-0.12954086, -0.3250485, 0.9367832), (-0.1533758, -0.40544915, 0.9011586), (-0.17332132, -0.4373, 0.8824559), (-0.0144958375, -0.19195175, 0.9812973), (-0.12954086, -0.3250485, 0.9367832), (0.042767648, -0.30118918, 0.95260483), (0.07747936, -0.3728115, 0.9246667), (-0.12954086, -0.3250485, 0.9367832), (-0.109098285, -0.37155935, 0.9219768), (-0.01790403, -0.24196477, 0.9701199), (-0.02373321, -0.19026147, 0.9814465), (-0.0144958375, -0.19195175, 0.9812973), (0.35556537, -0.46666813, 0.8098111), (0.042767648, -0.30118918, 0.95260483), (-0.047634784, -0.10488707, 0.99334264), (0.046524208, -0.19236664, 0.9802197), (0.042767648, -0.30118918, 0.95260483), (-0.01790403, -0.24196477, 0.9701199), (-0.0068356595, -0.19390225, 0.980997), (-0.56317127, -0.45206493, 0.69171923), (-0.5885327, -0.4881767, 0.6444477), (-0.5847437, -0.48474053, 0.6504625), (-0.5885327, -0.4881767, 0.6444477), (-0.5971962, -0.5088418, 0.6200296), (-0.59417576, -0.5062163, 0.62506026), (-0.5971962, -0.5088418, 0.6200296), (-0.60313237, -0.510109, 0.61320484), (-0.6030274, -0.5103057, 0.61314434), (-0.01790403, -0.24196477, 0.9701199), (-0.02373321, -0.19026147, 0.9814465), (0.20580183, -0.46203718, 0.8626513), (-0.1533758, -0.40544915, 0.9011586), (-0.02373321, -0.19026147, 0.9814465), (-0.01790403, -0.24196477, 0.9701199), (-0.22029679, -0.48488882, 0.8463759), (-0.1533758, -0.40544915, 0.9011586), (-0.109098285, -0.37155935, 0.9219768), (-0.37408262, -0.5752617, 0.72741747), (-0.22029679, -0.48488882, 0.8463759), (-0.26470867, -0.4667385, 0.84385103), (-0.44352666, -0.49531823, 0.7469564), (-0.5373654, -0.48327404, 0.6911473), (-0.43919715, -0.60776097, 0.6616135), (0.07747936, -0.3728115, 0.9246667), (0.046524208, -0.19236664, 0.9802197), (0.09065954, -0.105830096, 0.99024284), (-0.19074868, -0.3614294, 0.91267943), (0.07747936, -0.3728115, 0.9246667), (0.048846845, -0.4098554, 0.91084164), (-0.37889546, -0.33790782, 0.8615432), (-0.19074868, -0.3614294, 0.91267943), (-0.2496328, -0.37908307, 0.89105535), (-0.5277624, -0.34140345, 0.77775985), (-0.37889546, -0.33790782, 0.8615432), (-0.455477, -0.29958305, 0.83832616), (-0.48431537, -0.42165694, 0.7665795), (-0.5277624, -0.34140345, 0.77775985), (-0.5834291, -0.3704105, 0.72277695), (0.2572208, -0.46104175, 0.8492809), (0.28353295, -0.43301448, 0.8556329), (0.27252153, -0.32807148, 0.9044894), (0.120352, -0.4290097, 0.8952464), (0.07927474, -0.4776287, 0.8749779), (0.119798, -0.51761997, 0.84718245), (0.34660304, -0.23985296, 0.9068279), (0.41421676, -0.31012166, 0.8557155), (0.49520534, -0.39980245, 0.7713168), (0.29277524, -0.2554984, 0.92141366), (0.1910464, -0.09251641, 0.9772113), (0.22747207, -0.08328428, 0.9702166), (0.120352, -0.4290097, 0.8952464), (0.20148396, -0.3775471, 0.90380436), (0.11606351, -0.21151707, 0.97045857), (0.20148396, -0.3775471, 0.90380436), (0.27252153, -0.32807148, 0.9044894), (0.20266312, -0.14126411, 0.9690057), (0.22747207, -0.08328428, 0.9702166), (0.1910464, -0.09251641, 0.9772113), (0.16405326, -0.048946083, 0.9852364), (0.11606351, -0.21151707, 0.97045857), (0.006039057, 0.01629488, 0.99984896), (0.079409696, -0.029199062, 0.9964143), (0.11606351, -0.21151707, 0.97045857), (0.20266312, -0.14126411, 0.9690057), (0.059653703, 0.034937486, 0.9976075), (0.121744715, -0.0025797456, 0.99255806), (0.16405326, -0.048946083, 0.9852364), (-0.10715986, 0.09963155, 0.98923725), (0.079409696, -0.029199062, 0.9964143), (0.006039057, 0.01629488, 0.99984896), (-0.019207481, 0.15023947, 0.98846304), (0.006039057, 0.01629488, 0.99984896), (0.059653703, 0.034937486, 0.9976075), (-0.06591896, 0.114638306, 0.99121785), (-0.117125496, 0.097521216, 0.98831743), (-0.10715986, 0.09963155, 0.98923725), (0.1458747, 0.47814566, 0.86608166), (-0.019207481, 0.15023947, 0.98846304), (-0.2021449, 0.063557886, 0.97729105), (-0.12756473, 0.17257424, 0.97670126), (-0.019207481, 0.15023947, 0.98846304), (-0.06591896, 0.114638306, 0.99121785), (-0.13920008, 0.10004119, 0.98519796), (0.2572208, -0.46104175, 0.8492809), (0.30364835, -0.48906195, 0.81768954), (0.30031696, -0.4874419, 0.81988424), (0.30364835, -0.48906195, 0.81768954), (0.33135724, -0.49476376, 0.8033749), (0.32854047, -0.493389, 0.80537474), (0.33135724, -0.49476376, 0.8033749), (0.33713427, -0.49995363, 0.79773855), (0.33702132, -0.50003177, 0.79773736), (-0.06591896, 0.114638306, 0.99121785), (-0.117125496, 0.097521216, 0.98831743), (0.14151122, 0.34690318, 0.9271639), (0.121744715, -0.0025797456, 0.99255806), (-0.117125496, 0.097521216, 0.98831743), (-0.06591896, 0.114638306, 0.99121785), (0.20266312, -0.14126411, 0.9690057), (0.22747207, -0.08328428, 0.9702166), (0.121744715, -0.0025797456, 0.99255806), (0.34660304, -0.23985296, 0.9068279), (0.22747207, -0.08328428, 0.9702166), (0.20266312, -0.14126411, 0.9690057), (0.27252153, -0.32807148, 0.9044894), (0.28353295, -0.43301448, 0.8556329), (0.41421676, -0.31012166, 0.8557155), (0.08164153, 0.20990609, 0.974307), (-0.12756473, 0.17257424, 0.97670126), (-0.20933616, 0.21054196, 0.95490867), (0.079409696, -0.029199062, 0.9964143), (0.08164153, 0.20990609, 0.974307), (0.09242076, 0.19144928, 0.97714156), (0.080773935, -0.25730625, 0.9629481), (0.079409696, -0.029199062, 0.9964143), (0.098907776, -0.11476074, 0.988457), (0.120352, -0.4290097, 0.8952464), (0.080773935, -0.25730625, 0.9629481), (0.05826112, -0.34922728, 0.9352251), (0.20148396, -0.3775471, 0.90380436), (0.120352, -0.4290097, 0.8952464), (0.17503932, -0.48992687, 0.85400987), (0.79481333, 0.048875015, 0.6048826), (0.7769398, 0.07985541, 0.6244897), (0.699065, 0.074140824, 0.71120405), (0.75888455, -0.08796023, 0.64525753), (0.7838607, -0.1333659, 0.6064453), (0.8198916, -0.09146835, 0.5651649), (0.6326483, 0.15074688, 0.75962585), (0.68341523, 0.22581123, 0.69422835), (0.74878407, 0.28684637, 0.59752953), (0.66023177, 0.110287525, 0.7429203), (0.5049531, 0.025698476, 0.8627642), (0.49900082, 0.061887953, 0.8643889), (0.75888455, -0.08796023, 0.64525753), (0.73173976, -0.001313098, 0.68158287), (0.5895323, -0.07400049, 0.804348), (0.73173976, -0.001313098, 0.68158287), (0.699065, 0.074140824, 0.71120405), (0.5422894, 0.026849657, 0.8397627), (0.49900082, 0.061887953, 0.8643889), (0.5049531, 0.025698476, 0.8627642), (0.4674147, 0.0020532226, 0.8840358), (0.6166028, -0.11006126, 0.7795431), (0.5895323, -0.07400049, 0.804348), (0.3761785, -0.14823136, 0.9146131), (0.5895323, -0.07400049, 0.804348), (0.5422894, 0.026849657, 0.8397627), (0.37889418, -0.09553218, 0.920496), (0.41549692, -0.021779912, 0.9093338), (0.4674147, 0.0020532226, 0.8840358), (0.27614695, -0.25550482, 0.92653126), (0.4173136, -0.09049794, 0.90424526), (0.3761785, -0.14823136, 0.9146131), (0.24017362, -0.14964071, 0.95912683), (0.3761785, -0.14823136, 0.9146131), (0.37889418, -0.09553218, 0.920496), (0.25515294, -0.23033594, 0.9390646), (0.2481662, -0.25800073, 0.9337287), (0.27614695, -0.25550482, 0.92653126), (-0.07188634, 0.06745394, 0.99512935), (0.24017362, -0.14964071, 0.95912683), (0.29010564, -0.3487451, 0.8911877), (0.19399023, -0.25565132, 0.94710624), (0.24017362, -0.14964071, 0.95912683), (0.25515294, -0.23033594, 0.9390646), (0.2786139, -0.30032888, 0.9122372), (0.79481333, 0.048875015, 0.6048826), (0.81567985, 0.093232885, 0.57094127), (0.8156502, 0.09111804, 0.571325), (0.81567985, 0.093232885, 0.57094127), (0.8190942, 0.12245739, 0.56043625), (0.8190115, 0.1204932, 0.56098264), (0.8190942, 0.12245739, 0.56043625), (0.82242703, 0.12955031, 0.5539229), (0.82256675, 0.12922981, 0.5537902), (0.25515294, -0.23033594, 0.9390646), (0.2481662, -0.25800073, 0.9337287), (0.07221612, 0.03556714, 0.9967547), (0.37889418, -0.09553218, 0.920496), (0.41549692, -0.021779912, 0.9093338), (0.2481662, -0.25800073, 0.9337287), (0.5422894, 0.026849657, 0.8397627), (0.49900082, 0.061887953, 0.8643889), (0.41549692, -0.021779912, 0.9093338), (0.6326483, 0.15074688, 0.75962585), (0.49900082, 0.061887953, 0.8643889), (0.5422894, 0.026849657, 0.8397627), (0.699065, 0.074140824, 0.71120405), (0.7769398, 0.07985541, 0.6244897), (0.68341523, 0.22581123, 0.69422835), (0.20882694, -0.05239426, 0.9765481), (0.19399023, -0.25565132, 0.94710624), (0.12741171, -0.32621378, 0.93667006), (0.47541943, -0.06691198, 0.877211), (0.4173136, -0.09049794, 0.90424526), (0.20882694, -0.05239426, 0.9765481), (0.6166028, -0.11006126, 0.7795431), (0.4173136, -0.09049794, 0.90424526), (0.47541943, -0.06691198, 0.877211), (0.75888455, -0.08796023, 0.64525753), (0.6166028, -0.11006126, 0.7795431), (0.6852421, -0.14162359, 0.71441305), (0.73173976, -0.001313098, 0.68158287), (0.75888455, -0.08796023, 0.64525753), (0.8072885, -0.033365436, 0.5892131), (0.13220496, 0.3696458, 0.9197194), (0.10144174, 0.35218233, 0.9304178), (0.08675733, 0.25221518, 0.9637742), (0.25164106, 0.2943176, 0.9219837), (0.2999539, 0.32413328, 0.89719856), (0.27073902, 0.37767616, 0.88547224), (-0.0006342617, 0.20231186, 0.97932094), (-0.04867425, 0.28458235, 0.9574151), (-0.10426558, 0.36433902, 0.9254111), (0.040577516, 0.1970291, 0.9795576), (0.07997416, 0.025137587, 0.99648), (0.04841185, 0.028202366, 0.9984293), (0.25164106, 0.2943176, 0.9219837), (0.16410346, 0.27298087, 0.9479196), (0.19435489, 0.09984736, 0.9758364), (0.16410346, 0.27298087, 0.9479196), (0.08675733, 0.25221518, 0.9637742), (0.09445006, 0.065605044, 0.9933656), (0.04841185, 0.028202366, 0.9984293), (0.07997416, 0.025137587, 0.99648), (0.09523729, -0.034490954, 0.99485683), (0.19435489, 0.09984736, 0.9758364), (0.21610877, -0.1354207, 0.96693236), (0.183755, -0.08406686, 0.9793706), (0.19435489, 0.09984736, 0.9758364), (0.09445006, 0.065605044, 0.9933656), (0.16181734, -0.13435276, 0.97763205), (0.118934914, -0.08498701, 0.9892582), (0.09523729, -0.034490954, 0.99485683), (0.29376125, -0.25922868, 0.920057), (0.183755, -0.08406686, 0.9793706), (0.21610877, -0.1354207, 0.96693236), (0.1883466, -0.26369926, 0.9460382), (0.21610877, -0.1354207, 0.96693236), (0.16181734, -0.13435276, 0.97763205), (0.24243693, -0.24666245, 0.9382867), (0.29437762, -0.25049454, 0.9222767), (0.29376125, -0.25922868, 0.920057), (-0.09822882, -0.49287534, 0.8645375), (0.1883466, -0.26369926, 0.9460382), (0.38198268, -0.24689959, 0.8905784), (0.26990485, -0.32192796, 0.9074766), (0.1883466, -0.26369926, 0.9460382), (0.24243693, -0.24666245, 0.9382867), (0.32217395, -0.25827876, 0.91076666), (0.13220496, 0.3696458, 0.9197194), (0.093923144, 0.41686478, 0.904103), (0.09639969, 0.41386014, 0.905222), (0.093923144, 0.41686478, 0.904103), (0.068876594, 0.43603197, 0.89729154), (0.07093767, 0.43348902, 0.89836246), (0.068876594, 0.43603197, 0.89729154), (0.064980306, 0.44513908, 0.8931007), (0.06493747, 0.44512936, 0.8931086), (0.24243693, -0.24666245, 0.9382867), (0.29437762, -0.25049454, 0.9222767), (-0.022166869, -0.37711263, 0.9259021), (0.118934914, -0.08498701, 0.9892582), (0.29437762, -0.25049454, 0.9222767), (0.24243693, -0.24666245, 0.9382867), (0.09445006, 0.065605044, 0.9933656), (0.04841185, 0.028202366, 0.9984293), (0.118934914, -0.08498701, 0.9892582), (-0.0006342617, 0.20231186, 0.97932094), (0.04841185, 0.028202366, 0.9984293), (0.09445006, 0.065605044, 0.9933656), (0.08675733, 0.25221518, 0.9637742), (0.10144174, 0.35218233, 0.9304178), (-0.04867425, 0.28458235, 0.9574151), (0.092143, -0.27387905, 0.95734), (0.26990485, -0.32192796, 0.9074766), (0.32728103, -0.38386595, 0.8634431), (0.17140476, -0.023831844, 0.98491246), (0.183755, -0.08406686, 0.9793706), (0.092143, -0.27387905, 0.95734), (0.24312934, 0.12725925, 0.9616097), (0.183755, -0.08406686, 0.9793706), (0.17140476, -0.023831844, 0.98491246), (0.25164106, 0.2943176, 0.9219837), (0.24312934, 0.12725925, 0.9616097), (0.28688854, 0.19190219, 0.93854594), (0.16410346, 0.27298087, 0.9479196), (0.25164106, 0.2943176, 0.9219837), (0.21534815, 0.36774638, 0.9046478), (0.08837045, 0.98851466, 0.122594535), (0.8890957, 0.41842425, 0.18555273), (0.9018596, 0.4189278, 0.105588324), (-0.8289318, 0.55930287, 0.0072334986), (-0.8135073, 0.5782538, -0.061874297), (0.08837045, 0.98851466, 0.122594535), (-0.8825081, -0.43657538, -0.17487514), (-0.8135073, 0.5782538, -0.061874297), (-0.8289318, 0.55930287, 0.0072334986), (-0.036566447, -0.9945478, -0.09766051), (-0.8825081, -0.43657538, -0.17487514), (-0.8905517, -0.44647157, -0.08706811), (0.8313274, -0.550271, 0.07808123), (-0.036566447, -0.9945478, -0.09766051), (-0.052900832, -0.99508315, -0.08373222), (0.9018596, 0.4189278, 0.105588324), (0.8890957, 0.41842425, 0.18555273), (0.8313274, -0.550271, 0.07808123), (0.08837045, 0.98851466, 0.122594535), (0.06706401, 0.9779242, 0.19790557), (0.8413894, 0.4091058, 0.3531236), (-0.8135073, 0.5782538, -0.061874297), (-0.78803325, 0.5955597, -0.15592389), (0.06706401, 0.9779242, 0.19790557), (-0.8825081, -0.43657538, -0.17487514), (-0.844165, -0.40167245, -0.35502762), (-0.78803325, 0.5955597, -0.15592389), (-0.021771803, -0.9856744, -0.16724841), (-0.844165, -0.40167245, -0.35502762), (-0.8825081, -0.43657538, -0.17487514), (0.8134844, -0.5495433, 0.19038197), (-0.021771803, -0.9856744, -0.16724841), (-0.036566447, -0.9945478, -0.09766051), (0.8413894, 0.4091058, 0.3531236), (0.8134844, -0.5495433, 0.19038197), (0.8313274, -0.550271, 0.07808123), (0.06706401, 0.9779242, 0.19790557), (-0.012436851, 0.97240114, 0.23298386), (0.8154922, 0.3604319, 0.4528369), (-0.78803325, 0.5955597, -0.15592389), (-0.8194798, 0.52638394, -0.22665578), (-0.012436851, 0.97240114, 0.23298386), (-0.844165, -0.40167245, -0.35502762), (-0.8005804, -0.40858662, -0.43832418), (-0.8194798, 0.52638394, -0.22665578), (-0.06913065, -0.9664732, -0.24728628), (-0.8005804, -0.40858662, -0.43832418), (-0.844165, -0.40167245, -0.35502762), (0.750805, -0.63204646, 0.1918568), (-0.06913065, -0.9664732, -0.24728628), (-0.021771803, -0.9856744, -0.16724841), (0.8154922, 0.3604319, 0.4528369), (0.750805, -0.63204646, 0.1918568), (0.8134844, -0.5495433, 0.19038197), (-0.7108744, -0.24033354, 0.66098213), (-0.6910381, -0.27392322, 0.6689038), (-0.59674066, -0.29764193, 0.7451913), (-0.65975845, -0.12408629, 0.7411621), (-0.69547087, -0.06888444, 0.71524495), (-0.7351391, -0.094378136, 0.67131466), (-0.52302825, -0.39558575, 0.75495255), (-0.59841394, -0.43684345, 0.67161626), (-0.6965017, -0.47758234, 0.53553766), (-0.5309822, -0.33254427, 0.77940506), (-0.35770106, -0.2783716, 0.8913805), (-0.35557815, -0.31919244, 0.87845343), (-0.62940586, -0.21469142, 0.7468306), (-0.45947146, -0.18049414, 0.8696596), (-0.4965291, -0.1384708, 0.8569041), (-0.62940586, -0.21469142, 0.7468306), (-0.59674066, -0.29764193, 0.7451913), (-0.4089807, -0.2834069, 0.86741877), (-0.35557815, -0.31919244, 0.87845343), (-0.35770106, -0.2783716, 0.8913805), (-0.3179918, -0.2682903, 0.9093413), (-0.45947146, -0.18049414, 0.8696596), (-0.22370182, -0.15420122, 0.96238214), (-0.29582295, -0.18768501, 0.9366232), (-0.45947146, -0.18049414, 0.8696596), (-0.4089807, -0.2834069, 0.86741877), (-0.20393878, -0.1882654, 0.96071076), (-0.2598874, -0.2397692, 0.9353979), (-0.3179918, -0.2682903, 0.9093413), (-0.10710054, -0.039353885, 0.99346906), (-0.22370182, -0.15420122, 0.96238214), (-0.044359155, -0.15399632, 0.98707515), (-0.018109059, -0.23213543, 0.9725149), (-0.22370182, -0.15420122, 0.96238214), (-0.20393878, -0.1882654, 0.96071076), (-0.09709725, -0.08380051, 0.99174064), (-0.10300314, -0.026436308, 0.9943297), (-0.10710054, -0.039353885, 0.99346906), (0.23867963, -0.3647611, 0.8999896), (-0.044359155, -0.15399632, 0.98707515), (-0.11928038, 0.06513269, 0.990722), (-0.026681013, -0.034987465, 0.99903154), (-0.044359155, -0.15399632, 0.98707515), (-0.09709725, -0.08380051, 0.99174064), (-0.09667912, -0.015893333, 0.99518865), (-0.7108744, -0.24033354, 0.66098213), (-0.7389278, -0.27384183, 0.6156269), (-0.73750424, -0.27110258, 0.6185393), (-0.7389278, -0.27384183, 0.6156269), (-0.7439803, -0.29824892, 0.59794724), (-0.74301046, -0.29598606, 0.60027295), (-0.7439803, -0.29824892, 0.59794724), (-0.74746567, -0.30211782, 0.59162486), (-0.74756014, -0.30186483, 0.5916346), (-0.09709725, -0.08380051, 0.99174064), (-0.10300314, -0.026436308, 0.9943297), (0.1002692, -0.34690127, 0.93252647), (-0.2598874, -0.2397692, 0.9353979), (-0.10300314, -0.026436308, 0.9943297), (-0.09709725, -0.08380051, 0.99174064), (-0.4089807, -0.2834069, 0.86741877), (-0.35557815, -0.31919244, 0.87845343), (-0.2598874, -0.2397692, 0.9353979), (-0.52302825, -0.39558575, 0.75495255), (-0.35557815, -0.31919244, 0.87845343), (-0.4089807, -0.2834069, 0.86741877), (-0.59674066, -0.29764193, 0.7451913), (-0.6910381, -0.27392322, 0.6689038), (-0.59841394, -0.43684345, 0.67161626), (-0.018109059, -0.23213543, 0.9725149), (-0.026681013, -0.034987465, 0.99903154), (0.037265003, 0.039395828, 0.9985286), (-0.29582295, -0.18768501, 0.9366232), (-0.018109059, -0.23213543, 0.9725149), (-0.0660825, -0.265916, 0.9617286), (-0.4965291, -0.1384708, 0.8569041), (-0.29582295, -0.18768501, 0.9366232), (-0.37215543, -0.19726463, 0.9069658), (-0.65975845, -0.12408629, 0.7411621), (-0.4965291, -0.1384708, 0.8569041), (-0.5820059, -0.08853513, 0.80835056), (-0.62940586, -0.21469142, 0.7468306), (-0.65975845, -0.12408629, 0.7411621), (-0.72263676, -0.15581551, 0.6734371), (-0.3752328, -0.9217046, -0.098290585), (-0.35042462, -0.9341015, -0.068240575), (-0.3553009, -0.93237364, 0.06663772), (-0.4995566, -0.86347, -0.06973329), (-0.51034886, -0.8543388, -0.09823056), (-0.47654858, -0.8637007, -0.16408128), (-0.33069038, -0.932858, 0.14289814), (-0.21197116, -0.9744993, 0.07361614), (-0.14986932, -0.9885219, -0.0190725), (-0.34072173, -0.93613654, 0.086931296), (-0.42337587, -0.8654579, 0.26783475), (-0.38836166, -0.8817523, 0.2677463), (-0.4995566, -0.86347, -0.06973329), (-0.42409807, -0.9054896, -0.015140863), (-0.49705586, -0.8538492, 0.15452224), (-0.42409807, -0.9054896, -0.015140863), (-0.3553009, -0.93237364, 0.06663772), (-0.39237833, -0.89003575, 0.23211083), (-0.38836166, -0.8817523, 0.2677463), (-0.42337587, -0.8654579, 0.26783475), (-0.4364164, -0.8493975, 0.2967569), (-0.54428786, -0.832377, 0.10439913), (-0.49705586, -0.8538492, 0.15452224), (-0.55745775, -0.738368, 0.3795437), (-0.49705586, -0.8538492, 0.15452224), (-0.39237833, -0.89003575, 0.23211083), (-0.5146816, -0.7651906, 0.3867637), (-0.45251164, -0.8162304, 0.35916728), (-0.4364164, -0.8493975, 0.2967569), (-0.6541514, -0.6349429, 0.41101542), (-0.5123199, -0.7935109, 0.32843363), (-0.55745775, -0.738368, 0.3795437), (-0.54360926, -0.6689897, 0.50689423), (-0.55745775, -0.738368, 0.3795437), (-0.5146816, -0.7651906, 0.3867637), (-0.62513155, -0.63082, 0.45964837), (-0.65429395, -0.6073379, 0.4505997), (-0.6541514, -0.6349429, 0.41101542), (-0.24297442, -0.50391716, 0.8288732), (-0.54360926, -0.6689897, 0.50689423), (-0.7185157, -0.59326327, 0.36300683), (-0.64234626, -0.5789669, 0.50218385), (-0.54360926, -0.6689897, 0.50689423), (-0.62513155, -0.63082, 0.45964837), (-0.6935895, -0.6102894, 0.38272783), (-0.3752328, -0.9217046, -0.098290585), (-0.33579296, -0.9340409, -0.12169934), (-0.33733603, -0.9334227, -0.122174084), (-0.33579296, -0.9340409, -0.12169934), (-0.3104531, -0.942818, -0.121297926), (-0.31186202, -0.9422981, -0.12172168), (-0.3104531, -0.942818, -0.121297926), (-0.30385724, -0.94455874, -0.1244169), (-0.3041772, -0.9444196, -0.124690674), (-0.62513155, -0.63082, 0.45964837), (-0.65429395, -0.6073379, 0.4505997), (-0.3290475, -0.6278329, 0.7053749), (-0.5146816, -0.7651906, 0.3867637), (-0.45251164, -0.8162304, 0.35916728), (-0.65429395, -0.6073379, 0.4505997), (-0.39237833, -0.89003575, 0.23211083), (-0.38836166, -0.8817523, 0.2677463), (-0.45251164, -0.8162304, 0.35916728), (-0.3553009, -0.93237364, 0.06663772), (-0.33069038, -0.932858, 0.14289814), (-0.38836166, -0.8817523, 0.2677463), (-0.3553009, -0.93237364, 0.06663772), (-0.35042462, -0.9341015, -0.068240575), (-0.21197116, -0.9744993, 0.07361614), (-0.43515658, -0.68834096, 0.58036655), (-0.64234626, -0.5789669, 0.50218385), (-0.67800057, -0.49146327, 0.54660696), (-0.43067318, -0.8543855, 0.29076788), (-0.5123199, -0.7935109, 0.32843363), (-0.43515658, -0.68834096, 0.58036655), (-0.49893942, -0.86478746, 0.05658668), (-0.54428786, -0.832377, 0.10439913), (-0.5123199, -0.7935109, 0.32843363), (-0.51034886, -0.8543388, -0.09823056), (-0.4995566, -0.86347, -0.06973329), (-0.54428786, -0.832377, 0.10439913), (-0.42409807, -0.9054896, -0.015140863), (-0.4995566, -0.86347, -0.06973329), (-0.43647403, -0.88997054, -0.13207178), (0.19540818, -0.1893012, 0.96227896), (0.17703009, -0.15972912, 0.9711575), (0.07622693, -0.14231294, 0.9868822), (0.12116647, -0.30414188, 0.94488966), (0.1553216, -0.35104737, 0.9233856), (0.20704395, -0.32424, 0.9230391), (0.02858886, -0.055511437, 0.99804866), (0.11342443, -0.011786947, 0.99347675), (0.19001406, 0.045347277, 0.9807335), (0.0132201305, -0.097819425, 0.99511635), (-0.15007691, -0.13149926, 0.9798902), (-0.14574562, -0.09927124, 0.984329), (0.12116647, -0.30414188, 0.94488966), (0.09670133, -0.21868356, 0.97099245), (-0.07533639, -0.24431078, 0.96676606), (0.09670133, -0.21868356, 0.97099245), (0.07622693, -0.14231294, 0.9868822), (-0.10965589, -0.14521019, 0.98330545), (-0.14574562, -0.09927124, 0.984329), (-0.15007691, -0.13149926, 0.9798902), (-0.20936806, -0.14340878, 0.9672636), (-0.07533639, -0.24431078, 0.96676606), (-0.30599394, -0.2595134, 0.9159806), (-0.24422172, -0.21880636, 0.94471127), (-0.07533639, -0.24431078, 0.96676606), (-0.10965589, -0.14521019, 0.98330545), (-0.3053066, -0.20533165, 0.9298531), (-0.25692055, -0.16514611, 0.9522177), (-0.20936806, -0.14340878, 0.9672636), (-0.42565542, -0.33486906, 0.84064275), (-0.24422172, -0.21880636, 0.94471127), (-0.30599394, -0.2595134, 0.9159806), (-0.42680296, -0.22574957, 0.8757147), (-0.30599394, -0.2595134, 0.9159806), (-0.3053066, -0.20533165, 0.9298531), (-0.41070104, -0.28093946, 0.8674086), (-0.41499692, -0.3332782, 0.84658325), (-0.42565542, -0.33486906, 0.84064275), (-0.63661176, 0.08174377, 0.7668399), (-0.42680296, -0.22574957, 0.8757147), (-0.40499654, -0.42017204, 0.812055), (-0.47980294, -0.3038629, 0.82307744), (-0.42680296, -0.22574957, 0.8757147), (-0.41070104, -0.28093946, 0.8674086), (-0.42103794, -0.3503595, 0.8366453), (0.19540818, -0.1893012, 0.96227896), (0.24472953, -0.15185909, 0.9576253), (0.24073884, -0.15452333, 0.9582104), (0.24472953, -0.15185909, 0.9576253), (0.26569346, -0.12840594, 0.95546794), (0.26237836, -0.13053924, 0.95609474), (0.26569346, -0.12840594, 0.95546794), (0.27537102, -0.12549758, 0.9531113), (0.275333, -0.12535685, 0.9531408), (-0.41070104, -0.28093946, 0.8674086), (-0.41499692, -0.3332782, 0.84658325), (-0.5299669, -0.0014345418, 0.8480171), (-0.25692055, -0.16514611, 0.9522177), (-0.41499692, -0.3332782, 0.84658325), (-0.41070104, -0.28093946, 0.8674086), (-0.10965589, -0.14521019, 0.98330545), (-0.14574562, -0.09927124, 0.984329), (-0.25692055, -0.16514611, 0.9522177), (0.02858886, -0.055511437, 0.99804866), (-0.14574562, -0.09927124, 0.984329), (-0.10965589, -0.14521019, 0.98330545), (0.07622693, -0.14231294, 0.9868822), (0.17703009, -0.15972912, 0.9711575), (0.11342443, -0.011786947, 0.99347675), (-0.4456398, -0.11436009, 0.8878778), (-0.47980294, -0.3038629, 0.82307744), (-0.5381297, -0.3589745, 0.7625968), (-0.24422172, -0.21880636, 0.94471127), (-0.4456398, -0.11436009, 0.8878778), (-0.43850714, -0.11053804, 0.891904), (-0.04522123, -0.2925221, 0.9551889), (-0.24422172, -0.21880636, 0.94471127), (-0.17696054, -0.23060271, 0.95682144), (0.12116647, -0.30414188, 0.94488966), (-0.04522123, -0.2925221, 0.9551889), (0.020576375, -0.33706933, 0.94125503), (0.09670133, -0.21868356, 0.97099245), (0.12116647, -0.30414188, 0.94488966), (0.19502912, -0.27162337, 0.9424353), (0.13670616, 0.33202156, 0.9333129), (0.047769334, 0.2821749, 0.958173), (0.11575351, 0.23586036, 0.9648684), (0.1919776, 0.18649134, 0.9635173), (0.25095877, 0.17171451, 0.9526457), (0.271128, 0.21916308, 0.93726045), (-0.043111533, 0.31941462, 0.94663393), (-0.003618439, 0.3957593, 0.91834706), (0.0000047903395, 0.48614788, 0.8738766), (-0.03731706, 0.26559636, 0.96336186), (-0.12477816, 0.13909385, 0.9823865), (-0.14118156, 0.1652251, 0.9760986), (0.11575351, 0.23586036, 0.9648684), (0.008768941, 0.10875898, 0.99402946), (0.06434968, 0.09207985, 0.9936702), (0.047769334, 0.2821749, 0.958173), (-0.08286133, 0.158262, 0.9839142), (0.008768941, 0.10875898, 0.99402946), (-0.14118156, 0.1652251, 0.9760986), (-0.12477816, 0.13909385, 0.9823865), (-0.16373771, 0.082720876, 0.9830296), (0.008768941, 0.10875898, 0.99402946), (-0.1365196, -0.061496977, 0.9887267), (-0.12202062, 0.010154558, 0.9924756), (-0.08286133, 0.158262, 0.9839142), (-0.17362447, -0.019647209, 0.9846159), (-0.1365196, -0.061496977, 0.9887267), (-0.17521125, 0.039659917, 0.9837317), (-0.16373771, 0.082720876, 0.9830296), (-0.17773968, -0.20646226, 0.9621756), (-0.12202062, 0.010154558, 0.9924756), (-0.1365196, -0.061496977, 0.9887267), (-0.24387473, -0.13198479, 0.96078366), (-0.1365196, -0.061496977, 0.9887267), (-0.17362447, -0.019647209, 0.9846159), (-0.19551174, -0.15978812, 0.9675964), (-0.16883925, -0.19948544, 0.9652455), (-0.17773968, -0.20646226, 0.9621756), (-0.59581655, -0.090342455, 0.7980231), (-0.24387473, -0.13198479, 0.96078366), (-0.11048852, -0.26517797, 0.95784813), (-0.2293747, -0.2318864, 0.94531256), (-0.24387473, -0.13198479, 0.96078366), (-0.19551174, -0.15978812, 0.9675964), (-0.16926636, -0.2218754, 0.9602709), (0.1730796, 0.3189326, 0.9318398), (0.1828442, 0.37772158, 0.9076863), (0.18067084, 0.37138218, 0.91073227), (0.1828442, 0.37772158, 0.9076863), (0.18616329, 0.4086884, 0.8934859), (0.18391599, 0.40334237, 0.89637595), (0.18616329, 0.4086884, 0.8934859), (0.19397248, 0.4151528, 0.8888323), (0.19360837, 0.41541642, 0.88878846), (-0.19551174, -0.15978812, 0.9675964), (-0.16883925, -0.19948544, 0.9652455), (-0.4622851, -0.062720574, 0.8845104), (-0.17521125, 0.039659917, 0.9837317), (-0.16883925, -0.19948544, 0.9652455), (-0.19551174, -0.15978812, 0.9675964), (-0.08286133, 0.158262, 0.9839142), (-0.14118156, 0.1652251, 0.9760986), (-0.17521125, 0.039659917, 0.9837317), (-0.043111533, 0.31941462, 0.94663393), (-0.14118156, 0.1652251, 0.9760986), (-0.08286133, 0.158262, 0.9839142), (0.047769334, 0.2821749, 0.958173), (0.13670616, 0.33202156, 0.9333129), (-0.003618439, 0.3957593, 0.91834706), (-0.32953176, -0.066659085, 0.94178843), (-0.2293747, -0.2318864, 0.94531256), (-0.22302258, -0.3173858, 0.921698), (-0.12202062, 0.010154558, 0.9924756), (-0.32953176, -0.066659085, 0.94178843), (-0.3319546, -0.06001601, 0.9413842), (0.06434968, 0.09207985, 0.9936702), (-0.12202062, 0.010154558, 0.9924756), (-0.0700723, 0.049011275, 0.9963372), (0.1919776, 0.18649134, 0.9635173), (0.06434968, 0.09207985, 0.9936702), (0.14193067, 0.09762773, 0.9850505), (0.11575351, 0.23586036, 0.9648684), (0.1919776, 0.18649134, 0.9635173), (0.22752437, 0.25171888, 0.94067544), (-0.734722, 0.5128931, 0.4439868), (-0.735707, 0.43013933, 0.52317816), (-0.67693543, 0.4922084, 0.54725623), (-0.61194557, 0.5551772, 0.56329465), (-0.57609105, 0.6083332, 0.54593945), (-0.599848, 0.624676, 0.49996245), (-0.7963427, 0.33340412, 0.5046583), (-0.82675296, 0.3814615, 0.4134813), (-0.8739912, 0.40469986, 0.26899335), (-0.73527175, 0.33966762, 0.5865163), (-0.66253215, 0.24744745, 0.7069802), (-0.68538296, 0.23064426, 0.6906906), (-0.67693543, 0.4922084, 0.54725623), (-0.6125378, 0.37332186, 0.6967268), (-0.58770436, 0.42631754, 0.68764603), (-0.735707, 0.43013933, 0.52317816), (-0.6805493, 0.2781614, 0.6778487), (-0.6125378, 0.37332186, 0.6967268), (-0.68538296, 0.23064426, 0.6906906), (-0.66253215, 0.24744745, 0.7069802), (-0.636404, 0.20826414, 0.7427086), (-0.6125378, 0.37332186, 0.6967268), (-0.5184046, 0.19302808, 0.8330647), (-0.5706143, 0.24360144, 0.78425616), (-0.6805493, 0.2781614, 0.6778487), (-0.5566003, 0.15767044, 0.8156815), (-0.5184046, 0.19302808, 0.8330647), (-0.60023123, 0.19839875, 0.7748293), (-0.636404, 0.20826414, 0.7427086), (-0.37079704, 0.12754902, 0.9199135), (-0.5184046, 0.19302808, 0.8330647), (-0.4483322, 0.03429517, 0.8932089), (-0.5052132, -0.02341772, 0.86267674), (-0.5184046, 0.19302808, 0.8330647), (-0.5566003, 0.15767044, 0.8156815), (-0.41072372, 0.11071774, 0.90501255), (-0.36280638, 0.13393632, 0.922189), (-0.37079704, 0.12754902, 0.9199135), (-0.49653322, -0.3434979, 0.79715985), (-0.4483322, 0.03429517, 0.8932089), (-0.2884575, 0.186426, 0.9391686), (-0.343567, 0.06726026, 0.9367165), (-0.4483322, 0.03429517, 0.8932089), (-0.41072372, 0.11071774, 0.90501255), (-0.37531736, 0.10975105, 0.9203757), (-0.7106085, 0.54591835, 0.4438567), (-0.74122757, 0.5495015, 0.3855253), (-0.7380372, 0.54813385, 0.39351028), (-0.74122757, 0.5495015, 0.3855253), (-0.75805223, 0.54540056, 0.3576241), (-0.7557983, 0.5444469, 0.36379457), (-0.75805223, 0.54540056, 0.3576241), (-0.759481, 0.54813045, 0.35034505), (-0.75955164, 0.54805523, 0.35030958), (-0.41072372, 0.11071774, 0.90501255), (-0.36280638, 0.13393632, 0.922189), (-0.55277175, -0.19348437, 0.8105598), (-0.60023123, 0.19839875, 0.7748293), (-0.36280638, 0.13393632, 0.922189), (-0.41072372, 0.11071774, 0.90501255), (-0.68538296, 0.23064426, 0.6906906), (-0.60023123, 0.19839875, 0.7748293), (-0.5566003, 0.15767044, 0.8156815), (-0.7963427, 0.33340412, 0.5046583), (-0.68538296, 0.23064426, 0.6906906), (-0.6805493, 0.2781614, 0.6778487), (-0.735707, 0.43013933, 0.52317816), (-0.734722, 0.5128931, 0.4439868), (-0.82675296, 0.3814615, 0.4134813), (-0.5052132, -0.02341772, 0.86267674), (-0.343567, 0.06726026, 0.9367165), (-0.24695052, 0.042941183, 0.9680762), (-0.5706143, 0.24360144, 0.78425616), (-0.5052132, -0.02341772, 0.86267674), (-0.5580583, 0.004055698, 0.8297918), (-0.58770436, 0.42631754, 0.68764603), (-0.5706143, 0.24360144, 0.78425616), (-0.601681, 0.30246615, 0.73925245), (-0.61194557, 0.5551772, 0.56329465), (-0.58770436, 0.42631754, 0.68764603), (-0.5646404, 0.5134083, 0.6462144), (-0.67693543, 0.4922084, 0.54725623), (-0.61194557, 0.5551772, 0.56329465), (-0.6427891, 0.5919371, 0.4862434), (0.23216002, 0.2328691, 0.94439065), (0.13460802, 0.19335602, 0.9718509), (0.1959259, 0.13583201, 0.9711657), (0.26312017, 0.073924795, 0.96192664), (0.3187699, 0.04917418, 0.9465557), (0.34830886, 0.09745683, 0.9322999), (0.04686565, 0.24356258, 0.9687522), (0.097679086, 0.32025248, 0.942283), (0.12667124, 0.4103745, 0.9030766), (0.051628895, 0.1940214, 0.97963774), (-0.06418919, 0.07571645, 0.99506116), (-0.0772149, 0.10485062, 0.99148583), (0.1959259, 0.13583201, 0.9711657), (0.06476059, 0.02184771, 0.99766165), (0.11648234, -0.0036930956, 0.99318594), (0.13460802, 0.19335602, 0.9718509), (-0.019792983, 0.08774972, 0.99594593), (0.06476059, 0.02184771, 0.99766165), (-0.0772149, 0.10485062, 0.99148583), (-0.06418919, 0.07571645, 0.99506116), (-0.110027455, 0.028396089, 0.9935228), (0.06476059, 0.02184771, 0.99766165), (-0.11538145, -0.1250426, 0.98541945), (-0.088466786, -0.056156088, 0.994495), (-0.019792983, 0.08774972, 0.99594593), (-0.14525771, -0.07762535, 0.986344), (-0.11538145, -0.1250426, 0.98541945), (-0.1332423, -0.015858488, 0.99095666), (-0.110027455, 0.028396089, 0.9935228), (-0.17849965, -0.2588203, 0.94928914), (-0.088466786, -0.056156088, 0.994495), (-0.11538145, -0.1250426, 0.98541945), (-0.23575614, -0.17591687, 0.95575744), (-0.11538145, -0.1250426, 0.98541945), (-0.14525771, -0.07762535, 0.986344), (-0.19215389, -0.21186967, 0.9582213), (-0.16974126, -0.2560451, 0.95164526), (-0.17849965, -0.2588203, 0.94928914), (-0.5799308, -0.06812176, 0.8118126), (-0.23575614, -0.17591687, 0.95575744), (-0.12092907, -0.330063, 0.93618083), (-0.23750958, -0.27824214, 0.9306829), (-0.23575614, -0.17591687, 0.95575744), (-0.19215389, -0.21186967, 0.9582213), (-0.1690082, -0.2806753, 0.9448056), (0.26684627, 0.21322483, 0.93985546), (0.2870049, 0.26959303, 0.9192104), (0.28448138, 0.2646824, 0.9214193), (0.2870049, 0.26959303, 0.9192104), (0.29241902, 0.30092573, 0.9077085), (0.29024148, 0.29677805, 0.90977067), (0.29241902, 0.30092573, 0.9077085), (0.29994708, 0.30730835, 0.903102), (0.29973665, 0.30750883, 0.90310365), (-0.19215389, -0.21186967, 0.9582213), (-0.16974126, -0.2560451, 0.95164526), (-0.44335616, -0.065818585, 0.8939257), (-0.1332423, -0.015858488, 0.99095666), (-0.16974126, -0.2560451, 0.95164526), (-0.19215389, -0.21186967, 0.9582213), (-0.019792983, 0.08774972, 0.99594593), (-0.0772149, 0.10485062, 0.99148583), (-0.1332423, -0.015858488, 0.99095666), (0.04686565, 0.24356258, 0.9687522), (-0.0772149, 0.10485062, 0.99148583), (-0.019792983, 0.08774972, 0.99594593), (0.13460802, 0.19335602, 0.9718509), (0.23216002, 0.2328691, 0.94439065), (0.097679086, 0.32025248, 0.942283), (-0.3114656, -0.09609168, 0.9453864), (-0.23750958, -0.27824214, 0.9306829), (-0.2499471, -0.3622092, 0.89795935), (-0.088466786, -0.056156088, 0.994495), (-0.3114656, -0.09609168, 0.9453864), (-0.3112078, -0.0893248, 0.9461347), (0.11648234, -0.0036930956, 0.99318594), (-0.088466786, -0.056156088, 0.994495), (-0.027396979, -0.026555322, 0.9992718), (0.26312017, 0.073924795, 0.96192664), (0.11648234, -0.0036930956, 0.99318594), (0.19659062, -0.009187478, 0.9804426), (0.1959259, 0.13583201, 0.9711657), (0.26312017, 0.073924795, 0.96192664), (0.3095845, 0.13826405, 0.94076586), (-0.31000492, 0.6528507, 0.6911461), (-0.348305, 0.56633824, 0.746957), (-0.26607066, 0.5844324, 0.76658016), (-0.17676315, 0.60319364, 0.7777609), (-0.12039377, 0.6323463, 0.7652735), (-0.13448505, 0.6702417, 0.72985595), (-0.44472975, 0.52257, 0.72741747), (-0.4573157, 0.5942462, 0.66161454), (-0.50232613, 0.6583944, 0.5605222), (-0.39390257, 0.48914054, 0.77819175), (-0.3739324, 0.34827986, 0.85957885), (-0.4019537, 0.34940138, 0.84637576), (-0.26607066, 0.5844324, 0.76658016), (-0.26550788, 0.428443, 0.8636794), (-0.21585469, 0.45951054, 0.86154324), (-0.348305, 0.56633824, 0.746957), (-0.37189695, 0.38679412, 0.8438501), (-0.26550788, 0.428443, 0.8636794), (-0.4019537, 0.34940138, 0.84637576), (-0.3739324, 0.34827986, 0.85957885), (-0.3697337, 0.2908039, 0.8824569), (-0.26550788, 0.428443, 0.8636794), (-0.2746279, 0.21683659, 0.9367825), (-0.29204363, 0.28587842, 0.9126796), (-0.37189695, 0.38679412, 0.8438501), (-0.32503328, 0.21050481, 0.92197675), (-0.2746279, 0.21683659, 0.9367825), (-0.34489107, 0.26260626, 0.9011593), (-0.3697337, 0.2908039, 0.8824569), (-0.17985426, 0.06861961, 0.981297), (-0.2746279, 0.21683659, 0.9367825), (-0.30088747, 0.04487819, 0.9526031), (-0.37942815, 0.032028686, 0.92466664), (-0.2746279, 0.21683659, 0.9367825), (-0.32503328, 0.21050481, 0.92197675), (-0.22682332, 0.08614682, 0.9701185), (-0.1756001, 0.07699341, 0.98144615), (-0.17985426, 0.06861961, 0.981297), (-0.5486663, -0.20775948, 0.80981565), (-0.30088747, 0.04487819, 0.9526031), (-0.08695415, 0.07556347, 0.99334246), (-0.19764781, 0.010251665, 0.98021954), (-0.30088747, 0.04487819, 0.9526031), (-0.22682332, 0.08614682, 0.9701185), (-0.18390778, 0.061837472, 0.98099643), (-0.2727337, 0.66868657, 0.69171846), (-0.30009666, 0.7032997, 0.64444655), (-0.2978847, 0.698688, 0.6504614), (-0.30009666, 0.7032997, 0.64444655), (-0.31745553, 0.71748376, 0.6200316), (-0.31581014, 0.7138375, 0.62505996), (-0.31745553, 0.71748376, 0.6200316), (-0.3169863, 0.72353566, 0.6132013), (-0.3172011, 0.7234918, 0.613142), (-0.22682332, 0.08614682, 0.9701185), (-0.1756001, 0.07699341, 0.98144615), (-0.50153255, -0.06552798, 0.8626536), (-0.34489107, 0.26260626, 0.9011593), (-0.1756001, 0.07699341, 0.98144615), (-0.22682332, 0.08614682, 0.9701185), (-0.4019537, 0.34940138, 0.84637576), (-0.34489107, 0.26260626, 0.9011593), (-0.32503328, 0.21050481, 0.92197675), (-0.44472975, 0.52257, 0.72741747), (-0.4019537, 0.34940138, 0.84637576), (-0.37189695, 0.38679412, 0.8438501), (-0.348305, 0.56633824, 0.746957), (-0.31000492, 0.6528507, 0.6911461), (-0.4573157, 0.5942462, 0.66161454), (-0.37942815, 0.032028686, 0.92466664), (-0.19764781, 0.010251665, 0.98021954), (-0.12728782, -0.056722596, 0.99024254), (-0.29204363, 0.28587842, 0.9126796), (-0.37942815, 0.032028686, 0.92466664), (-0.4067682, 0.07003595, 0.9108428), (-0.21585469, 0.45951054, 0.86154324), (-0.29204363, 0.28587842, 0.9126796), (-0.29217175, 0.34735322, 0.89105636), (-0.17676315, 0.60319364, 0.7777609), (-0.21585469, 0.45951054, 0.86154324), (-0.15728751, 0.5219855, 0.8383268), (-0.26607066, 0.5844324, 0.76658016), (-0.17676315, 0.60319364, 0.7777609), (-0.18869475, 0.6648189, 0.72277945), (-0.51524407, -0.115100466, 0.84927934), (-0.49588275, -0.14831059, 0.85563093), (-0.3921539, -0.16767168, 0.90448964), (-0.44551656, 0.0069579105, 0.8952467), (-0.4804087, 0.06019119, 0.8749769), (-0.5302906, 0.032754593, 0.847183), (-0.32871625, -0.26383278, 0.90682846), (-0.4153471, -0.3086052, 0.8557158), (-0.52439654, -0.36066324, 0.77131724), (-0.32836914, -0.20777766, 0.9214131), (-0.14315076, -0.15673779, 0.9772109), (-0.14468293, -0.1942859, 0.97021645), (-0.44551656, 0.0069579105, 0.8952467), (-0.4193227, -0.08547831, 0.9038041), (-0.23583029, -0.05094214, 0.9704581), (-0.4193227, -0.08547831, 0.9038041), (-0.3921539, -0.16767168, 0.90448964), (-0.193183, -0.15397824, 0.96900517), (-0.14468293, -0.1942859, 0.97021645), (-0.14315076, -0.15673779, 0.9772109), (-0.09368895, -0.1432884, 0.9852364), (-0.23583029, -0.05094214, 0.9704581), (0.013896268, -0.01043269, 0.99984896), (-0.05062769, -0.067787394, 0.9964144), (-0.23583029, -0.05094214, 0.9704581), (-0.193183, -0.15397824, 0.96900517), (0.016479045, -0.06714005, 0.9976075), (-0.037183776, -0.11595666, 0.992558), (-0.09368895, -0.1432884, 0.9852364), (0.12605028, 0.07430588, 0.989237), (-0.05062769, -0.067787394, 0.9964144), (0.013896268, -0.01043269, 0.99984896), (0.14947835, -0.024423664, 0.9884633), (0.013896268, -0.01043269, 0.99984896), (0.016479045, -0.06714005, 0.9976075), (0.12867361, 0.030496875, 0.991218), (0.12686956, 0.084457494, 0.9883173), (0.12605028, 0.07430588, 0.989237), (0.4167132, -0.27614248, 0.8660805), (0.14947835, -0.024423664, 0.9884633), (0.11855477, 0.17562963, 0.97729176), (0.20178223, 0.07306971, 0.97670096), (0.14947835, -0.024423664, 0.9884633), (0.12867361, 0.030496875, 0.991218), (0.13557856, 0.10489765, 0.9851979), (-0.51524407, -0.115100466, 0.84927934), (-0.5553404, -0.15160826, 0.81768703), (-0.5528389, -0.14887905, 0.8198805), (-0.5553404, -0.15160826, 0.81768703), (-0.568694, -0.17654698, 0.8033793), (-0.56657237, -0.17423911, 0.8053797), (-0.568694, -0.17654698, 0.8033793), (-0.5753299, -0.1806065, 0.7977323), (-0.5753711, -0.18047453, 0.7977324), (0.12867361, 0.030496875, 0.991218), (0.12686956, 0.084457494, 0.9883173), (0.29216167, -0.23453684, 0.9271645), (-0.037183776, -0.11595666, 0.992558), (0.12686956, 0.084457494, 0.9883173), (0.12867361, 0.030496875, 0.991218), (-0.193183, -0.15397824, 0.96900517), (-0.14468293, -0.1942859, 0.97021645), (-0.037183776, -0.11595666, 0.992558), (-0.32871625, -0.26383278, 0.90682846), (-0.14468293, -0.1942859, 0.97021645), (-0.193183, -0.15397824, 0.96900517), (-0.3921539, -0.16767168, 0.90448964), (-0.49588275, -0.14831059, 0.85563093), (-0.4153471, -0.3086052, 0.8557158), (0.17791675, -0.13810122, 0.9743068), (0.20178223, 0.07306971, 0.97670096), (0.26148894, 0.14062649, 0.95490724), (-0.05062769, -0.067787394, 0.9964144), (0.17791675, -0.13810122, 0.9743068), (0.1571514, -0.14317253, 0.97714126), (-0.2696556, -0.0040607248, 0.9629483), (-0.05062769, -0.067787394, 0.9964144), (-0.13819742, -0.062085807, 0.9884568), (-0.44551656, 0.0069579105, 0.8952467), (-0.2696556, -0.0040607248, 0.9629483), (-0.35134265, 0.04372131, 0.93522555), (-0.4193227, -0.08547831, 0.9038041), (-0.44551656, 0.0069579105, 0.8952467), (-0.51949286, -0.028088545, 0.854013), (-0.17975849, -0.7757551, 0.60488915), (-0.1449683, -0.7674559, 0.62449634), (-0.12824498, -0.6911887, 0.7112042), (-0.30067632, -0.7023081, 0.6452574), (-0.35131708, -0.7133025, 0.60644525), (-0.32143307, -0.75978315, 0.565164), (-0.03588577, -0.64936984, 0.75962555), (0.021589627, -0.71943164, 0.6942276), (0.061454054, -0.79948944, 0.5975283), (-0.08253004, -0.664271, 0.74292177), (-0.11933497, -0.49131873, 0.86276597), (-0.08295135, -0.49593383, 0.8643892), (-0.30067632, -0.7023081, 0.6452574), (-0.20988245, -0.7009944, 0.6815836), (-0.23901227, -0.5439661, 0.804347), (-0.20988245, -0.7009944, 0.6815836), (-0.12824498, -0.6911887, 0.7112042), (-0.1288778, -0.5274375, 0.839762), (-0.08295135, -0.49593383, 0.8643892), (-0.11933497, -0.49131873, 0.86276597), (-0.13129742, -0.4486002, 0.8840356), (-0.28129384, -0.55963093, 0.7795428), (-0.23901227, -0.5439661, 0.804347), (-0.24932963, -0.3183027, 0.91461366), (-0.23901227, -0.5439661, 0.804347), (-0.1288778, -0.5274375, 0.839762), (-0.19959216, -0.33593112, 0.92049617), (-0.13934028, -0.39204177, 0.9093336), (-0.13129742, -0.4486002, 0.8840356), (-0.32363805, -0.19183818, 0.9265293), (-0.20572293, -0.37419024, 0.90424544), (-0.24932963, -0.3183027, 0.91461366), (-0.2119123, -0.18754256, 0.9591251), (-0.24932963, -0.3183027, 0.91461366), (-0.19959216, -0.33593112, 0.92049617), (-0.293523, -0.1788929, 0.93906426), (-0.3180466, -0.16430736, 0.9337288), (-0.32363805, -0.19183818, 0.9265293), (0.08515601, 0.049672063, 0.99512875), (-0.2119123, -0.18754256, 0.9591251), (-0.41697985, -0.17863554, 0.8911886), (-0.30035013, -0.113053046, 0.9471055), (-0.2119123, -0.18754256, 0.9591251), (-0.293523, -0.1788929, 0.93906426), (-0.36729634, -0.18141988, 0.91223913), (-0.17975849, -0.7757551, 0.60488915), (-0.1432124, -0.80840737, 0.57093585), (-0.14523157, -0.8077736, 0.5713227), (-0.1432124, -0.80840737, 0.57093585), (-0.11614573, -0.82001126, 0.5604389), (-0.1180065, -0.8193718, 0.5609851), (-0.11614573, -0.82001126, 0.5604389), (-0.110311106, -0.8252253, 0.5539265), (-0.11065759, -0.8252673, 0.55379486), (-0.293523, -0.1788929, 0.93906426), (-0.3180466, -0.16430736, 0.9337288), (0.013498758, -0.079356946, 0.9967548), (-0.19959216, -0.33593112, 0.92049617), (-0.13934028, -0.39204177, 0.9093336), (-0.3180466, -0.16430736, 0.9337288), (-0.1288778, -0.5274375, 0.839762), (-0.08295135, -0.49593383, 0.8643892), (-0.13934028, -0.39204177, 0.9093336), (-0.03588577, -0.64936984, 0.75962555), (-0.08295135, -0.49593383, 0.8643892), (-0.1288778, -0.5274375, 0.839762), (-0.12824498, -0.6911887, 0.7112042), (-0.1449683, -0.7674559, 0.62449634), (0.021589627, -0.71943164, 0.6942276), (-0.10975779, -0.18522057, 0.97654825), (-0.30035013, -0.113053046, 0.9471055), (-0.34899542, -0.029115377, 0.936672), (-0.19968289, -0.43660957, 0.8772108), (-0.20572293, -0.37419024, 0.90424544), (-0.10975779, -0.18522057, 0.97654825), (-0.28129384, -0.55963093, 0.7795428), (-0.20572293, -0.37419024, 0.90424544), (-0.19968289, -0.43660957, 0.8772108), (-0.30067632, -0.7023081, 0.6452574), (-0.28129384, -0.55963093, 0.7795428), (-0.33111516, -0.6164221, 0.7144134), (-0.20988245, -0.7009944, 0.6815836), (-0.30067632, -0.7023081, 0.6452574), (-0.26214796, -0.76426846, 0.5892132), (0.31660515, -0.23211475, 0.9197195), (0.3086387, -0.1976446, 0.93041867), (0.2170113, -0.15506281, 0.9637747), (0.21035697, -0.32510966, 0.92198354), (0.22516014, -0.3799164, 0.8971992), (0.28480956, -0.3671809, 0.8854726), (0.19409592, -0.05707258, 0.97932094), (0.2866471, -0.034482904, 0.95741546), (0.37894237, -0.003942407, 0.9254119), (0.1772843, -0.09506798, 0.9795573), (0.0012968627, -0.083820865, 0.99648), (0.01323132, -0.054442797, 0.9984292), (0.21035697, -0.32510966, 0.92198354), (0.21486185, -0.2351224, 0.9479198), (0.040289503, -0.21476015, 0.9758354), (0.21486185, -0.2351224, 0.9479198), (0.2170113, -0.15506281, 0.9637747), (0.03595192, -0.109239325, 0.9933651), (0.01323132, -0.054442797, 0.9984292), (0.0012968627, -0.083820865, 0.99648), (-0.060212195, -0.081449926, 0.994857), (0.040289503, -0.21476015, 0.9758354), (-0.19141294, -0.1685275, 0.9669331), (-0.13296847, -0.15215847, 0.9793708), (0.040289503, -0.21476015, 0.9758354), (0.03595192, -0.109239325, 0.9933651), (-0.17491238, -0.11679473, 0.9776322), (-0.115369506, -0.08976738, 0.9892581), (-0.060212195, -0.081449926, 0.994857), (-0.33222386, -0.20766231, 0.92005634), (-0.13296847, -0.15215847, 0.9793708), (-0.19141294, -0.1685275, 0.9669331), (-0.3064557, -0.10534874, 0.94603723), (-0.19141294, -0.1685275, 0.9669331), (-0.17491238, -0.11679473, 0.9776322), (-0.3055474, -0.16205089, 0.9382858), (-0.32402712, -0.2107416, 0.92227674), (-0.33222386, -0.20766231, 0.92005634), (-0.44441286, 0.23467161, 0.8645383), (-0.3064557, -0.10534874, 0.94603723), (-0.34555897, -0.29572567, 0.8905815), (-0.38551837, -0.16691785, 0.9074767), (-0.3064557, -0.10534874, 0.94603723), (-0.3055474, -0.16205089, 0.9382858), (-0.3394138, -0.23515674, 0.9107687), (0.31660515, -0.23211475, 0.9197195), (0.37278995, -0.20890158, 0.904095), (0.3692019, -0.21042158, 0.90521425), (0.37278995, -0.20890158, 0.904095), (0.39828882, -0.19032325, 0.8972977), (0.3952638, -0.19157273, 0.8983687), (0.39828882, -0.19032325, 0.8972977), (0.4081457, -0.18918571, 0.89309907), (0.4081462, -0.1891438, 0.89310765), (-0.3055474, -0.16205089, 0.9382858), (-0.32402712, -0.2107416, 0.92227674), (-0.35514176, 0.12876132, 0.9259021), (-0.115369506, -0.08976738, 0.9892581), (-0.32402712, -0.2107416, 0.92227674), (-0.3055474, -0.16205089, 0.9382858), (0.03595192, -0.109239325, 0.9933651), (0.01323132, -0.054442797, 0.9984292), (-0.115369506, -0.08976738, 0.9892581), (0.19409592, -0.05707258, 0.97932094), (0.01323132, -0.054442797, 0.9984292), (0.03595192, -0.109239325, 0.9933651), (0.2170113, -0.15506281, 0.9637747), (0.3086387, -0.1976446, 0.93041867), (0.2866471, -0.034482904, 0.95741546), (-0.2887837, -0.010232345, 0.95733964), (-0.38551837, -0.16691785, 0.9074767), (-0.4612431, -0.20425704, 0.8634431), (-0.07171189, -0.15749362, 0.98491275), (-0.13296847, -0.15215847, 0.9793708), (-0.2887837, -0.010232345, 0.95733964), (0.052660886, -0.26931974, 0.96161), (-0.13296847, -0.15215847, 0.9793708), (-0.07171189, -0.15749362, 0.98491275), (0.21035697, -0.32510966, 0.92198354), (0.052660886, -0.26931974, 0.96161), (0.10214356, -0.32969433, 0.9385459), (0.21486185, -0.2351224, 0.9479198), (0.21035697, -0.32510966, 0.92198354), (0.2910841, -0.31125998, 0.9046476), (-0.89464724, 0.4296241, 0.12259495), (-0.07983276, 0.9793859, 0.18555292), (-0.07582504, 0.9915148, 0.10558819), (-0.8146113, -0.579962, 0.0072336616), (-0.8269454, -0.55886734, -0.061874412), (-0.89464724, 0.4296241, 0.12259495), (0.0991393, -0.97958666, -0.17487545), (-0.8269454, -0.55886734, -0.061874412), (-0.8146113, -0.579962, 0.0072336616), (0.9184752, -0.38323057, -0.09766071), (0.0991393, -0.97958666, -0.17487545), (0.105586074, -0.99059105, -0.08706799), (0.80699414, 0.5853749, 0.07808138), (0.9184752, -0.38323057, -0.09766071), (0.9132454, -0.39871275, -0.08373233), (-0.07582504, 0.9915148, 0.10558819), (-0.07983276, 0.9793859, 0.18555292), (0.80699414, 0.5853749, 0.07808138), (-0.89464724, 0.4296241, 0.12259495), (-0.8922067, 0.40595645, 0.19790576), (-0.087846056, 0.93144345, 0.35312346), (-0.8269454, -0.55886734, -0.061874412), (-0.83421165, -0.528941, -0.15592453), (-0.8922067, 0.40595645, 0.19790576), (0.0991393, -0.97958666, -0.17487545), (0.079913706, -0.93143386, -0.35502777), (-0.83421165, -0.528941, -0.15592453), (0.91535735, -0.36626354, -0.16724807), (0.079913706, -0.93143386, -0.35502777), (0.0991393, -0.97958666, -0.17487545), (0.80005276, 0.5689203, 0.19038169), (0.91535735, -0.36626354, -0.16724807), (0.9184752, -0.38323057, -0.09766071), (-0.087846056, 0.93144345, 0.35312346), (0.80005276, 0.5689203, 0.19038169), (0.80699414, 0.5853749, 0.07808138), (-0.8922067, 0.40595645, 0.19790576), (-0.91493255, 0.32957038, 0.23298453), (-0.05135471, 0.89011276, 0.45283753), (-0.83421165, -0.528941, -0.15592453), (-0.7804701, -0.5826616, -0.2266537), (-0.91493255, 0.32957038, 0.23298453), (0.079913706, -0.93143386, -0.35502777), (0.101680934, -0.89304674, -0.43832463), (-0.7804701, -0.5826616, -0.2266537), (0.880761, -0.40386808, -0.24728651), (0.101680934, -0.89304674, -0.43832463), (0.079913706, -0.93143386, -0.35502777), (0.855314, 0.48127815, 0.19185752), (0.880761, -0.40386808, -0.24728651), (0.91535735, -0.36626354, -0.16724807), (-0.05135471, 0.89011276, 0.45283753), (0.855314, 0.48127815, 0.19185752), (0.80005276, 0.5689203, 0.19038169), (-0.025061859, -0.7578834, 0.65190846), (0.015424436, -0.7532446, 0.65755963), (0.06151958, -0.6919629, 0.71930707), (-0.12904876, -0.67118233, 0.729973), (-0.18011913, -0.6755362, 0.714988), (-0.16990753, -0.7217775, 0.6709461), (0.18579899, -0.6565696, 0.7310233), (0.19933422, -0.72917515, 0.65465224), (0.20644881, -0.82948047, 0.51898074), (0.14035825, -0.6444725, 0.7516348), (0.16012204, -0.47419712, 0.86573553), (0.18612142, -0.49386755, 0.8493843), (-0.12904876, -0.67118233, 0.729973), (-0.031856876, -0.69187, 0.72131896), (-0.025140466, -0.5401182, 0.8412135), (-0.031856876, -0.69187, 0.72131896), (0.06151958, -0.6919629, 0.71930707), (0.1079301, -0.53660536, 0.8369025), (0.18612142, -0.49386755, 0.8493843), (0.16012204, -0.47419712, 0.86573553), (0.16992371, -0.43581232, 0.8838515), (-0.08071841, -0.53768736, 0.83927166), (-0.025140466, -0.5401182, 0.8412135), (-0.0026317227, -0.29331192, 0.9560132), (-0.025140466, -0.5401182, 0.8412135), (0.1079301, -0.53660536, 0.8369025), (0.07050973, -0.3203161, 0.9446829), (0.15683754, -0.37935793, 0.91186047), (0.16992371, -0.43581232, 0.8838515), (0.021590527, -0.11553542, 0.99306875), (0.032428347, -0.3632727, 0.9311183), (-0.0026317227, -0.29331192, 0.9560132), (0.06150378, -0.1139735, 0.99157816), (-0.0026317227, -0.29331192, 0.9560132), (0.07050973, -0.3203161, 0.9446829), (-0.007533072, -0.10332014, 0.9946196), (0.00087118516, -0.08255572, 0.9965861), (0.021590527, -0.11553542, 0.99306875), (0.42180276, 0.11313891, 0.89960104), (0.06150378, -0.1139735, 0.99157816), (-0.13890043, -0.044199295, 0.98931956), (-0.010041033, -0.0032462722, 0.99994427), (0.06150378, -0.1139735, 0.99157816), (-0.007533072, -0.10332014, 0.9946196), (-0.055911977, -0.054352824, 0.99695516), (-0.025061859, -0.7578834, 0.65190846), (-0.002858217, -0.7880327, 0.6156268), (-0.00492424, -0.7857392, 0.6185384), (-0.002858217, -0.7880327, 0.6156268), (0.018230876, -0.8013291, 0.5979459), (0.016450906, -0.7996261, 0.60027283), (0.018230876, -0.8013291, 0.5979459), (0.02063442, -0.8059503, 0.5916234), (0.020364197, -0.8059505, 0.59163254), (-0.007533072, -0.10332014, 0.9946196), (0.00087118516, -0.08255572, 0.9965861), (0.34553173, -0.0032739665, 0.93840134), (0.07050973, -0.3203161, 0.9446829), (0.15683754, -0.37935793, 0.91186047), (0.00087118516, -0.08255572, 0.9965861), (0.1079301, -0.53660536, 0.8369025), (0.18612142, -0.49386755, 0.8493843), (0.15683754, -0.37935793, 0.91186047), (0.18579899, -0.6565696, 0.7310233), (0.18612142, -0.49386755, 0.8493843), (0.1079301, -0.53660536, 0.8369025), (0.06151958, -0.6919629, 0.71930707), (0.015424436, -0.7532446, 0.65755963), (0.19933422, -0.72917515, 0.65465224), (0.1756033, -0.122316845, 0.9768327), (-0.010041033, -0.0032462722, 0.99994427), (-0.06675014, 0.07469219, 0.9949701), (0.032428347, -0.3632727, 0.9311183), (0.1756033, -0.122316845, 0.9768327), (0.17212304, -0.14820814, 0.9738624), (-0.08071841, -0.53768736, 0.83927166), (0.032428347, -0.3632727, 0.9311183), (0.0023478684, -0.4344086, 0.9007128), (-0.12904876, -0.67118233, 0.729973), (-0.08071841, -0.53768736, 0.83927166), (-0.13976234, -0.5856736, 0.7984065), (-0.031856876, -0.69187, 0.72131896), (-0.12904876, -0.67118233, 0.729973), (-0.11210257, -0.73475784, 0.6690022), (0.7372984, -0.6658613, -0.114104204), (0.75902534, -0.64561063, -0.0840678), (0.7579547, -0.65195155, 0.021535395), (0.64243203, -0.76078206, -0.0921502), (0.6082167, -0.78159124, -0.13851935), (0.63981485, -0.7475197, -0.17846942), (0.7926886, -0.597912, 0.118937105), (0.8479655, -0.5271577, 0.055310275), (0.88133264, -0.47175655, -0.026429815), (0.77307296, -0.62891287, 0.08262371), (0.683605, -0.6786911, 0.26844493), (0.7146433, -0.64210665, 0.27745983), (0.64243203, -0.76078206, -0.0921502), (0.7068016, -0.70643497, -0.0371631), (0.64110327, -0.75835985, 0.117800824), (0.7068016, -0.70643497, -0.0371631), (0.7579547, -0.65195155, 0.021535395), (0.7094306, -0.67293626, 0.2094399), (0.7146433, -0.64210665, 0.27745983), (0.683605, -0.6786911, 0.26844493), (0.69557744, -0.660156, 0.28348926), (0.5973638, -0.79845804, 0.07497419), (0.64110327, -0.75835985, 0.117800824), (0.5678322, -0.76996475, 0.29106864), (0.64110327, -0.75835985, 0.117800824), (0.7094306, -0.67293626, 0.2094399), (0.6183905, -0.7073135, 0.3424921), (0.6722022, -0.665924, 0.32355744), (0.69557744, -0.660156, 0.28348926), (0.51970756, -0.7632309, 0.38390452), (0.60359627, -0.7681175, 0.2136985), (0.5678322, -0.76996475, 0.29106864), (0.5557576, -0.74487305, 0.36918533), (0.5678322, -0.76996475, 0.29106864), (0.6183905, -0.7073135, 0.3424921), (0.5620789, -0.7525088, 0.3432169), (0.54991233, -0.75787526, 0.35102922), (0.51970756, -0.7632309, 0.38390452), (0.6589746, -0.34499967, 0.668377), (0.5557576, -0.74487305, 0.36918533), (0.32359147, -0.9304212, 0.17206115), (0.36107343, -0.8647259, 0.34910604), (0.5557576, -0.74487305, 0.36918533), (0.5620789, -0.7525088, 0.3432169), (0.3462991, -0.926313, 0.14839585), (0.7372984, -0.6658613, -0.114104204), (0.7593374, -0.6379871, -0.12798159), (0.7583006, -0.6390845, -0.12865143), (0.7593374, -0.6379871, -0.12798159), (0.7744152, -0.62067163, -0.12266971), (0.7734846, -0.6217217, -0.12322271), (0.7744152, -0.62067163, -0.12266971), (0.77786857, -0.61598736, -0.12441904), (0.77762645, -0.6162376, -0.12469304), (0.5620789, -0.7525088, 0.3432169), (0.54991233, -0.75787526, 0.35102922), (0.63531804, -0.62294966, 0.4564041), (0.6722022, -0.665924, 0.32355744), (0.54991233, -0.75787526, 0.35102922), (0.5620789, -0.7525088, 0.3432169), (0.7094306, -0.67293626, 0.2094399), (0.7146433, -0.64210665, 0.27745983), (0.6722022, -0.665924, 0.32355744), (0.7926886, -0.597912, 0.118937105), (0.7146433, -0.64210665, 0.27745983), (0.7094306, -0.67293626, 0.2094399), (0.7579547, -0.65195155, 0.021535395), (0.75902534, -0.64561063, -0.0840678), (0.8479655, -0.5271577, 0.055310275), (0.5567513, -0.7115082, 0.4287006), (0.36107343, -0.8647259, 0.34910604), (0.23939821, -0.8743107, 0.42221949), (0.6537518, -0.73899275, 0.16278318), (0.60359627, -0.7681175, 0.2136985), (0.5567513, -0.7115082, 0.4287006), (0.6097919, -0.79233736, 0.018851327), (0.5973638, -0.79845804, 0.07497419), (0.60359627, -0.7681175, 0.2136985), (0.64243203, -0.76078206, -0.0921502), (0.5973638, -0.79845804, 0.07497419), (0.6097919, -0.79233736, 0.018851327), (0.7068016, -0.70643497, -0.0371631), (0.64243203, -0.76078206, -0.0921502), (0.6826703, -0.7152323, -0.14967951), (0.24583092, 0.11655331, 0.96227986), (0.21169114, 0.109720506, 0.97115815), (0.16001259, 0.0214413, 0.98688215), (0.32731918, 0.0067379503, 0.9448898), (0.3832257, 0.022261456, 0.9233864), (0.37627423, 0.080102414, 0.9230392), (0.06201397, 0.0072918213, 0.9980486), (0.05083726, 0.10207466, 0.99347687), (0.024214802, 0.19384356, 0.9807336), (0.09624062, -0.021943634, 0.9951161), (0.07047609, -0.18667635, 0.9798903), (0.041817263, -0.17131211, 0.9843289), (0.32731918, 0.0067379503, 0.9448898), (0.23871166, 0.013814854, 0.9709922), (0.20233932, -0.15627554, 0.9667661), (0.23871166, 0.013814854, 0.9709922), (0.16001259, 0.0214413, 0.98688215), (0.09749835, -0.15363824, 0.9833053), (0.041817263, -0.17131211, 0.9843289), (0.07047609, -0.18667635, 0.9798903), (0.060823027, -0.24637808, 0.96726334), (0.20233932, -0.15627554, 0.9667661), (0.13563696, -0.3775995, 0.915981), (0.11919389, -0.30547252, 0.9447112), (0.20233932, -0.15627554, 0.9667661), (0.09749835, -0.15363824, 0.9833053), (0.085142456, -0.35794345, 0.9298534), (0.06449197, -0.29853418, 0.95221746), (0.060823027, -0.24637808, 0.96726334), (0.16421318, -0.5160954, 0.8406424), (0.11919389, -0.30547252, 0.9447112), (0.13563696, -0.3775995, 0.915981), (0.06163297, -0.47888178, 0.8757132), (0.13563696, -0.3775995, 0.915981), (0.085142456, -0.35794345, 0.9298534), (0.11896226, -0.48316935, 0.8674073), (0.16645974, -0.50555724, 0.8465831), (0.16421318, -0.5160954, 0.8406424), (-0.2999359, -0.56744486, 0.76684076), (0.06163297, -0.47888178, 0.8757132), (0.2513346, -0.526681, 0.81205785), (0.11617928, -0.55591685, 0.82307893), (0.06163297, -0.47888178, 0.8757132), (0.11896226, -0.48316935, 0.8674073), (0.18033588, -0.5172066, 0.8366459), (0.24583092, 0.11655331, 0.96227986), (0.22808672, 0.17588435, 0.9576227), (0.22917736, 0.17121243, 0.9582088), (0.22808672, 0.17588435, 0.9576227), (0.21347731, 0.20373657, 0.9554678), (0.21431892, 0.19988331, 0.95609313), (0.21347731, 0.20373657, 0.9554678), (0.21413708, 0.21382156, 0.9531136), (0.21399055, 0.21383542, 0.9531434), (0.11896226, -0.48316935, 0.8674073), (0.16645974, -0.50555724, 0.8465831), (-0.18461439, -0.49677238, 0.8480181), (0.06449197, -0.29853418, 0.95221746), (0.16645974, -0.50555724, 0.8465831), (0.11896226, -0.48316935, 0.8674073), (0.09749835, -0.15363824, 0.9833053), (0.041817263, -0.17131211, 0.9843289), (0.06449197, -0.29853418, 0.95221746), (0.06201397, 0.0072918213, 0.9980486), (0.041817263, -0.17131211, 0.9843289), (0.09749835, -0.15363824, 0.9833053), (0.16001259, 0.0214413, 0.98688215), (0.21169114, 0.109720506, 0.97115815), (0.05083726, 0.10207466, 0.99347687), (-0.049289923, -0.45743158, 0.8878777), (0.11617928, -0.55591685, 0.82307893), (0.14731668, -0.6298732, 0.7625991), (0.11919389, -0.30547252, 0.9447112), (-0.049289923, -0.45743158, 0.8878777), (-0.050366525, -0.44941092, 0.8919042), (0.25805295, -0.14499128, 0.9551891), (0.11919389, -0.30547252, 0.9447112), (0.15384445, -0.24662668, 0.95682144), (0.32731918, 0.0067379503, 0.9448898), (0.25805295, -0.14499128, 0.9551891), (0.3228574, -0.09900968, 0.94125456), (0.23871166, 0.013814854, 0.9709922), (0.32731918, 0.0067379503, 0.9448898), (0.3227873, 0.08731388, 0.9424355), (-0.2629473, 0.24451767, 0.9333113), (-0.23129243, 0.13591525, 0.96334356), (-0.0796139, 0.16379593, 0.9832765), (0.15562904, 0.15791164, 0.97511196), (0.32179782, 0.28837073, 0.9018251), (0.19914493, 0.30293578, 0.93197167), (-0.31278938, 0.071289025, 0.94714344), (-0.37186447, 0.13548608, 0.9183466), (-0.4552326, 0.17059648, 0.87387645), (-0.2618035, 0.058253214, 0.96336156), (-0.17403513, -0.06803754, 0.9823862), (-0.2025959, -0.073186696, 0.9765237), (-0.0796139, 0.16379593, 0.9832765), (0.15818736, 0.10914873, 0.9813579), (0.30076152, -0.029471269, 0.9532439), (-0.23129243, 0.13591525, 0.96334356), (-0.07791675, 0.0033840344, 0.99695414), (0.15818736, 0.10914873, 0.9813579), (-0.2025959, -0.073186696, 0.9765237), (-0.17403513, -0.06803754, 0.9823862), (-0.13491684, -0.1243008, 0.9830294), (0.30076152, -0.029471269, 0.9532439), (0.15818736, 0.10914873, 0.9813579), (0.4012055, 0.070852555, 0.9132437), (0.15818736, 0.10914873, 0.9813579), (-0.07791675, 0.0033840344, 0.99695414), (0.2000555, -0.03494897, 0.979161), (-0.06258414, -0.12396398, 0.99031115), (-0.13491684, -0.1243008, 0.9830294), (0.13096195, -0.23888777, 0.9621754), (0.419094, -0.008231778, 0.90790546), (0.4012055, 0.070852555, 0.9132437), (0.36693317, 0.06808962, 0.927752), (0.4012055, 0.070852555, 0.9132437), (0.2000555, -0.03494897, 0.979161), (0.19459546, -0.093405835, 0.9764261), (0.14479345, -0.20762593, 0.96743286), (0.13096195, -0.23888777, 0.9621754), (-0.12447744, -0.5896298, 0.7980238), (0.36693317, 0.06808962, 0.927752), (0.17698045, -0.16703127, 0.9699373), (0.055828974, -0.10306275, 0.9931068), (0.36693317, 0.06808962, 0.927752), (0.19459546, -0.093405835, 0.9764261), (0.14454278, -0.19635722, 0.96982026), (-0.23792359, 0.27398407, 0.9318396), (-0.28951827, 0.30376625, 0.9076922), (-0.28434557, 0.299506, 0.91073805), (-0.28951827, 0.30376625, 0.9076922), (-0.31738517, 0.3177333, 0.8934832), (-0.31316492, 0.31375477, 0.8963737), (-0.31738517, 0.3177333, 0.8934832), (-0.32067937, 0.32732186, 0.8888336), (-0.32105654, 0.3270722, 0.88878936), (0.19459546, -0.093405835, 0.9764261), (0.14479345, -0.20762593, 0.96743286), (-0.09979137, -0.43990597, 0.8924822), (-0.06258414, -0.12396398, 0.99031115), (0.14479345, -0.20762593, 0.96743286), (0.19459546, -0.093405835, 0.9764261), (-0.07791675, 0.0033840344, 0.99695414), (-0.2025959, -0.073186696, 0.9765237), (-0.06258414, -0.12396398, 0.99031115), (-0.31278938, 0.071289025, 0.94714344), (-0.2025959, -0.073186696, 0.9765237), (-0.07791675, 0.0033840344, 0.99695414), (-0.23129243, 0.13591525, 0.96334356), (-0.2629473, 0.24451767, 0.9333113), (-0.37186447, 0.13548608, 0.9183466), (0.38179526, 0.18932836, 0.9046475), (0.055828974, -0.10306275, 0.9931068), (-0.20379882, 0.08886495, 0.9749713), (0.32718408, -0.094283536, 0.9402452), (0.419094, -0.008231778, 0.90790546), (0.38179526, 0.18932836, 0.9046475), (0.30076152, -0.029471269, 0.9532439), (0.419094, -0.008231778, 0.90790546), (0.32718408, -0.094283536, 0.9402452), (0.15562904, 0.15791164, 0.97511196), (0.30076152, -0.029471269, 0.9532439), (0.3098693, 0.005151203, 0.95076525), (-0.0796139, 0.16379593, 0.9832765), (0.15562904, 0.15791164, 0.97511196), (-0.04887571, 0.29011074, 0.95574415), (-0.73809505, -0.5080288, 0.44398475), (-0.6609467, -0.53799087, 0.52317816), (-0.6984467, -0.4611743, 0.5472572), (-0.7346078, -0.37821952, 0.56329507), (-0.7718023, -0.3259926, 0.54593956), (-0.7954419, -0.3425042, 0.499963), (-0.59164095, -0.6287135, 0.5046586), (-0.6473129, -0.64032716, 0.41348177), (-0.6856517, -0.67640483, 0.2689948), (-0.5760799, -0.5693255, 0.58651555), (-0.4641982, -0.5335723, 0.70697993), (-0.45648038, -0.5608679, 0.69069004), (-0.6984467, -0.4611743, 0.5472572), (-0.5645231, -0.44259027, 0.6967262), (-0.6054351, -0.40073803, 0.68764627), (-0.6609467, -0.53799087, 0.52317816), (-0.49927917, -0.5396698, 0.67784715), (-0.5645231, -0.44259027, 0.6967262), (-0.45648038, -0.5608679, 0.69069004), (-0.4641982, -0.5335723, 0.70697993), (-0.42094526, -0.5242243, 0.7402662), (-0.5645231, -0.44259027, 0.6967262), (-0.3756038, -0.4184953, 0.82691205), (-0.4314384, -0.44808796, 0.782993), (-0.49927917, -0.5396698, 0.67784715), (-0.3554693, -0.47137615, 0.8071221), (-0.3756038, -0.4184953, 0.82691205), (-0.4035453, -0.5010554, 0.7655682), (-0.42094526, -0.5242243, 0.7402662), (-0.33200717, -0.41510487, 0.8470296), (-0.3756038, -0.4184953, 0.82691205), (-0.35799155, -0.43903783, 0.8240679), (-0.2889801, -0.486851, 0.82429767), (-0.3756038, -0.4184953, 0.82691205), (-0.3554693, -0.47137615, 0.8071221), (-0.37856108, -0.41160065, 0.8290214), (-0.3599564, -0.40856305, 0.83875364), (-0.33200717, -0.41510487, 0.8470296), (0.0609354, -0.7064999, 0.70508504), (-0.35799155, -0.43903783, 0.8240679), (-0.61958534, -0.18593958, 0.762588), (-0.53601766, -0.22802942, 0.81282693), (-0.35799155, -0.43903783, 0.8240679), (-0.37856108, -0.41160065, 0.8290214), (-0.5902588, -0.26468018, 0.762587), (-0.76055765, -0.473864, 0.44385242), (-0.7746564, -0.50128305, 0.3855163), (-0.7722532, -0.49878192, 0.3934991), (-0.7746564, -0.50128305, 0.3855163), (-0.7767181, -0.5184664, 0.3576332), (-0.7750327, -0.5166935, 0.36380216), (-0.7767181, -0.5184664, 0.3576332), (-0.77978724, -0.5188306, 0.3503522), (-0.7797406, -0.5189245, 0.35031703), (-0.37856108, -0.41160065, 0.8290214), (-0.3599564, -0.40856305, 0.83875364), (-0.21932772, -0.66656566, 0.7124504), (-0.4035453, -0.5010554, 0.7655682), (-0.3599564, -0.40856305, 0.83875364), (-0.37856108, -0.41160065, 0.8290214), (-0.45648038, -0.5608679, 0.69069004), (-0.4035453, -0.5010554, 0.7655682), (-0.3554693, -0.47137615, 0.8071221), (-0.59164095, -0.6287135, 0.5046586), (-0.45648038, -0.5608679, 0.69069004), (-0.49927917, -0.5396698, 0.67784715), (-0.6609467, -0.53799087, 0.52317816), (-0.73809505, -0.5080288, 0.44398475), (-0.6473129, -0.64032716, 0.41348177), (-0.2889801, -0.486851, 0.82429767), (-0.53601766, -0.22802942, 0.81282693), (-0.50223994, -0.037920963, 0.8638964), (-0.4314384, -0.44808796, 0.782993), (-0.2889801, -0.486851, 0.82429767), (-0.26149443, -0.52884585, 0.8074296), (-0.6054351, -0.40073803, 0.68764627), (-0.4314384, -0.44808796, 0.782993), (-0.49436325, -0.45728737, 0.7392518), (-0.7346078, -0.37821952, 0.56329507), (-0.6054351, -0.40073803, 0.68764627), (-0.6788953, -0.34858015, 0.6462143), (-0.6984467, -0.4611743, 0.5472572), (-0.7346078, -0.37821952, 0.56329507), (-0.7798529, -0.39420256, 0.48624456), (-0.21493857, 0.41972023, 0.88183695), (-0.27026442, 0.3856892, 0.882157), (-0.1358368, 0.45216563, 0.88152975), (0.044346064, 0.46089444, 0.8863462), (0.1400211, 0.43018988, 0.8918132), (0.045054533, 0.4552714, 0.8892121), (-0.37278968, 0.23861241, 0.8967117), (-0.367937, 0.32981497, 0.8693931), (-0.43416062, 0.31830215, 0.8427267), (-0.35840967, 0.17021875, 0.91791505), (-0.30095157, -0.14159769, 0.94306844), (-0.32957023, -0.1219999, 0.9362155), (-0.1358368, 0.45216563, 0.88152975), (-0.06928346, 0.25847927, 0.963529), (0.14024605, 0.3735414, 0.9169503), (-0.1358368, 0.45216563, 0.88152975), (-0.27026442, 0.3856892, 0.882157), (-0.26340944, 0.068072535, 0.96227944), (-0.32957023, -0.1219999, 0.9362155), (-0.30095157, -0.14159769, 0.94306844), (-0.219237, -0.43777236, 0.87194633), (-0.06928346, 0.25847927, 0.963529), (-0.055091243, -0.2708604, 0.9610409), (0.16428173, -0.017525861, 0.98625773), (-0.06928346, 0.25847927, 0.963529), (-0.26340944, 0.068072535, 0.96227944), (-0.23869994, -0.3603659, 0.9017531), (-0.256738, -0.45069748, 0.8549605), (-0.219237, -0.43777236, 0.87194633), (-0.14043324, -0.616276, 0.774908), (0.16428173, -0.017525861, 0.98625773), (-0.055091243, -0.2708604, 0.9610409), (-0.2561756, -0.4875292, 0.8346792), (-0.055091243, -0.2708604, 0.9610409), (-0.23869994, -0.3603659, 0.9017531), (-0.27921054, -0.5671128, 0.7748706), (-0.236411, -0.6084282, 0.7575784), (-0.14043324, -0.616276, 0.774908), (-0.49067023, -0.63617873, 0.5954153), (-0.2561756, -0.4875292, 0.8346792), (-0.105170816, -0.48950002, 0.8656378), (-0.1606734, -0.5257687, 0.83531505), (-0.2561756, -0.4875292, 0.8346792), (-0.27921054, -0.5671128, 0.7748706), (-0.22618073, -0.5132458, 0.82790154), (-0.16353983, 0.43651405, 0.8847092), (-0.15874122, 0.37248763, 0.91436), (-0.15661159, 0.37299523, 0.9145203), (-0.15874122, 0.37248763, 0.91436), (-0.17913951, 0.3794373, 0.9077094), (-0.17601545, 0.37594384, 0.90977186), (-0.17913951, 0.3794373, 0.9077094), (-0.18254206, 0.38868904, 0.9031053), (-0.18279645, 0.38856658, 0.9031066), (-0.27921054, -0.5671128, 0.7748706), (-0.236411, -0.6084282, 0.7575784), (-0.49419364, -0.5751482, 0.6519028), (-0.256738, -0.45069748, 0.8549605), (-0.236411, -0.6084282, 0.7575784), (-0.27921054, -0.5671128, 0.7748706), (-0.26340944, 0.068072535, 0.96227944), (-0.32957023, -0.1219999, 0.9362155), (-0.256738, -0.45069748, 0.8549605), (-0.37278968, 0.23861241, 0.8967117), (-0.32957023, -0.1219999, 0.9362155), (-0.26340944, 0.068072535, 0.96227944), (-0.27026442, 0.3856892, 0.882157), (-0.21493857, 0.41972023, 0.88183695), (-0.367937, 0.32981497, 0.8693931), (-0.069219604, -0.3310771, 0.94106144), (-0.1606734, -0.5257687, 0.83531505), (0.050463475, -0.5054768, 0.8613633), (0.27232528, 0.14655302, 0.950979), (0.16428173, -0.017525861, 0.98625773), (-0.069219604, -0.3310771, 0.94106144), (0.14024605, 0.3735414, 0.9169503), (0.16428173, -0.017525861, 0.98625773), (0.27232528, 0.14655302, 0.950979), (0.044346064, 0.46089444, 0.8863462), (0.14024605, 0.3735414, 0.9169503), (0.218307, 0.40216613, 0.8891594), (-0.1358368, 0.45216563, 0.88152975), (0.044346064, 0.46089444, 0.8863462), (-0.07049982, 0.47685954, 0.8761477), (-0.7201202, -0.061214074, 0.6911437), (-0.6525471, -0.12742898, 0.7469566), (-0.6406349, -0.04407453, 0.7665796), (-0.6268654, 0.046140112, 0.7777602), (-0.63438344, 0.10915397, 0.7652731), (-0.6748133, 0.10925557, 0.7298563), (-0.6453978, -0.23307957, 0.7274171), (-0.71693444, -0.21971421, 0.6616122), (-0.79279655, -0.23935321, 0.5605207), (-0.59625953, -0.19721533, 0.7781906), (-0.45734876, -0.2279438, 0.8595776), (-0.46822992, -0.25378904, 0.84637564), (-0.6406349, -0.04407453, 0.7665796), (-0.4943663, -0.098284855, 0.86367935), (-0.5060356, -0.040885363, 0.86154306), (-0.6525471, -0.12742898, 0.7469566), (-0.49269766, -0.21252272, 0.8438502), (-0.4943663, -0.098284855, 0.86367935), (-0.46822992, -0.25378904, 0.84637564), (-0.45734876, -0.2279438, 0.8595776), (-0.40205368, -0.2441789, 0.8824565), (-0.4943663, -0.098284855, 0.86367935), (-0.29941592, -0.18107487, 0.9367828), (-0.3701774, -0.17315827, 0.9126801), (-0.49269766, -0.21252272, 0.8438502), (-0.31117412, -0.23049898, 0.9219767), (-0.29941592, -0.18107487, 0.9367828), (-0.36693108, -0.23081185, 0.9011589), (-0.40205368, -0.2441789, 0.8824565), (-0.12736768, -0.14433658, 0.9812973), (-0.29941592, -0.18107487, 0.9367828), (-0.14760499, -0.26599973, 0.95260537), (-0.16313332, -0.34406126, 0.9246672), (-0.29941592, -0.18107487, 0.9367828), (-0.31117412, -0.23049898, 0.9219767), (-0.16026029, -0.18216456, 0.97011995), (-0.13371648, -0.13741483, 0.98144644), (-0.12736768, -0.14433658, 0.9812973), (0.0020193309, -0.5866861, 0.80981195), (-0.14760499, -0.26599973, 0.95260537), (-0.10127153, -0.054909863, 0.9933423), (-0.07895671, -0.18148287, 0.98021924), (-0.14760499, -0.26599973, 0.95260537), (-0.16026029, -0.18216456, 0.97011995), (-0.12243791, -0.1505133, 0.9809968), (-0.72187114, -0.020756766, 0.69171613), (-0.7638843, -0.03424768, 0.6444439), (-0.7587897, -0.03379402, 0.65045834), (-0.7638843, -0.03424768, 0.6444439), (-0.7832522, -0.045493208, 0.62003744), (-0.77926177, -0.045223426, 0.62506473), (-0.7832522, -0.045493208, 0.62003744), (-0.78875285, -0.042921137, 0.61321026), (-0.78878707, -0.043141257, 0.61315066), (-0.16026029, -0.18216456, 0.97011995), (-0.13371648, -0.13741483, 0.98144644), (-0.11462687, -0.49263808, 0.862652), (-0.36693108, -0.23081185, 0.9011589), (-0.13371648, -0.13741483, 0.98144644), (-0.16026029, -0.18216456, 0.97011995), (-0.46822992, -0.25378904, 0.84637564), (-0.36693108, -0.23081185, 0.9011589), (-0.31117412, -0.23049898, 0.9219767), (-0.6453978, -0.23307957, 0.7274171), (-0.46822992, -0.25378904, 0.84637564), (-0.49269766, -0.21252272, 0.8438502), (-0.6525471, -0.12742898, 0.7469566), (-0.7201202, -0.061214074, 0.6911437), (-0.71693444, -0.21971421, 0.6616122), (-0.16313332, -0.34406126, 0.9246672), (-0.07895671, -0.18148287, 0.98021924), (0.008447306, -0.13909878, 0.9902425), (-0.3701774, -0.17315827, 0.9126801), (-0.16313332, -0.34406126, 0.9246672), (-0.20831786, -0.35632768, 0.91084254), (-0.5060356, -0.040885363, 0.86154306), (-0.3701774, -0.17315827, 0.9126801), (-0.42778805, -0.15170673, 0.8910569), (-0.6268654, 0.046140112, 0.7777602), (-0.5060356, -0.040885363, 0.86154306), (-0.5439866, 0.03588236, 0.83832633), (-0.6406349, -0.04407453, 0.7665796), (-0.6268654, 0.046140112, 0.7777602), (-0.6887583, 0.056590676, 0.722779), (-0.053287286, -0.48659408, 0.8720016), (-0.010598387, -0.4646778, 0.88541645), (0.111409426, -0.33219787, 0.93660694), (-0.1351698, -0.4077951, 0.9030129), (-0.22493826, -0.42873907, 0.8749775), (-0.21674949, -0.4850787, 0.8471826), (0.21499994, -0.24711528, 0.9448328), (0.199237, -0.37693754, 0.9045567), (0.18966337, -0.48751265, 0.85226715), (0.114728, -0.20563225, 0.9718811), (0.102933615, -0.03268488, 0.9941511), (0.19995537, -0.058680024, 0.9780463), (-0.1351698, -0.4077951, 0.9030129), (0.0030568992, -0.3567492, 0.93419516), (0.0991939, -0.18508084, 0.9777042), (0.0030568992, -0.3567492, 0.93419516), (0.111409426, -0.33219787, 0.93660694), (0.22146508, -0.14032628, 0.96501905), (0.19995537, -0.058680024, 0.9780463), (0.102933615, -0.03268488, 0.9941511), (0.16540842, -0.105150335, 0.98060364), (0.0991939, -0.18508084, 0.9777042), (0.21281397, -0.008058025, 0.97705954), (0.13580176, -0.08469377, 0.9871094), (0.22146508, -0.14032628, 0.96501905), (0.25836217, 0.0025403732, 0.9660448), (0.21281397, -0.008058025, 0.97705954), (0.21929012, -0.06780146, 0.973301), (0.16540842, -0.105150335, 0.98060364), (0.077522, 0.029416436, 0.9965566), (0.21281397, -0.008058025, 0.97705954), (0.25128603, 0.08055102, 0.9645553), (0.27329847, 0.10253881, 0.9564485), (0.21281397, -0.008058025, 0.97705954), (0.25836217, 0.0025403732, 0.9660448), (0.1849464, 0.044542503, 0.9817386), (0.0981607, 0.033123255, 0.99461925), (0.077522, 0.029416436, 0.9965566), (0.4252352, 0.15307973, 0.8920435), (0.25128603, 0.08055102, 0.9645553), (-0.10995475, 0.08818723, 0.9900166), (0.058686968, 0.14852257, 0.98716605), (0.25128603, 0.08055102, 0.9645553), (0.1849464, 0.044542503, 0.9817386), (-0.05195639, 0.06865527, 0.99628663), (-0.053287286, -0.48659408, 0.8720016), (-0.053005632, -0.5718527, 0.818642), (-0.052274752, -0.56789315, 0.82144064), (-0.053005632, -0.5718527, 0.818642), (-0.03421123, -0.5944891, 0.8033756), (-0.03563057, -0.59169245, 0.80537605), (-0.03421123, -0.5944891, 0.8033756), (-0.032754745, -0.6021222, 0.79773176), (-0.03288845, -0.60211533, 0.79773146), (0.1849464, 0.044542503, 0.9817386), (0.0981607, 0.033123255, 0.99461925), (0.338714, 0.07162167, 0.9381595), (0.21929012, -0.06780146, 0.973301), (0.0981607, 0.033123255, 0.99461925), (0.1849464, 0.044542503, 0.9817386), (0.22146508, -0.14032628, 0.96501905), (0.19995537, -0.058680024, 0.9780463), (0.21929012, -0.06780146, 0.973301), (0.21499994, -0.24711528, 0.9448328), (0.19995537, -0.058680024, 0.9780463), (0.22146508, -0.14032628, 0.96501905), (0.111409426, -0.33219787, 0.93660694), (-0.010598387, -0.4646778, 0.88541645), (0.199237, -0.37693754, 0.9045567), (0.27329847, 0.10253881, 0.9564485), (0.058686968, 0.14852257, 0.98716605), (-0.01537723, 0.26580983, 0.96390283), (0.13580176, -0.08469377, 0.9871094), (0.27329847, 0.10253881, 0.9564485), (0.23916863, 0.07192262, 0.96831065), (-0.026845338, -0.2536746, 0.966917), (0.13580176, -0.08469377, 0.9871094), (0.051440492, -0.15322411, 0.98685163), (-0.1351698, -0.4077951, 0.9030129), (-0.026845338, -0.2536746, 0.966917), (-0.1591866, -0.3135048, 0.9361487), (0.0030568992, -0.3567492, 0.93419516), (-0.1351698, -0.4077951, 0.9030129), (-0.14179567, -0.48516, 0.8628521), (0.7648124, -0.35733703, 0.53607106), (0.7659044, -0.29155883, 0.5730479), (0.7087167, -0.17516407, 0.68340194), (0.6177428, -0.52916384, 0.58170396), (0.5767701, -0.6370617, 0.51135963), (0.6619274, -0.5933388, 0.4580406), (0.75877786, -0.18896167, 0.6233374), (0.87000054, -0.04858364, 0.49065128), (0.64559263, -0.13372147, 0.7518835), (0.64559263, -0.13372147, 0.7518835), (0.467158, -0.13190754, 0.87427896), (0.4867697, -0.06558651, 0.8710647), (0.6177428, -0.52916384, 0.58170396), (0.69070566, -0.3323164, 0.64225507), (0.47587034, -0.24851024, 0.84367657), (0.69070566, -0.3323164, 0.64225507), (0.7087167, -0.17516407, 0.68340194), (0.51634854, -0.06026264, 0.8542556), (0.4867697, -0.06558651, 0.8710647), (0.467158, -0.13190754, 0.87427896), (0.36612025, -0.064076364, 0.92835885), (0.40257123, -0.4438504, 0.8005831), (0.47587034, -0.24851024, 0.84367657), (0.08621038, -0.123965085, 0.9885345), (0.47587034, -0.24851024, 0.84367657), (0.51634854, -0.06026264, 0.8542556), (0.16273184, -0.028633231, 0.9862548), (0.27256566, -0.0025707465, 0.96213377), (0.36612025, -0.064076364, 0.92835885), (-0.013391069, -0.1669174, 0.98587996), (0.06638523, -0.25050512, 0.96583647), (0.08621038, -0.123965085, 0.9885345), (-0.09000589, -0.09492921, 0.99140674), (0.08621038, -0.123965085, 0.9885345), (0.16273184, -0.028633231, 0.9862548), (-0.095817655, -0.11703186, 0.98849505), (-0.06575576, -0.13512114, 0.9886448), (-0.013391069, -0.1669174, 0.98587996), (-0.10278943, 0.19745347, 0.9749085), (-0.09000589, -0.09492921, 0.99140674), (-0.120492004, -0.42745063, 0.8959731), (-0.1828494, -0.3382311, 0.9231282), (-0.09000589, -0.09492921, 0.99140674), (-0.095817655, -0.11703186, 0.98849505), (-0.0913823, -0.31009907, 0.9463023), (0.7648124, -0.35733703, 0.53607106), (0.7848101, -0.38999432, 0.48164034), (0.78533125, -0.3857571, 0.48419654), (0.7848101, -0.38999432, 0.48164034), (0.786937, -0.37974086, 0.48634037), (0.78735894, -0.37946323, 0.485874), (0.786937, -0.37974086, 0.48634037), (0.78267026, -0.38917765, 0.48576534), (0.7829406, -0.3881961, 0.48611486), (-0.095817655, -0.11703186, 0.98849505), (-0.06575576, -0.13512114, 0.9886448), (-0.037604406, 0.11214715, 0.9929798), (0.16273184, -0.028633231, 0.9862548), (0.27256566, -0.0025707465, 0.96213377), (-0.06575576, -0.13512114, 0.9886448), (0.51634854, -0.06026264, 0.8542556), (0.4867697, -0.06558651, 0.8710647), (0.27256566, -0.0025707465, 0.96213377), (0.7087167, -0.17516407, 0.68340194), (0.6299305, -0.15260571, 0.761511), (0.4867697, -0.06558651, 0.8710647), (0.7659044, -0.29155883, 0.5730479), (0.75877786, -0.18896167, 0.6233374), (0.6299305, -0.15260571, 0.761511), (-0.11825786, -0.087112896, 0.9891544), (-0.1828494, -0.3382311, 0.9231282), (-0.3189465, -0.34815282, 0.88151157), (0.117468975, -0.37207872, 0.920738), (0.06638523, -0.25050512, 0.96583647), (-0.11825786, -0.087112896, 0.9891544), (0.40257123, -0.4438504, 0.8005831), (0.06638523, -0.25050512, 0.96583647), (0.117468975, -0.37207872, 0.920738), (0.6177428, -0.52916384, 0.58170396), (0.40257123, -0.4438504, 0.8005831), (0.41373464, -0.606818, 0.67867196), (0.69070566, -0.3323164, 0.64225507), (0.6177428, -0.52916384, 0.58170396), (0.7192796, -0.48288628, 0.49945736), (0.32709408, 0.18640044, 0.9264255), (0.2892182, 0.19914627, 0.9363192), (0.24558519, 0.065968364, 0.96712774), (0.34848645, -0.10552344, 0.93135494), (0.35301328, -0.101155, 0.93013394), (0.39117685, -0.0025288356, 0.9203121), (0.14033923, 0.13087592, 0.9814155), (0.13814104, 0.24358967, 0.9599902), (0.13666178, 0.35346216, 0.92541236), (0.15122549, 0.13269384, 0.9795525), (0.07903284, -0.02793016, 0.99648064), (0.09262664, -0.03577358, 0.99505806), (0.34848645, -0.10552344, 0.93135494), (0.32592276, -0.007891124, 0.94536346), (0.29769096, -0.22372484, 0.92807716), (0.32592276, -0.007891124, 0.94536346), (0.24558519, 0.065968364, 0.96712774), (0.19837564, -0.13104005, 0.97132677), (0.09262664, -0.03577358, 0.99505806), (0.07903284, -0.02793016, 0.99648064), (0.10318073, -0.10503681, 0.9891011), (0.29769096, -0.22372484, 0.92807716), (0.27882767, -0.3347711, 0.9001019), (0.2328782, -0.23028956, 0.94484633), (0.29769096, -0.22372484, 0.92807716), (0.19837564, -0.13104005, 0.97132677), (0.22606969, -0.30889034, 0.9238394), (0.15158029, -0.18904917, 0.97019786), (0.10318073, -0.10503681, 0.9891011), (0.23171096, -0.12990543, 0.96407187), (0.2328782, -0.23028956, 0.94484633), (0.27882767, -0.3347711, 0.9001019), (0.37912723, 0.0326578, 0.92476803), (0.27882767, -0.3347711, 0.9001019), (0.22606969, -0.30889034, 0.9238394), (0.32572323, -0.065589465, 0.9431873), (0.27366343, -0.0534739, 0.9603379), (0.23171096, -0.12990543, 0.96407187), (-0.49090338, 0.30251843, 0.81700456), (0.37912723, 0.0326578, 0.92476803), (0.3979059, 0.3438295, 0.85055983), (0.37092888, 0.35609657, 0.8576753), (0.37912723, 0.0326578, 0.92476803), (0.32572323, -0.065589465, 0.9431873), (0.38675898, 0.3461309, 0.8547578), (0.32709408, 0.18640044, 0.9264255), (0.3264499, 0.27577263, 0.90409064), (0.32661298, 0.27188048, 0.90520996), (0.3264499, 0.27577263, 0.90409064), (0.31799132, 0.30616817, 0.8972973), (0.3181036, 0.3028961, 0.89836746), (0.31799132, 0.30616817, 0.8972973), (0.32035565, 0.31581366, 0.89310354), (0.32032004, 0.31582698, 0.89311165), (0.32572323, -0.065589465, 0.9431873), (0.27366343, -0.0534739, 0.9603379), (-0.11273976, 0.42821103, 0.89661866), (0.15158029, -0.18904917, 0.97019786), (0.27366343, -0.0534739, 0.9603379), (0.32572323, -0.065589465, 0.9431873), (0.19837564, -0.13104005, 0.97132677), (0.09262664, -0.03577358, 0.99505806), (0.15158029, -0.18904917, 0.97019786), (0.14033923, 0.13087592, 0.9814155), (0.09262664, -0.03577358, 0.99505806), (0.19837564, -0.13104005, 0.97132677), (0.24558519, 0.065968364, 0.96712774), (0.2892182, 0.19914627, 0.9363192), (0.13814104, 0.24358967, 0.9599902), (0.36960316, 0.1127624, 0.9223221), (0.37092888, 0.35609657, 0.8576753), (0.6927481, 0.18913995, 0.6959354), (0.2089183, -0.16884209, 0.96324736), (0.2328782, -0.23028956, 0.94484633), (0.36960316, 0.1127624, 0.9223221), (0.27577683, -0.2487858, 0.9284679), (0.2328782, -0.23028956, 0.94484633), (0.2089183, -0.16884209, 0.96324736), (0.34848645, -0.10552344, 0.93135494), (0.27577683, -0.2487858, 0.9284679), (0.27770278, -0.20712827, 0.938072), (0.32592276, -0.007891124, 0.94536346), (0.34848645, -0.10552344, 0.93135494), (0.37782255, 0.03317471, 0.92528355)] (
                        interpolation = "faceVarying"
                    )
                    point3f[] points = [(-0.007228998, 0.07278399, -0.00005579251), (-0.007228998, 0.06445532, 0.00068769127), (-3.5166823e-9, 0.060253203, 0.0006357368), (0.007228995, 0.06437966, -0.00015984438), (0.007228995, 0.07270834, -0.0009033282), (1.1722274e-9, 0.07866923, -0.00020470202), (-0.0018764278, 0.091172464, 0.1970829), (-0.0018764313, 0.08465092, 0.19766507), (0.0038077575, 0.081372246, 0.19775532), (0.009492178, 0.08461506, 0.19726339), (0.009492182, 0.091136605, 0.19668123), (0.0038077575, 0.094415285, 0.19659099), (-0.006970781, 0.106230006, 0.36697027), (-0.006970785, 0.09992269, 0.3675333), (-0.0014872659, 0.09677552, 0.36788717), (0.003996251, 0.099935606, 0.36767802), (0.003996251, 0.10624292, 0.367115), (-0.0014872621, 0.10939008, 0.3667611), (-0.004668645, 0.119908616, 0.5290535), (-0.004668645, 0.11516929, 0.5294766), (-0.0005441427, 0.11283072, 0.53003633), (0.0035805875, 0.11523144, 0.5301728), (0.0035805875, 0.11997077, 0.52974975), (-0.00054414006, 0.12230934, 0.5291902), (0.008890426, 0.14093739, 0.49056998), (0.013062686, 0.1410563, 0.49102664), (0.0069042216, 0.17059366, 0.5026615), (0.017916963, 0.16825569, 0.50243914), (-0.06381931, 0.15125658, 0.48024422), (-0.07245569, 0.18438913, 0.49070427), (0.07144551, 0.14232036, 0.48344043), (0.08274423, 0.16464467, 0.498274), (0.010241939, 0.19864853, 0.5093217), (0.0224686, 0.19733135, 0.5092979), (-0.06025311, 0.21603888, 0.50237715), (0.09654903, 0.18339151, 0.49838373), (0.017416812, 0.2399109, 0.5094949), (0.027160723, 0.23765458, 0.5095079), (-0.044176, 0.25246608, 0.5095072), (0.086665116, 0.23664467, 0.5041964), (0.023290224, 0.27613294, 0.5003395), (0.031292275, 0.2731776, 0.50088394), (-0.027754841, 0.29368266, 0.5069182), (0.07033703, 0.2779275, 0.50205666), (0.025323333, 0.34134477, 0.48097682), (0.03296173, 0.3388065, 0.48370105), (-0.0010032883, 0.3275581, 0.4844897), (0.055320837, 0.31872982, 0.48008275), (0.007730561, 0.13128734, 0.4857064), (0.010122146, 0.13132897, 0.48595226), (0.0059385416, 0.11964631, 0.47937697), (0.008346534, 0.119624965, 0.4795454), (0.0017313254, 0.10997419, 0.47361496), (0.005142296, 0.10993576, 0.47384867), (0.040971402, 0.14118896, 0.49133062), (0.050486505, 0.16658437, 0.5004058), (0.0642882, 0.1926029, 0.501684), (0.056912918, 0.23714964, 0.50685215), (0.05081465, 0.27555254, 0.50147027), (0.043885417, 0.32933286, 0.48262575), (-0.03398325, 0.17919624, 0.49929923), (-0.028320532, 0.14765763, 0.48778006), (-0.02548029, 0.20781846, 0.5065902), (-0.013584942, 0.24535981, 0.5082995), (-0.0022793142, 0.28467768, 0.50329435), (0.012060872, 0.33467028, 0.48301762), (-0.009738606, 0.11400799, 0.5199862), (-0.007329249, 0.117216885, 0.52169347), (-0.028095923, 0.11325346, 0.54779035), (-0.020345528, 0.1218433, 0.5494978), (-0.06221283, 0.06271461, 0.49658), (-0.08760224, 0.058331095, 0.52338946), (0.020525102, 0.17003542, 0.5349144), (0.016282752, 0.17672516, 0.5640669), (-0.044695888, 0.119583026, 0.57214653), (-0.036966916, 0.12932888, 0.5750452), (-0.09984646, 0.07004006, 0.5565717), (0.009652121, 0.19298811, 0.58068657), (-0.07210686, 0.13628316, 0.6015031), (-0.065013856, 0.14371338, 0.60304713), (-0.11560015, 0.08881074, 0.5906955), (-0.033805583, 0.19555116, 0.6168201), (-0.10050921, 0.15593502, 0.6202106), (-0.09360877, 0.16143988, 0.6211545), (-0.13910076, 0.11470686, 0.62082255), (-0.07520045, 0.19420832, 0.63720393), (-0.15761864, 0.18592674, 0.64910585), (-0.15027481, 0.18999068, 0.6518339), (-0.16006793, 0.15856998, 0.6345612), (-0.12425545, 0.20520432, 0.64290714), (-0.005170032, 0.113297716, 0.5096887), (-0.0037757533, 0.115139216, 0.5106382), (-0.00007927598, 0.11238242, 0.4968009), (0.0013378643, 0.11426529, 0.49765652), (0.0024309745, 0.10966977, 0.4848781), (0.0044424953, 0.1123375, 0.48608112), (0.008079028, 0.1400854, 0.53063196), (-0.0020260275, 0.14941989, 0.55695504), (-0.013683666, 0.16692784, 0.5792039), (-0.049409725, 0.16963227, 0.6099336), (-0.08440461, 0.17782411, 0.6291792), (-0.13751268, 0.19711433, 0.64820766), (-0.058659244, 0.083744854, 0.5382812), (-0.036589768, 0.08670523, 0.51080734), (-0.07256764, 0.094120204, 0.565075), (-0.0938652, 0.112848684, 0.5945986), (-0.11980311, 0.13541351, 0.6201022), (-0.1589392, 0.17206112, 0.6421579), (-0.0036481153, 0.08463202, 0.47006288), (-0.0069939834, 0.0851268, 0.47075352), (-0.004946529, 0.060903147, 0.48151743), (-0.013547279, 0.06429103, 0.4820199), (0.05283158, 0.065872096, 0.4568151), (0.056308337, 0.038346455, 0.4666443), (-0.054920655, 0.091741554, 0.4689805), (-0.06575027, 0.07588765, 0.4832368), (-0.010782786, 0.03895249, 0.48883945), (-0.020481441, 0.041689023, 0.48965406), (0.04325852, 0.014924742, 0.47892985), (-0.0793542, 0.06260558, 0.4854467), (-0.021994606, 0.006542191, 0.49191886), (-0.029562283, 0.009701166, 0.49252388), (0.026074616, -0.012039885, 0.48807234), (-0.077906035, 0.018412836, 0.49255958), (-0.032266483, -0.022388466, 0.4869893), (-0.03829184, -0.018877715, 0.48785776), (0.0071753026, -0.04327412, 0.489582), (-0.07033947, -0.017331704, 0.4920006), (-0.044103555, -0.07577127, 0.47512612), (-0.049709298, -0.07254921, 0.4777721), (-0.020743677, -0.068051994, 0.47523096), (-0.06541535, -0.053405747, 0.4753131), (-0.001844688, 0.09206435, 0.4654424), (-0.003760403, 0.09236872, 0.46582374), (0.00060956413, 0.10095546, 0.4594617), (-0.0013175306, 0.10130955, 0.45977736), (0.004801324, 0.10794839, 0.45387918), (0.0020722332, 0.10845637, 0.45432186), (-0.029515931, 0.08884849, 0.4730884), (-0.039788213, 0.070004255, 0.482688), (-0.05425031, 0.05088875, 0.4862755), (-0.053734165, 0.014057007, 0.49254173), (-0.054315656, -0.018104717, 0.4899292), (-0.057369214, -0.06343633, 0.47715575), (0.026648378, 0.048198216, 0.47622693), (0.025274297, 0.07397921, 0.4654041), (0.016620059, 0.026522972, 0.484482), (0.0022151563, -0.0021605492, 0.4889508), (-0.012505113, -0.032666594, 0.4879955), (-0.03234878, -0.07208943, 0.47541612), (0.015795147, 0.09091258, 0.50175333), (0.01266, 0.08851674, 0.5027036), (0.03351759, 0.07544244, 0.5219671), (0.02383004, 0.07049431, 0.5223336), (0.07802585, 0.123302765, 0.48703077), (0.10301453, 0.1088159, 0.50609034), (-0.029908124, 0.05073347, 0.50324166), (-0.026873661, 0.033399887, 0.52516955), (0.04686418, 0.056179173, 0.537395), (0.036840893, 0.0498714, 0.5384141), (0.11123274, 0.08345631, 0.5282643), (-0.026230311, 0.012290377, 0.53294116), (0.06584007, 0.023387715, 0.5516605), (0.057134476, 0.019207928, 0.5521141), (0.11984861, 0.05102354, 0.54833037), (0.012121842, -0.016921915, 0.5541121), (0.08384436, -0.0081679225, 0.55572045), (0.075983785, -0.010662809, 0.55622125), (0.13210914, 0.011912275, 0.56119156), (0.04913851, -0.03661187, 0.5634803), (0.12303429, -0.06087427, 0.55940425), (0.11545556, -0.06273645, 0.56196576), (0.13439724, -0.03464125, 0.5550007), (0.08706281, -0.06317939, 0.554925), (0.011496528, 0.09671063, 0.49411988), (0.009685473, 0.09535055, 0.49464172), (0.0066590467, 0.10378662, 0.48444667), (0.0048068357, 0.10243541, 0.48488027), (0.0047508446, 0.11110628, 0.4756294), (0.0021228371, 0.109196365, 0.47623658), (-0.008400755, 0.072057806, 0.5063617), (-0.001565709, 0.051778045, 0.5238579), (0.0032550201, 0.026006773, 0.5350202), (0.03462816, 0.0011430085, 0.55311304), (0.06256115, -0.023637362, 0.5598508), (0.10170608, -0.062960416, 0.5592593), (0.06990012, 0.09250839, 0.51679623), (0.04822026, 0.107300565, 0.4969354), (0.07960685, 0.070009, 0.53359485), (0.0926415, 0.03751152, 0.5486188), (0.10791293, 0.0019509196, 0.55807406), (0.12888895, -0.04775873, 0.5575179), (0.015810478, 0.119098105, 0.5068902), (0.01728023, 0.116584964, 0.5078384), (0.026341535, 0.13145456, 0.52374107), (0.029332338, 0.12384393, 0.5244894), (-0.0025269133, 0.16797891, 0.4927816), (0.007884125, 0.18585685, 0.5087062), (0.042467438, 0.08206029, 0.51204276), (0.053215094, 0.08326145, 0.53028995), (0.039912608, 0.14024898, 0.537399), (0.043822233, 0.13229725, 0.5387783), (0.024922825, 0.19041447, 0.52802545), (0.0681266, 0.08235614, 0.53835607), (0.064047776, 0.15235914, 0.55166835), (0.06652367, 0.14553837, 0.5524051), (0.047474712, 0.19478697, 0.54652965), (0.09016072, 0.1092938, 0.5575089), (0.08829143, 0.16378203, 0.5581787), (0.08956582, 0.1577097, 0.55877525), (0.076009996, 0.2014206, 0.56038857), (0.106286705, 0.13582166, 0.5668211), (0.12972844, 0.18970047, 0.5667913), (0.1303305, 0.1838906, 0.56886053), (0.111451425, 0.19998525, 0.56075984), (0.12950823, 0.16249834, 0.5634895), (0.012026993, 0.11622779, 0.50054497), (0.012861135, 0.11477755, 0.50106996), (0.00747528, 0.11303046, 0.4925367), (0.008309524, 0.11154954, 0.4929946), (0.0028472936, 0.11205399, 0.48515815), (0.004026413, 0.10995324, 0.48580107), (0.027716551, 0.09966737, 0.5122124), (0.041385133, 0.103508756, 0.527487), (0.059681166, 0.105442315, 0.53860766), (0.0783422, 0.1274161, 0.55495703), (0.097926274, 0.14676568, 0.5627982), (0.12986407, 0.17353332, 0.56678575), (0.016644094, 0.15991998, 0.51825905), (0.006313868, 0.14454567, 0.5017219), (0.032230996, 0.16576718, 0.5332663), (0.055667523, 0.17343576, 0.54803705), (0.08212875, 0.18255717, 0.5589897), (0.1205685, 0.19497418, 0.5640123), (0.010769314, 0.07909288, 0.3741931), (0.0077773784, 0.07757397, 0.3749047), (0.023092935, 0.06154992, 0.38927552), (0.014229045, 0.059103087, 0.38951755), (0.06759491, 0.096397355, 0.36229506), (0.086077236, 0.07852204, 0.3762317), (-0.0339784, 0.053716395, 0.37374246), (-0.034093387, 0.03700194, 0.3906308), (0.031054216, 0.042055566, 0.40017766), (0.02168797, 0.038489815, 0.40086773), (0.08885797, 0.054294184, 0.39248082), (-0.037092622, 0.018835831, 0.39539585), (0.04129839, 0.01056771, 0.40878692), (0.033381537, 0.0085775, 0.40913084), (0.09070083, 0.024363164, 0.4063606), (-0.0100823, -0.0136297345, 0.40941834), (0.05077313, -0.018838257, 0.4089564), (0.043848686, -0.019590646, 0.4094493), (0.094268955, -0.011052884, 0.41350532), (0.017269632, -0.036991283, 0.41435605), (0.07408303, -0.06924127, 0.40631434), (0.0675381, -0.06970264, 0.40858105), (0.08796011, -0.04920958, 0.4043781), (0.04385916, -0.064589486, 0.40363193), (0.008087368, 0.0852719, 0.36840922), (0.0063627157, 0.08441655, 0.36879948), (0.0051458213, 0.092774406, 0.36103576), (0.0033871136, 0.09194116, 0.36135402), (0.0046839314, 0.09990089, 0.35429808), (0.0021897114, 0.09872531, 0.3547436), (-0.012433007, 0.06731048, 0.37736452), (-0.009995969, 0.047911547, 0.39015108), (-0.0102911815, 0.024895843, 0.3972328), (0.011649621, -0.0025261194, 0.4092746), (0.03055916, -0.02829098, 0.41190267), (0.056082144, -0.06729628, 0.4067745), (0.05605119, 0.06982478, 0.38505283), (0.040343706, 0.08745581, 0.370351), (0.060464606, 0.04816936, 0.3969684), (0.06586065, 0.017873093, 0.40644938), (0.0724752, -0.0148362145, 0.4109187), (0.081170194, -0.0592836, 0.4056051), (0.017469618, 0.098744854, 0.3881673), (0.017238395, 0.09592708, 0.38889346), (0.032409452, 0.101594076, 0.4044861), (0.030575203, 0.09398724, 0.40471262), (0.029954942, 0.14768735, 0.37783432), (0.04782631, 0.15495828, 0.39355743), (0.017984247, 0.055020534, 0.3903122), (0.026982434, 0.04897926, 0.40738365), (0.04778015, 0.1002009, 0.41748646), (0.046474624, 0.09178811, 0.41826594), (0.063569136, 0.14802817, 0.41161487), (0.038103648, 0.039637495, 0.4145257), (0.07320932, 0.09557983, 0.43089327), (0.07140567, 0.08887023, 0.43116578), (0.08351557, 0.13799025, 0.42870775), (0.06999777, 0.047417, 0.4334031), (0.098367155, 0.090833336, 0.43687955), (0.09603587, 0.08537172, 0.43709603), (0.10938176, 0.12672427, 0.44130147), (0.0970821, 0.058701057, 0.44308984), (0.1448739, 0.08785279, 0.44504467), (0.14215775, 0.08287395, 0.4466975), (0.13625562, 0.10621548, 0.4404265), (0.12981862, 0.06698781, 0.4405236), (0.012961909, 0.09896074, 0.3821074), (0.012817611, 0.0973437, 0.38250574), (0.0076799253, 0.09944232, 0.37447363), (0.0075190826, 0.097805396, 0.37480655), (0.0035525998, 0.101657115, 0.36755463), (0.0033211114, 0.09933781, 0.36802083), (0.016110463, 0.07678388, 0.39185217), (0.028841471, 0.07138227, 0.40613475), (0.04415038, 0.06221711, 0.41621733), (0.070701726, 0.06814361, 0.43228444), (0.09655899, 0.072036386, 0.44009292), (0.13612893, 0.075188085, 0.4442106), (0.040438883, 0.12939389, 0.40103802), (0.024002835, 0.12406565, 0.38485727), (0.055765867, 0.12452221, 0.41510615), (0.07821691, 0.11679354, 0.4287863), (0.10383391, 0.10877419, 0.43880928), (0.14061931, 0.0971338, 0.44296813), (0.008011163, 0.12086426, 0.3466227), (0.0109188575, 0.12086815, 0.34701005), (0.0074243187, 0.14267537, 0.35176703), (0.015033142, 0.1407035, 0.35208678), (-0.042212706, 0.12908779, 0.336917), (-0.047298335, 0.15332377, 0.3404296), (0.05180904, 0.11914611, 0.34282807), (0.060204476, 0.13579038, 0.35091645), (0.010582391, 0.16263661, 0.35344192), (0.019068968, 0.16135308, 0.3538147), (-0.037913598, 0.1760323, 0.34536132), (0.07045677, 0.14831007, 0.34927547), (0.01695657, 0.1908928, 0.3493106), (0.023679266, 0.1890412, 0.34975833), (-0.025596863, 0.2014297, 0.3467277), (0.06524122, 0.18596101, 0.3474113), (0.022399334, 0.21471092, 0.33925188), (0.027875373, 0.21248738, 0.34010538), (-0.012730838, 0.22907594, 0.34088317), (0.055254854, 0.2146992, 0.34120324), (0.026283937, 0.25754255, 0.31898138), (0.03148647, 0.25585184, 0.32128742), (0.0074046347, 0.24921423, 0.32233906), (0.046474073, 0.24093623, 0.3213847), (0.006956382, 0.113722265, 0.34427083), (0.008622471, 0.1137045, 0.34448475), (0.00541705, 0.1050691, 0.3411066), (0.007093686, 0.10499908, 0.34127408), (0.002249414, 0.09790829, 0.338075), (0.004624206, 0.09780294, 0.33830982), (0.030389206, 0.120141774, 0.34777373), (0.03773128, 0.13834003, 0.3515245), (0.04820502, 0.15600012, 0.349915), (0.04446024, 0.1875011, 0.34858483), (0.04156512, 0.21359329, 0.3406543), (0.038809195, 0.24887006, 0.32177714), (-0.020763183, 0.14949302, 0.3476977), (-0.017682802, 0.1263332, 0.34322378), (-0.0139924465, 0.16975589, 0.34985268), (-0.0044723935, 0.195467, 0.34727404), (0.004798971, 0.22170024, 0.3398602), (0.016777994, 0.25356287, 0.32083115), (-0.014859221, 0.11064097, 0.392579), (-0.013892739, 0.113820076, 0.39302185), (-0.034830984, 0.1147031, 0.40809947), (-0.03060338, 0.12262166, 0.407611), (-0.041317612, 0.058131427, 0.38564608), (-0.06571447, 0.05799744, 0.40053642), (-0.002827602, 0.15927486, 0.3883743), (-0.013775296, 0.17167377, 0.4046736), (-0.053460333, 0.12289276, 0.41918546), (-0.049666703, 0.13194726, 0.41908407), (-0.08396128, 0.07336795, 0.41637936), (-0.02440415, 0.1863174, 0.40892324), (-0.08223251, 0.13739666, 0.4281179), (-0.07831206, 0.14434592, 0.42780778), (-0.10573506, 0.093088254, 0.4297918), (-0.06486052, 0.18998764, 0.42445067), (-0.10942254, 0.15050802, 0.4287863), (-0.105283834, 0.15593323, 0.4287105), (-0.13288078, 0.11485517, 0.4367348), (-0.09953562, 0.18671474, 0.43123335), (-0.16091526, 0.16780528, 0.4276366), (-0.15673897, 0.17287917, 0.42932114), (-0.15612869, 0.14440724, 0.42702135), (-0.13746153, 0.18583882, 0.42266458), (-0.008960999, 0.10800951, 0.38678476), (-0.008390544, 0.109827206, 0.38702083), (-0.0020277994, 0.10456997, 0.3794328), (-0.0014223136, 0.106392264, 0.3795962), (0.0030053514, 0.09967345, 0.37289375), (0.0038681277, 0.10225333, 0.37311974), (-0.0074805073, 0.13514832, 0.39372715), (-0.02224268, 0.1472925, 0.40621096), (-0.038010776, 0.1634377, 0.41289073), (-0.07158629, 0.1671668, 0.42612922), (-0.10240973, 0.17132398, 0.42997187), (-0.14743167, 0.17923167, 0.42667267), (-0.0512949, 0.08560319, 0.406672), (-0.028970877, 0.08389444, 0.39125448), (-0.069025025, 0.09781562, 0.41844523), (-0.093656205, 0.11499497, 0.4278521), (-0.12105855, 0.13262057, 0.43245375), (-0.1586504, 0.15605691, 0.42759243), (-0.007872386, 0.08313457, 0.36928195), (-0.010528429, 0.08434941, 0.3696927), (-0.014392305, 0.06515543, 0.38121033), (-0.02073086, 0.069881454, 0.38098496), (0.034651816, 0.053941354, 0.36199152), (0.031238317, 0.031631894, 0.3730857), (-0.04854007, 0.100173794, 0.36572707), (-0.06118868, 0.09103577, 0.37891698), (-0.024205925, 0.0492136, 0.3892906), (-0.03159922, 0.05368054, 0.38935006), (0.015088621, 0.01658513, 0.38524067), (-0.07540457, 0.08338821, 0.38153788), (-0.04074231, 0.025459904, 0.39456403), (-0.04628161, 0.029780682, 0.39448687), (-0.0052250074, -0.00077068806, 0.3949095), (-0.08418935, 0.047599122, 0.39183953), (-0.05562885, 0.0035314634, 0.39274842), (-0.05982097, 0.007826503, 0.39292014), (-0.027817363, -0.022023037, 0.3984457), (-0.085946545, 0.01659507, 0.39506227), (-0.07719696, -0.03878525, 0.387323), (-0.081129044, -0.03463804, 0.38904595), (-0.056210734, -0.03761281, 0.38756847), (-0.08976294, -0.015740313, 0.3845351), (-0.0046662963, 0.08835207, 0.36472312), (-0.0061821574, 0.089063466, 0.36494437), (-0.0005807584, 0.09448182, 0.3588964), (-0.0020940842, 0.095229745, 0.3590567), (0.0045075733, 0.098713696, 0.35365474), (0.0023659628, 0.0997778, 0.35387754), (-0.028291706, 0.092611104, 0.37045783), (-0.041094497, 0.080425814, 0.38000435), (-0.057340357, 0.06833065, 0.3843171), (-0.06523549, 0.038689896, 0.3931632), (-0.072883755, 0.012210779, 0.3939912), (-0.08539684, -0.02554509, 0.3873617), (0.008875576, 0.04723045, 0.3791413), (0.013643974, 0.06754513, 0.36745092), (-0.004343753, 0.032535445, 0.3878265), (-0.02269504, 0.012681153, 0.39380115), (-0.041649383, -0.009149425, 0.39533684), (-0.066684805, -0.038336962, 0.38766712), (0.029194245, -0.009415768, 0.00061806664), (0.033452515, -0.014059678, 0.00018572295), (0.03957071, -0.012675658, -0.0005473611), (0.041430667, -0.0066477656, -0.00084821973), (0.0371724, -0.0020038784, -0.00041587604), (0.030235408, -0.0024626479, 0.001007596), (0.046021152, -0.014302582, 0.14927815), (0.0493521, -0.01793468, 0.14876227), (0.05415263, -0.016828336, 0.14820878), (0.05562325, -0.012090892, 0.1481713), (0.05228979, -0.008455679, 0.14868727), (0.04748866, -0.0095615685, 0.14924051), (0.068297066, -0.03973312, 0.27483243), (0.07148454, -0.04320371, 0.27398577), (0.076129004, -0.04213947, 0.2734951), (0.07758607, -0.03760475, 0.2738516), (0.07439864, -0.034134194, 0.27469864), (0.06975416, -0.035198405, 0.27518892), (0.10909778, -0.079578936, 0.38802102), (0.111449085, -0.08213252, 0.3870746), (0.11500488, -0.081395224, 0.3867638), (0.11620758, -0.07810186, 0.38740107), (0.11385883, -0.07555145, 0.38834792), (0.11030275, -0.07628867, 0.3886579), (0.09454692, -0.048899963, 0.36753714), (0.096954145, -0.04686244, 0.36779436), (0.08360153, -0.03916049, 0.38306758), (0.09071703, -0.034616344, 0.3821319), (0.04686854, -0.078320935, 0.3642271), (0.03035889, -0.06999883, 0.37958327), (0.1269119, -0.0144741535, 0.36173552), (0.12771334, -0.002686426, 0.37706402), (0.074934565, -0.02604469, 0.39463374), (0.0823227, -0.02044411, 0.39406368), (0.026479501, -0.052163437, 0.3954242), (0.12716612, 0.013221633, 0.38155365), (0.06078801, -0.002832517, 0.40528944), (0.067213625, 0.0010519773, 0.40454015), (0.02156635, -0.02898994, 0.4096306), (0.09968088, 0.0319625, 0.3995111), (0.04549332, 0.020086065, 0.4083277), (0.051405765, 0.022596385, 0.4077917), (0.012112739, -0.0006528795, 0.4186542), (0.071867146, 0.04379473, 0.40929753), (0.013218139, 0.05681868, 0.41232926), (0.019412499, 0.058633905, 0.41349557), (0.0053662322, 0.036148123, 0.4113981), (0.039093025, 0.062289085, 0.40484068), (0.096894585, -0.05278217, 0.36194736), (0.098279566, -0.05161959, 0.36207685), (0.09943138, -0.057596102, 0.35493758), (0.10082945, -0.056429848, 0.3549988), (0.09993728, -0.062898636, 0.3488585), (0.10191574, -0.06124389, 0.3489404), (0.11260926, -0.032783538, 0.3674703), (0.10911922, -0.01835233, 0.37969333), (0.10556503, 0.0008257404, 0.3868267), (0.08332844, 0.016654436, 0.40203044), (0.06158505, 0.033259243, 0.40853748), (0.02907937, 0.06036977, 0.40984842), (0.056174237, -0.05500622, 0.3836049), (0.07007464, -0.063832894, 0.3679349), (0.050300147, -0.03916213, 0.39569223), (0.040892817, -0.015812412, 0.4064034), (0.028657772, 0.009838149, 0.41317186), (0.009210248, 0.04646612, 0.41212335), (0.10611019, -0.08203715, 0.38069198), (0.10648771, -0.079749435, 0.3825819), (0.1055577, -0.10178381, 0.39872205), (0.10638701, -0.09403287, 0.4019814), (0.0944866, -0.1282095, 0.3534124), (0.091397524, -0.15304336, 0.36942428), (0.101999745, -0.043807887, 0.40440875), (0.10662063, -0.05349192, 0.42556137), (0.10192805, -0.11630303, 0.4160917), (0.102658115, -0.108471334, 0.4205071), (0.09020245, -0.1652519, 0.3931956), (0.10158364, -0.055442885, 0.44104645), (0.089939095, -0.1338909, 0.43939957), (0.09093782, -0.12706482, 0.44243008), (0.084838316, -0.17695314, 0.41933176), (0.08981327, -0.09116857, 0.46574757), (0.072831504, -0.14712091, 0.45684773), (0.074378766, -0.14110179, 0.45902), (0.071455956, -0.18873566, 0.44505432), (0.07577087, -0.12219457, 0.47863328), (0.04065248, -0.17627695, 0.48368597), (0.043717023, -0.17140558, 0.4866343), (0.045938008, -0.18462098, 0.46642604), (0.047251504, -0.14615312, 0.48572388), (0.10566415, -0.07652189, 0.3737023), (0.10587119, -0.07518488, 0.37476218), (0.10485845, -0.07006273, 0.3648981), (0.10502237, -0.06865296, 0.36590028), (0.103862114, -0.066281274, 0.35628736), (0.10408297, -0.06426588, 0.3576928), (0.107324794, -0.06344056, 0.39402923), (0.10633136, -0.07354239, 0.41386133), (0.099778295, -0.07942206, 0.43321168), (0.09023772, -0.108945936, 0.45404363), (0.075011864, -0.13157015, 0.46879682), (0.04585912, -0.15946032, 0.48658472), (0.09962448, -0.1295127, 0.38526142), (0.10132164, -0.10687107, 0.36825863), (0.096274346, -0.14130358, 0.40494737), (0.08657135, -0.15452728, 0.42855892), (0.071861126, -0.16760524, 0.45078576), (0.043410122, -0.18067515, 0.47517604), (0.10796955, -0.07769817, 0.34061942), (0.10608796, -0.0793764, 0.34125483), (0.12205592, -0.094393775, 0.34246328), (0.115827754, -0.097203985, 0.34376302), (0.14473182, -0.05491302, 0.32622713), (0.16290626, -0.07076725, 0.326021), (0.07620716, -0.10039511, 0.34240654), (0.082195275, -0.11889176, 0.34809414), (0.13168861, -0.11136663, 0.34186178), (0.12526992, -0.11519401, 0.3432185), (0.17061844, -0.09363368, 0.32844394), (0.08195732, -0.13384646, 0.3463948), (0.14238153, -0.13559048, 0.3357509), (0.13686644, -0.13802345, 0.33704126), (0.17705402, -0.11979745, 0.3276536), (0.10642698, -0.15889952, 0.3397504), (0.14971557, -0.15521313, 0.32527727), (0.14493392, -0.15671569, 0.32680234), (0.1826616, -0.14710928, 0.32062167), (0.1280642, -0.17412771, 0.32997006), (0.16687576, -0.18753314, 0.3036447), (0.16294374, -0.18946695, 0.30616048), (0.17570601, -0.17100263, 0.3056393), (0.14401922, -0.18634832, 0.3100801), (0.10406302, -0.071477056, 0.33926213), (0.1029699, -0.07242064, 0.33962354), (0.099444926, -0.0637722, 0.33727968), (0.09830076, -0.06467335, 0.3376108), (0.09682343, -0.056300893, 0.33504504), (0.09519567, -0.05756852, 0.335515), (0.092615925, -0.08982873, 0.3440686), (0.09890702, -0.10807629, 0.3459917), (0.10138074, -0.12693004, 0.343799), (0.12158436, -0.14838424, 0.3384413), (0.13647187, -0.16538799, 0.32841095), (0.15398005, -0.18822747, 0.30838642), (0.14419657, -0.08332646, 0.33532754), (0.12779562, -0.06707886, 0.33444905), (0.15163162, -0.10257183, 0.3354841), (0.15913227, -0.12685773, 0.33126888), (0.16598831, -0.15089212, 0.32288197), (0.1714745, -0.17937991, 0.30475476), (0.12536262, -0.074634254, 0.3625518), (0.12504803, -0.077781826, 0.3626388), (0.14898358, -0.08043772, 0.3713049), (0.14603604, -0.08803168, 0.37047014), (0.1406364, -0.022040203, 0.35937524), (0.16769199, -0.023518786, 0.36778596), (0.119858176, -0.11968793, 0.35425016), (0.13679692, -0.13459948, 0.36342347), (0.17066115, -0.08907491, 0.37568313), (0.16837914, -0.09776364, 0.37486717), (0.19145662, -0.040087976, 0.3753796), (0.14993183, -0.14817621, 0.3624765), (0.20187424, -0.1018796, 0.37501085), (0.19911793, -0.108582616, 0.37435436), (0.21843824, -0.05978, 0.3789614), (0.19225553, -0.151385, 0.3662865), (0.22886689, -0.11126943, 0.36791244), (0.225772, -0.11665663, 0.367736), (0.24867663, -0.079058826, 0.3752505), (0.22576791, -0.14660332, 0.36507356), (0.27870747, -0.122081354, 0.3527057), (0.2760901, -0.12765378, 0.3539076), (0.27082044, -0.10078716, 0.3577282), (0.25774896, -0.13933367, 0.35088134), (0.11785673, -0.07132086, 0.35907415), (0.117657326, -0.073120385, 0.35911816), (0.10885762, -0.0670065, 0.35450464), (0.10860381, -0.068793446, 0.35450137), (0.10167679, -0.06140241, 0.3504171), (0.10130639, -0.063926026, 0.3504201), (0.12236338, -0.09834215, 0.36128286), (0.14139216, -0.11132023, 0.3670598), (0.16010526, -0.12628137, 0.3670382), (0.1955907, -0.12986489, 0.37041524), (0.22573222, -0.13158324, 0.36646697), (0.2674173, -0.13352957, 0.35286182), (0.15979707, -0.051701397, 0.37149668), (0.1342826, -0.04823009, 0.3627506), (0.18140064, -0.06430668, 0.3761257), (0.20934165, -0.080161184, 0.37628978), (0.23849706, -0.09492689, 0.37141052), (0.27495366, -0.11144419, 0.35542664), (0.11368412, -0.061864346, 0.3729256), (0.115979396, -0.06271511, 0.37289616), (0.11922059, -0.05604534, 0.38694113), (0.12466958, -0.05862865, 0.38542745), (0.07644884, -0.041966043, 0.37585297), (0.0791699, -0.03324555, 0.3910054), (0.14771603, -0.06915021, 0.3664334), (0.15905003, -0.0693859, 0.37818027), (0.12728089, -0.049630553, 0.3979105), (0.13360272, -0.05213452, 0.3966548), (0.09296643, -0.029167391, 0.40501323), (0.17055942, -0.06525616, 0.38270405), (0.1402065, -0.036777116, 0.40994993), (0.14497398, -0.03919021, 0.40855208), (0.10995332, -0.022462353, 0.4182291), (0.17692278, -0.047575586, 0.40150484), (0.15110923, -0.021665275, 0.41675642), (0.15479027, -0.024233967, 0.41546884), (0.12803508, -0.010354638, 0.4287543), (0.17716894, -0.029913083, 0.41428396), (0.16652213, 0.0075633787, 0.42859828), (0.17017555, 0.0042850673, 0.42832485), (0.14922455, 0.006015435, 0.42786765), (0.1773909, -0.00441771, 0.41888016), (0.11092864, -0.06313279, 0.36809462), (0.11223737, -0.06362218, 0.3680679), (0.1074172, -0.06445414, 0.3620929), (0.108718805, -0.06493609, 0.36201984), (0.10305113, -0.064931065, 0.35704017), (0.104892746, -0.06561431, 0.35693932), (0.13115408, -0.06755978, 0.37130803), (0.14192183, -0.063942045, 0.381899), (0.15500201, -0.057733253, 0.38914958), (0.16089916, -0.043321893, 0.40506694), (0.1659562, -0.027044505, 0.4149046), (0.17379244, -0.00013452768, 0.42408642), (0.09892698, -0.044852957, 0.39073497), (0.094938025, -0.052117035, 0.3759748), (0.10993038, -0.03938386, 0.40197995), (0.12466828, -0.029270798, 0.41336372), (0.13943522, -0.01587966, 0.42253315), (0.15787359, 0.006767139, 0.428439), (0.09303318, -0.046783492, 0.27411547), (0.09228119, -0.049292758, 0.2743725), (0.11213822, -0.053601064, 0.28065002), (0.10845433, -0.059479356, 0.2805146), (0.11372264, -0.0061551183, 0.2678469), (0.13624586, -0.0098617375, 0.27351063), (0.080672935, -0.083354354, 0.2696395), (0.092979684, -0.09662478, 0.27761775), (0.12889819, -0.06283593, 0.2837416), (0.12559457, -0.069683716, 0.28366873), (0.15367813, -0.02551192, 0.27954343), (0.10156606, -0.10930838, 0.2769483), (0.15247086, -0.0770489, 0.28230417), (0.14910737, -0.082215264, 0.2822939), (0.17302814, -0.044388466, 0.2822848), (0.1361878, -0.1167379, 0.27840242), (0.17263371, -0.088571906, 0.2754239), (0.16923693, -0.09258661, 0.27576905), (0.19461402, -0.06394751, 0.27872697), (0.16443329, -0.117003605, 0.2754791), (0.2108623, -0.104551524, 0.2607252), (0.2079513, -0.10863608, 0.26226583), (0.20803106, -0.085930526, 0.26396537), (0.19072478, -0.116323486, 0.26122737), (0.08715645, -0.043475226, 0.2713781), (0.0867059, -0.044903032, 0.27152047), (0.08013908, -0.039246425, 0.26775295), (0.079642944, -0.040664144, 0.26785317), (0.07485359, -0.034128167, 0.26439592), (0.07414313, -0.03613104, 0.26454017), (0.08669582, -0.06574504, 0.27444676), (0.10069819, -0.078090996, 0.27913672), (0.11369337, -0.092522755, 0.2790118), (0.14258084, -0.09939386, 0.2804073), (0.16680737, -0.104760736, 0.27566293), (0.1997827, -0.11252339, 0.26213646), (0.12557985, -0.031551234, 0.2786353), (0.10458509, -0.026435547, 0.2724083), (0.14165668, -0.043985166, 0.2821028), (0.16211696, -0.060192406, 0.28168494), (0.18340877, -0.076073095, 0.27693534), (0.20961183, -0.09524903, 0.26251513), (0.09064572, -0.036416546, 0.28765193), (0.09206046, -0.038206726, 0.287585), (0.101772614, -0.03159131, 0.2992378), (0.10447039, -0.036581084, 0.2978301), (0.0716253, -0.0019203797, 0.2900481), (0.08222406, 0.006728079, 0.30242485), (0.112746224, -0.05996023, 0.2801227), (0.12504019, -0.06303379, 0.29016554), (0.11450672, -0.028122172, 0.30754757), (0.1180226, -0.033403866, 0.30629185), (0.099144764, 0.0061275214, 0.31343356), (0.1377189, -0.06435008, 0.2926312), (0.13474311, -0.021634713, 0.3150814), (0.13701037, -0.026115522, 0.31381962), (0.119897954, 0.0059870183, 0.3227647), (0.15694167, -0.04943323, 0.3060332), (0.15305749, -0.013490625, 0.3174043), (0.15439904, -0.017548874, 0.31637788), (0.14359412, 0.009138837, 0.32830402), (0.16956145, -0.032857567, 0.31424156), (0.18375689, 0.004904613, 0.32081887), (0.18501794, 0.0005292669, 0.3208481), (0.1686687, 0.01170627, 0.32223538), (0.18375297, -0.011912532, 0.31341106), (0.086530484, -0.03707216, 0.2835697), (0.08733049, -0.038099714, 0.28352344), (0.081500635, -0.037628494, 0.27844226), (0.08228508, -0.038658805, 0.27835187), (0.07647613, -0.036890537, 0.27411416), (0.07758281, -0.03834901, 0.2739894), (0.10145095, -0.049672537, 0.28572035), (0.11480857, -0.049786374, 0.29406402), (0.13049228, -0.049654707, 0.29854602), (0.14692925, -0.03771641, 0.30995595), (0.16195926, -0.025177225, 0.31533623), (0.1844937, -0.005642183, 0.31757835), (0.092085645, -0.012123264, 0.3025092), (0.081287704, -0.01896675, 0.2903606), (0.1067628, -0.010808304, 0.31097144), (0.12690566, -0.0075407177, 0.31822482), (0.1481842, -0.0020641983, 0.3226391), (0.17625079, 0.008329511, 0.32172182), (0.064790376, -0.019580126, 0.26287365), (0.06649255, -0.018181168, 0.26308656), (0.055182774, -0.009645261, 0.27078146), (0.060429078, -0.006863326, 0.2704612), (0.03102292, -0.039088733, 0.2585476), (0.017478576, -0.029933125, 0.26581112), (0.089306444, 0.0024802685, 0.258807), (0.08790586, 0.013546981, 0.2676361), (0.047863424, 0.0018858016, 0.275833), (0.0532831, 0.005459599, 0.27566648), (0.013001892, -0.014472887, 0.27363336), (0.087385446, 0.025507394, 0.2686672), (0.037219048, 0.020485085, 0.27830485), (0.041937683, 0.022856668, 0.2781196), (0.008229881, 0.004482284, 0.27945974), (0.06626195, 0.042649694, 0.27491707), (0.026913464, 0.03753656, 0.27557588), (0.03119571, 0.039002538, 0.27564445), (0.001250068, 0.02627527, 0.28053948), (0.045858033, 0.053572934, 0.27639365), (0.004998781, 0.06519163, 0.2692445), (0.009193836, 0.06647976, 0.2705359), (-0.0010132687, 0.050776325, 0.2703791), (0.02438657, 0.06669332, 0.26714012), (0.06712582, -0.023361087, 0.25985676), (0.06810796, -0.022566944, 0.25996873), (0.06976111, -0.028032064, 0.25599945), (0.070764236, -0.027250104, 0.25606745), (0.07081281, -0.032792225, 0.2525717), (0.072234266, -0.03168516, 0.25266477), (0.07788782, -0.008857392, 0.26304916), (0.0741313, 0.0035161525, 0.26908678), (0.07125984, 0.01829192, 0.27113664), (0.054048195, 0.032817125, 0.2765123), (0.038504392, 0.04631559, 0.2760124), (0.016564343, 0.06665167, 0.2692666), (0.035439402, -0.019693658, 0.26977327), (0.047189437, -0.029160112, 0.26203993), (0.03008183, -0.0062559247, 0.27515438), (0.022728687, 0.012304168, 0.27818495), (0.01405692, 0.031896695, 0.27784556), (0.0018986708, 0.058017362, 0.26997563), (0.068107806, -0.047862716, 0.29386142), (0.06722632, -0.04581283, 0.2948075), (0.059212677, -0.060226396, 0.30590478), (0.057622526, -0.0537754, 0.3071647), (0.07736918, -0.08772075, 0.2787894), (0.06792654, -0.10444948, 0.28922173), (0.05056572, -0.015383229, 0.3006939), (0.042984586, -0.019102171, 0.3152252), (0.048135895, -0.06881416, 0.31567568), (0.045883074, -0.062121868, 0.31750336), (0.054738894, -0.110211164, 0.3034436), (0.031527113, -0.018458255, 0.321671), (0.028266257, -0.07923764, 0.32550082), (0.027020236, -0.073502734, 0.326769), (0.03726422, -0.11533326, 0.3170727), (0.012192891, -0.042425036, 0.33439043), (0.007899172, -0.087503225, 0.32928568), (0.007536325, -0.08247976, 0.33039656), (0.014565817, -0.120926484, 0.3269249), (-0.0028826573, -0.064723596, 0.33908004), (-0.0272434, -0.1070032, 0.33309472), (-0.026952922, -0.102622345, 0.33539784), (-0.014095304, -0.115926564, 0.32722726), (-0.024778562, -0.08348484, 0.3334372), (0.07116815, -0.04471326, 0.28915033), (0.07066722, -0.043524556, 0.28967476), (0.07484149, -0.041110523, 0.28315842), (0.074337244, -0.039880015, 0.2836272), (0.0784114, -0.03951004, 0.27748385), (0.077695355, -0.037758924, 0.27813745), (0.0607614, -0.031588376, 0.29958707), (0.050151784, -0.036321208, 0.31126398), (0.03577235, -0.03819286, 0.3197742), (0.019542916, -0.05788499, 0.33056813), (0.0022906824, -0.0735569, 0.33471975), (-0.025806146, -0.093478486, 0.3348888), (0.06385322, -0.083732575, 0.29904264), (0.072922334, -0.06892501, 0.28771585), (0.05149911, -0.089907125, 0.3099745), (0.03268409, -0.096835166, 0.3205036), (0.011171609, -0.104040295, 0.32792994), (-0.020658765, -0.11161399, 0.3303236), (0.0795503, -0.05299051, 0.27191707), (0.07758798, -0.05380796, 0.27250034), (0.08760238, -0.06885329, 0.2766913), (0.08174055, -0.06953961, 0.27762538), (0.11582317, -0.04526624, 0.26011708), (0.12755355, -0.061699733, 0.26328716), (0.048139732, -0.06424682, 0.27360302), (0.04887819, -0.07895577, 0.28121206), (0.0920241, -0.084524244, 0.279103), (0.08578184, -0.08596997, 0.28021148), (0.12894598, -0.08105497, 0.26870546), (0.04556993, -0.09121759, 0.28169337), (0.09606289, -0.10738264, 0.27788812), (0.09087409, -0.107907414, 0.27885285), (0.12875454, -0.10341415, 0.27177584), (0.060928497, -0.117674485, 0.2813696), (0.098500036, -0.12679765, 0.2721062), (0.09411254, -0.12668419, 0.2732189), (0.12794891, -0.1278058, 0.26968363), (0.07618814, -0.1363104, 0.27681857), (0.10698218, -0.16046643, 0.25913393), (0.103168525, -0.1606563, 0.2612359), (0.1177705, -0.14873607, 0.259413), (0.08783877, -0.15360612, 0.26271912), (0.077709116, -0.047485694, 0.2696923), (0.07657599, -0.047937907, 0.27001965), (0.07563253, -0.04076907, 0.26670855), (0.07446759, -0.04118476, 0.26699996), (0.07518467, -0.034700997, 0.26371667), (0.07353008, -0.035282448, 0.2641268), (0.06397998, -0.058793828, 0.2750344), (0.06520233, -0.07427135, 0.2794721), (0.06333425, -0.0903431, 0.2802456), (0.075849794, -0.11272715, 0.28013974), (0.085127525, -0.13146904, 0.27503154), (0.09583869, -0.1574307, 0.26228836), (0.108789764, -0.06604299, 0.2711294), (0.09866843, -0.049869493, 0.26708597), (0.11085232, -0.08293028, 0.27423593), (0.11212249, -0.104772985, 0.2743187), (0.11312465, -0.1271108, 0.27078804), (0.11250107, -0.15471101, 0.2593936), (-0.0890341, 0.017250713, 0.0008389489), (-0.09672398, 0.0135077275, 0.00025209412), (-0.09729109, 0.0050120726, -0.0007429812), (-0.090168364, 0.0002593696, -0.0011513606), (-0.08247848, 0.004002355, -0.00056450535), (-0.08039073, 0.0132052265, 0.0013676893), (-0.101904124, -0.0027506053, 0.20262738), (-0.107918724, -0.0056786686, 0.20192713), (-0.108337164, -0.012352526, 0.20117581), (-0.10274268, -0.016099282, 0.20112495), (-0.09672306, -0.01316914, 0.20182529), (-0.09630379, -0.006494686, 0.20257625), (-0.1436112, -0.02189082, 0.37305242), (-0.14936015, -0.024694726, 0.3719032), (-0.14977294, -0.031149238, 0.37123713), (-0.14443696, -0.034799904, 0.37172103), (-0.13868809, -0.03199601, 0.37287083), (-0.13827525, -0.025541514, 0.37353632), (-0.21124236, -0.059553802, 0.52669245), (-0.21547462, -0.06162469, 0.52540785), (-0.21589147, -0.06653628, 0.524986), (-0.21207213, -0.069375575, 0.52585095), (-0.20784496, -0.06730677, 0.52713615), (-0.20742787, -0.062394857, 0.52755696), (-0.16569643, -0.052495398, 0.4988881), (-0.16397713, -0.056415826, 0.49923724), (-0.14878908, -0.04202418, 0.5199687), (-0.14563069, -0.05304037, 0.5186987), (-0.18552268, 0.020922251, 0.49439505), (-0.16830596, 0.039181318, 0.51523924), (-0.13343239, -0.10792652, 0.49101302), (-0.1184062, -0.11353116, 0.5118196), (-0.12837072, -0.03582397, 0.53566843), (-0.12394335, -0.04760371, 0.53489465), (-0.1436, 0.037326228, 0.5367414), (-0.097497374, -0.118975684, 0.5179137), (-0.09269591, -0.026401877, 0.5501323), (-0.09012875, -0.036265224, 0.54911524), (-0.11154891, 0.0347502, 0.5560249), (-0.06247782, -0.09046897, 0.5422889), (-0.056958765, -0.015372425, 0.5542563), (-0.055980846, -0.024036273, 0.5535289), (-0.071022585, 0.036083195, 0.5682734), (-0.036319554, -0.058861256, 0.5555728), (0.003322552, 0.012403287, 0.559688), (0.0032869913, 0.0036416426, 0.5612712), (-0.020532014, 0.030618545, 0.55842406), (0.0004260812, -0.023378126, 0.5495231), (-0.17165592, -0.05404736, 0.49130052), (-0.17067935, -0.05629921, 0.49147636), (-0.17890078, -0.055484846, 0.48178563), (-0.1779245, -0.057755142, 0.4818688), (-0.1859954, -0.054090932, 0.47353408), (-0.18460819, -0.05730538, 0.47364518), (-0.15171848, -0.0822324, 0.4987973), (-0.1315922, -0.083276644, 0.5153886), (-0.10526526, -0.08607446, 0.5250713), (-0.07606577, -0.063269496, 0.5457086), (-0.046047445, -0.04140655, 0.5545412), (0.0018043206, -0.009607151, 0.55632067), (-0.15879056, -0.00020775944, 0.5206981), (-0.17565396, -0.014876798, 0.499428), (-0.13590343, 0.0013029724, 0.5371053), (-0.10188379, 0.0045058727, 0.55164444), (-0.06377633, 0.01049732, 0.5608317), (-0.008595494, 0.021624207, 0.55940855), (-0.2132844, -0.054715462, 0.51674414), (-0.21045406, -0.05609198, 0.51930946), (-0.23876183, -0.04635462, 0.5412178), (-0.22899844, -0.05043322, 0.5456421), (-0.2688582, -0.021723807, 0.47971544), (-0.29997262, -0.008093953, 0.5014497), (-0.16195568, -0.06416248, 0.5489369), (-0.17634337, -0.066426694, 0.57764906), (-0.25624722, -0.036013275, 0.56479514), (-0.24634041, -0.03999403, 0.5707885), (-0.31539395, -0.0018143654, 0.5337163), (-0.17693229, -0.05911833, 0.59866816), (-0.27448997, -0.013608582, 0.5964328), (-0.2659955, -0.017549664, 0.60054636), (-0.32854173, 0.009693023, 0.5691931), (-0.21885775, -0.029978603, 0.63219696), (-0.28508213, 0.013769187, 0.6201166), (-0.2778498, 0.00942672, 0.62306523), (-0.33869234, 0.031663917, 0.6041084), (-0.25378945, 0.00029836595, 0.6496879), (-0.31056195, 0.06691897, 0.65654624), (-0.30541006, 0.06104665, 0.6605483), (-0.32346338, 0.06327145, 0.633118), (-0.27392343, 0.04667533, 0.65931237), (-0.20593616, -0.056269586, 0.50725645), (-0.20427676, -0.057056382, 0.5086952), (-0.19722071, -0.05772105, 0.4953059), (-0.19545, -0.058479905, 0.4966662), (-0.19191529, -0.05788821, 0.48361778), (-0.18937863, -0.05895552, 0.48552552), (-0.18955946, -0.063492686, 0.534848), (-0.20231791, -0.05829072, 0.5617677), (-0.20743155, -0.047489464, 0.5880334), (-0.24215113, -0.023650885, 0.6163103), (-0.26569375, 0.004914269, 0.636336), (-0.29069778, 0.053636786, 0.6604809), (-0.2725421, -0.027904041, 0.5229466), (-0.24374115, -0.038874537, 0.49986735), (-0.28658605, -0.018982247, 0.549668), (-0.3000355, -0.0012406409, 0.5817178), (-0.3113576, 0.022959206, 0.6118882), (-0.31735146, 0.06503329, 0.64499503), (-0.20835875, -0.05881378, 0.46235046), (-0.20981403, -0.055716284, 0.46321285), (-0.23553193, -0.07067947, 0.46485326), (-0.23677783, -0.061488822, 0.46661755), (-0.19294143, -0.11546101, 0.4428146), (-0.22060204, -0.1329711, 0.44253474), (-0.22559628, -0.008705735, 0.46477628), (-0.2519786, -0.009338275, 0.47249648), (-0.26134223, -0.07664345, 0.46403682), (-0.26383775, -0.06681128, 0.4658784), (-0.2533369, -0.13415559, 0.44582367), (-0.27134323, -0.0032411367, 0.47018987), (-0.2969967, -0.08118066, 0.45574203), (-0.2980277, -0.07306373, 0.45749348), (-0.28986764, -0.13240305, 0.44475082), (-0.3134082, -0.02538158, 0.4611708), (-0.32536483, -0.08312856, 0.4415253), (-0.32546926, -0.07632589, 0.44359538), (-0.32757166, -0.12912895, 0.43520585), (-0.3415944, -0.04763916, 0.44789517), (-0.37405562, -0.09294671, 0.41216165), (-0.37504986, -0.087082565, 0.41557655), (-0.35596612, -0.1108326, 0.41486904), (-0.36366862, -0.06366786, 0.420897), (-0.19875295, -0.056138813, 0.4605081), (-0.19955756, -0.054351434, 0.46099862), (-0.18694143, -0.05311227, 0.45781702), (-0.18767107, -0.05127494, 0.4582666), (-0.17620641, -0.052593052, 0.45478383), (-0.17722571, -0.04998467, 0.45542178), (-0.21819922, -0.034143493, 0.46703225), (-0.24437475, -0.0352666, 0.46964267), (-0.2698616, -0.031188518, 0.4666663), (-0.30559334, -0.049171418, 0.4593938), (-0.33347747, -0.06196019, 0.44577894), (-0.36996832, -0.07590011, 0.4185979), (-0.2297014, -0.10376853, 0.45516738), (-0.20221536, -0.08871806, 0.4539749), (-0.2576178, -0.10599379, 0.45537975), (-0.29211757, -0.106353745, 0.44965816), (-0.32604071, -0.10597229, 0.4382739), (-0.36522773, -0.10208517, 0.4136684), (-0.21110366, -0.08262864, 0.49212095), (-0.21507703, -0.08100124, 0.49223918), (-0.2277956, -0.11111458, 0.50400233), (-0.23653494, -0.10434081, 0.5028692), (-0.14858757, -0.12285459, 0.48780924), (-0.16098186, -0.15748288, 0.4992257), (-0.2675902, -0.05803117, 0.48085254), (-0.29354608, -0.0742984, 0.49330413), (-0.2474223, -0.1359754, 0.5099453), (-0.25784355, -0.12964383, 0.50883764), (-0.19173612, -0.18198934, 0.5095332), (-0.3162932, -0.08613321, 0.49201876), (-0.27616128, -0.17162949, 0.5090328), (-0.28381553, -0.16544928, 0.5081417), (-0.22779828, -0.20947272, 0.5143951), (-0.33684748, -0.13995633, 0.49719042), (-0.29882413, -0.20311418, 0.4993974), (-0.30463538, -0.19700265, 0.49915794), (-0.2645832, -0.24135312, 0.509358), (-0.34359568, -0.1854079, 0.49554405), (-0.33217943, -0.2637747, 0.47875607), (-0.33841643, -0.25821277, 0.48038754), (-0.30142245, -0.2617542, 0.48557353), (-0.34651437, -0.22983003, 0.47627977), (-0.203888, -0.074145466, 0.48740053), (-0.20615207, -0.07318963, 0.4874603), (-0.19479212, -0.06410691, 0.48119795), (-0.1970188, -0.06308517, 0.48119357), (-0.18472192, -0.056933165, 0.47564963), (-0.18786193, -0.05547461, 0.47565362), (-0.24078792, -0.06955147, 0.49039856), (-0.26503718, -0.08928616, 0.49824005), (-0.2917443, -0.1078427, 0.49821067), (-0.31013957, -0.15262394, 0.50279474), (-0.3240401, -0.1911743, 0.49743542), (-0.34270468, -0.24465513, 0.47896802), (-0.19459328, -0.13630447, 0.5042627), (-0.18020277, -0.10445246, 0.49239087), (-0.21935399, -0.15953334, 0.5105459), (-0.25079462, -0.18975002, 0.51076865), (-0.2812887, -0.22196808, 0.5041456), (-0.31688726, -0.26300737, 0.48244953), (-0.18996982, -0.072376445, 0.5062022), (-0.191965, -0.07503343, 0.5061623), (-0.18454169, -0.081831604, 0.5252266), (-0.19001146, -0.0879212, 0.523172), (-0.14967111, -0.031632468, 0.51017576), (-0.13937843, -0.03854753, 0.5307434), (-0.21261954, -0.113833755, 0.49738985), (-0.21731247, -0.12848854, 0.5133348), (-0.17931518, -0.09480095, 0.5401163), (-0.1850195, -0.102056876, 0.53841186), (-0.13941187, -0.058075696, 0.54975736), (-0.21639366, -0.145061, 0.5194753), (-0.16759454, -0.116592064, 0.55645835), (-0.17257911, -0.12186086, 0.5545609), (-0.13726236, -0.08277124, 0.56769633), (-0.19585317, -0.16018246, 0.5449952), (-0.15215279, -0.13662529, 0.56569743), (-0.15691935, -0.1404204, 0.5639497), (-0.12850742, -0.110982135, 0.5819831), (-0.17296876, -0.1673382, 0.5623414), (-0.120089926, -0.16798976, 0.5817714), (-0.12576902, -0.17147431, 0.5814001), (-0.11540964, -0.14488581, 0.58077955), (-0.13988407, -0.17749378, 0.56858015), (-0.19055377, -0.068300545, 0.49964476), (-0.19169696, -0.06981385, 0.4996085), (-0.19091395, -0.06322065, 0.49149814), (-0.19204469, -0.064727575, 0.491399), (-0.18984476, -0.057355627, 0.4846397), (-0.19144641, -0.05948724, 0.48450273), (-0.20414077, -0.09290144, 0.5040065), (-0.2036011, -0.10831082, 0.5183826), (-0.20058529, -0.12773155, 0.5282243), (-0.18411773, -0.14098121, 0.5498302), (-0.16489725, -0.15386006, 0.5631838), (-0.13291886, -0.17446962, 0.5756469), (-0.16212621, -0.059760243, 0.53037643), (-0.17003335, -0.05175922, 0.51034117), (-0.15926902, -0.07619271, 0.54564005), (-0.15181513, -0.09928115, 0.56109226), (-0.14010757, -0.12367597, 0.57353866), (-0.117778875, -0.15642948, 0.58155507), (-0.16235702, -0.05134505, 0.37207925), (-0.16533066, -0.049395554, 0.37242806), (-0.17862068, -0.07356307, 0.38094905), (-0.1848429, -0.066495255, 0.3807653), (-0.11750467, -0.09398626, 0.36357042), (-0.1310437, -0.12185545, 0.3712582), (-0.2051538, -0.021110728, 0.36600357), (-0.22718191, -0.03198664, 0.37683317), (-0.1971218, -0.091794595, 0.38514555), (-0.20475256, -0.0848463, 0.3850466), (-0.15815164, -0.13847888, 0.37944707), (-0.24700682, -0.03824929, 0.37592447), (-0.22473621, -0.11696315, 0.38319436), (-0.23015618, -0.1105877, 0.3831805), (-0.19019936, -0.1563488, 0.38316807), (-0.2700717, -0.08041841, 0.37789825), (-0.24753122, -0.13873643, 0.37385526), (-0.25143996, -0.13276336, 0.37432376), (-0.22400033, -0.17686349, 0.3783388), (-0.28134847, -0.11706416, 0.37393022), (-0.28311598, -0.18228927, 0.3539035), (-0.2873036, -0.17692122, 0.3559947), (-0.2577936, -0.18581212, 0.35830167), (-0.2906385, -0.15153374, 0.3545851), (-0.1557785, -0.044979453, 0.3683636), (-0.15746176, -0.04384072, 0.36855677), (-0.1475609, -0.03748612, 0.36344287), (-0.14921339, -0.036291987, 0.36357886), (-0.13885632, -0.03259027, 0.35888606), (-0.14118719, -0.030890815, 0.35908186), (-0.1845742, -0.03576167, 0.3725289), (-0.20605582, -0.049201407, 0.378895), (-0.2298613, -0.06052354, 0.37872538), (-0.24998048, -0.095448226, 0.38061965), (-0.26633874, -0.12489098, 0.37417966), (-0.28919992, -0.1647891, 0.35581917), (-0.15513487, -0.09958458, 0.37821433), (-0.1403541, -0.07424927, 0.369762), (-0.17753375, -0.11568928, 0.38292104), (-0.20653822, -0.13603666, 0.38235387), (-0.23543972, -0.15759236, 0.37590685), (-0.27052915, -0.18426248, 0.35633314), (-0.14794521, -0.052250884, 0.39045337), (-0.15082182, -0.05339872, 0.3903625), (-0.14597355, -0.06859486, 0.40617973), (-0.15350947, -0.07017368, 0.404269), (-0.09570327, -0.04085467, 0.39370584), (-0.08855301, -0.057991117, 0.41050583), (-0.18712954, -0.07189308, 0.3802333), (-0.19588618, -0.08669858, 0.39386535), (-0.14638817, -0.08650504, 0.4174593), (-0.15462054, -0.0890353, 0.41575477), (-0.09588274, -0.07977325, 0.4254488), (-0.20250545, -0.102684736, 0.39721212), (-0.14577928, -0.11534414, 0.42768556), (-0.15248643, -0.1165598, 0.42597285), (-0.104097106, -0.10671967, 0.43811467), (-0.19053726, -0.13346726, 0.41540375), (-0.14227122, -0.1423237, 0.43083864), (-0.14807035, -0.14249855, 0.4294454), (-0.109166965, -0.13876912, 0.44563374), (-0.17385551, -0.15630096, 0.42654556), (-0.13021901, -0.18938392, 0.43547353), (-0.13639955, -0.18933141, 0.4355132), (-0.11553057, -0.17238586, 0.4373963), (-0.15209733, -0.18287054, 0.42541835), (-0.14720558, -0.04664308, 0.38491222), (-0.14885208, -0.047286257, 0.38484943), (-0.14598285, -0.039883703, 0.3779523), (-0.14762689, -0.040505573, 0.3778296), (-0.1430782, -0.03363222, 0.37207747), (-0.14540404, -0.034507602, 0.3719081), (-0.16937351, -0.06117882, 0.38783142), (-0.17469105, -0.07851361, 0.3991569), (-0.18058942, -0.09896976, 0.4052408), (-0.17141835, -0.124975115, 0.4207284), (-0.16092099, -0.14938255, 0.42803147), (-0.144226, -0.18626094, 0.43107486), (-0.1168959, -0.0635259, 0.4106203), (-0.1216207, -0.04682885, 0.3941301), (-0.12086518, -0.083130404, 0.4221068), (-0.12440927, -0.11060169, 0.43195248), (-0.12551898, -0.1404054, 0.43794426), (-0.12285818, -0.18094364, 0.4366992), (-0.11603421, -0.025127739, 0.35681978), (-0.114872836, -0.027883753, 0.3571088), (-0.09939034, -0.016472697, 0.36755362), (-0.09780127, -0.024374954, 0.36711895), (-0.12834759, 0.026355073, 0.35094765), (-0.11119404, 0.04043358, 0.36080703), (-0.096820496, -0.06556167, 0.35129982), (-0.08188022, -0.068022296, 0.36328417), (-0.081555314, -0.011412457, 0.3744106), (-0.079003096, -0.019846767, 0.37418452), (-0.08934711, 0.040274773, 0.37142488), (-0.0661178, -0.07197395, 0.36468384), (-0.05323745, -0.0047616586, 0.37776583), (-0.051978044, -0.0118186325, 0.37751436), (-0.06283884, 0.039147623, 0.3793334), (-0.035640065, -0.051125526, 0.37316734), (-0.027064433, 0.002047345, 0.37406155), (-0.026814384, -0.004091382, 0.3741547), (-0.031784046, 0.03979469, 0.38079906), (-0.013532081, -0.028806485, 0.37517154), (0.017397037, 0.019856658, 0.36546743), (0.017449459, 0.013900202, 0.3672203), (0.00096881314, 0.033257384, 0.36700752), (0.011847655, -0.0059488416, 0.362611), (-0.1218572, -0.026703015, 0.3527247), (-0.121204086, -0.028288156, 0.3528767), (-0.1289542, -0.028323956, 0.34748888), (-0.12832507, -0.029931694, 0.34758115), (-0.1355544, -0.027850047, 0.3428361), (-0.13466418, -0.03012786, 0.34296244), (-0.10715222, -0.04631781, 0.35705802), (-0.08959992, -0.046219043, 0.36525336), (-0.06926476, -0.048201434, 0.3680358), (-0.04370587, -0.031429663, 0.37533262), (-0.02012828, -0.016430467, 0.37465405), (0.014820706, 0.0042443275, 0.36549744), (-0.10482297, 0.01310306, 0.3661852), (-0.12168655, 0.0014793202, 0.35568815), (-0.08526649, 0.014873024, 0.37348938), (-0.05827333, 0.017256957, 0.37760302), (-0.029426621, 0.020956919, 0.37714237), (0.009262772, 0.02666651, 0.36645988), (-0.1541149, -0.01849839, 0.39888203), (-0.1511068, -0.01814486, 0.40016612), (-0.16675815, -0.0021406487, 0.41522944), (-0.1577497, -0.0025683716, 0.4169396), (-0.20955607, -0.015122622, 0.37842348), (-0.22766653, 0.0036367625, 0.39258417), (-0.105068855, -0.008245088, 0.40815625), (-0.10697343, 0.0030575693, 0.42788088), (-0.17364441, 0.015594203, 0.42849228), (-0.16406563, 0.015935287, 0.43097314), (-0.23005903, 0.023024242, 0.41188872), (-0.10170158, 0.017714992, 0.43663016), (-0.17951618, 0.0454794, 0.44182876), (-0.17157261, 0.04488109, 0.4435501), (-0.22996037, 0.04774182, 0.43038854), (-0.12540096, 0.052144907, 0.45389536), (-0.18238795, 0.07517667, 0.4469662), (-0.17571175, 0.073704645, 0.4484742), (-0.22845298, 0.07943801, 0.44376177), (-0.14857803, 0.080388464, 0.46026093), (-0.19415788, 0.12844521, 0.45213658), (-0.18857063, 0.12637189, 0.45526275), (-0.21085592, 0.11479233, 0.4441722), (-0.16451344, 0.11613665, 0.45260143), (-0.15120171, -0.023698866, 0.39248726), (-0.14946128, -0.023507163, 0.39319915), (-0.14793599, -0.029872328, 0.38435397), (-0.14613989, -0.029692486, 0.38499027), (-0.14723527, -0.035136342, 0.37665138), (-0.14467986, -0.03488241, 0.3775386), (-0.13009821, -0.015238635, 0.40665388), (-0.13214986, 0.00039654225, 0.42250392), (-0.12902007, 0.01982915, 0.4340555), (-0.14835954, 0.04856528, 0.44870704), (-0.16207261, 0.07707626, 0.45434228), (-0.1771179, 0.121341154, 0.45457184), (-0.19913658, 0.00091879815, 0.4059149), (-0.18338108, -0.0166111, 0.39054018), (-0.20238882, 0.019381594, 0.4207536), (-0.20412102, 0.046541907, 0.43504563), (-0.20516977, 0.07731898, 0.445126), (-0.20270504, 0.121662706, 0.44837505), (-0.16521469, -0.031401083, 0.3690952), (-0.16551879, -0.02853164, 0.3698869), (-0.188969, -0.035738215, 0.3755756), (-0.18759337, -0.027846128, 0.3768435), (-0.16920282, -0.08158296, 0.35307807), (-0.1951232, -0.09048486, 0.35738108), (-0.1677036, 0.013821647, 0.37138364), (-0.18712635, 0.018553294, 0.38171193), (-0.2110688, -0.035426363, 0.37884915), (-0.21053399, -0.026745409, 0.38035387), (-0.22084405, -0.084805906, 0.36473578), (-0.2017992, 0.027602874, 0.3823653), (-0.24237157, -0.031834707, 0.37720013), (-0.24104626, -0.02488076, 0.37850964), (-0.24986018, -0.07590377, 0.36890352), (-0.24216452, 0.017859638, 0.38192585), (-0.26857454, -0.02749183, 0.36935183), (-0.26672894, -0.021827415, 0.37086222), (-0.281283, -0.06541592, 0.36606354), (-0.27231625, 0.0052183643, 0.37574837), (-0.31566173, -0.025497496, 0.35174355), (-0.3144328, -0.020462297, 0.35459667), (-0.30457512, -0.044073254, 0.35212234), (-0.2993275, -0.0032460764, 0.35661006), (-0.15734011, -0.031136021, 0.36607525), (-0.15748991, -0.02948676, 0.36651963), (-0.14779785, -0.03103365, 0.3620252), (-0.14788787, -0.029357135, 0.3624207), (-0.13972971, -0.03279934, 0.35796404), (-0.1398459, -0.0304216, 0.3585208), (-0.16673928, -0.008897528, 0.3733265), (-0.18734922, -0.0044979975, 0.37935016), (-0.20753632, 0.004152313, 0.38040015), (-0.24150245, -0.0034682602, 0.38025647), (-0.26947692, -0.008285776, 0.37332267), (-0.30739948, -0.012174197, 0.3560253), (-0.19351228, -0.06439151, 0.36802596), (-0.16855288, -0.05748242, 0.3625375), (-0.2162816, -0.060539544, 0.37224275), (-0.24519145, -0.05373887, 0.3723551), (-0.27464172, -0.04639791, 0.3675626), (-0.31030947, -0.03490518, 0.35209605), (-0.06693188, -0.14668797, 0.00083894655), (-0.066125296, -0.15520227, 0.0002520904), (-0.058368858, -0.15871447, -0.00074298494), (-0.051418997, -0.15371239, -0.0011513624), (-0.05222558, -0.14519808, -0.00056450814), (-0.060110666, -0.14001378, 0.0013676863), (-0.05271852, -0.1657581, 0.20262733), (-0.052087177, -0.17241772, 0.20192711), (-0.04598452, -0.17515142, 0.2011758), (-0.040512912, -0.17122744, 0.20112492), (-0.041144423, -0.16456239, 0.2018253), (-0.04724735, -0.16182773, 0.20257625), (-0.04943047, -0.2115295, 0.37305236), (-0.048822176, -0.21789679, 0.37190318), (-0.04292295, -0.22054821, 0.37123713), (-0.037632007, -0.21683255, 0.371721), (-0.038240306, -0.21046537, 0.37287077), (-0.044139527, -0.20781389, 0.37353626), (-0.03789427, -0.28807613, 0.5266924), (-0.037440166, -0.292766, 0.5254078), (-0.032987185, -0.29487982, 0.5249859), (-0.028988218, -0.29229966, 0.5258509), (-0.029442154, -0.28761533, 0.5271361), (-0.03389537, -0.28550115, 0.52755696), (-0.028521718, -0.24294958, 0.49888805), (-0.024247274, -0.2427153, 0.49923718), (-0.03273532, -0.22371694, 0.5203678), (-0.021380045, -0.22468013, 0.51917815), (-0.10422797, -0.23575276, 0.49439502), (-0.1152846, -0.21322364, 0.5152392), (0.034706175, -0.23218799, 0.49101296), (0.04493172, -0.2203213, 0.5121653), (-0.032444276, -0.20327914, 0.53731734), (-0.020080447, -0.20344388, 0.53680146), (-0.10488832, -0.19074789, 0.53675324), (0.056988604, -0.20295647, 0.51870227), (-0.030743431, -0.16816884, 0.5541154), (-0.020844286, -0.16941702, 0.5533767), (-0.091892645, -0.16217163, 0.5568131), (0.040068205, -0.1621809, 0.5460206), (-0.029521478, -0.13162932, 0.5593983), (-0.02134772, -0.13398057, 0.55900115), (-0.079740666, -0.124413714, 0.5700219), (0.018161189, -0.12779027, 0.56104606), (-0.03203444, -0.06355177, 0.56208694), (-0.024189886, -0.06693867, 0.5640768), (-0.05725817, -0.07933396, 0.5605844), (-0.00085130904, -0.079869464, 0.55345136), (-0.029159607, -0.24907467, 0.49130052), (-0.026708273, -0.24895042, 0.49147627), (-0.030355792, -0.25636333, 0.48178557), (-0.027887287, -0.25624576, 0.48186874), (-0.034150563, -0.26251766, 0.47353408), (-0.030653747, -0.2623466, 0.47364512), (0.0042254906, -0.24029821, 0.49880168), (0.011720718, -0.22225595, 0.5160307), (0.022482507, -0.19946551, 0.52699643), (0.009054079, -0.16598402, 0.5503487), (-0.001911556, -0.13102725, 0.56038237), (-0.012854459, -0.07341844, 0.5597706), (-0.07507676, -0.21814752, 0.5207162), (-0.06724234, -0.23907349, 0.49942794), (-0.06908164, -0.19668478, 0.53785056), (-0.061605316, -0.16487886, 0.5541007), (-0.054787267, -0.1278501, 0.56439227), (-0.044835627, -0.07146391, 0.56178945), (-0.042871833, -0.28832865, 0.51694524), (-0.040587287, -0.28616172, 0.5195124), (-0.058579694, -0.30940217, 0.5422108), (-0.051425073, -0.301678, 0.5465673), (-0.09350302, -0.32875842, 0.4797401), (-0.11692528, -0.35314822, 0.50166756), (-0.01627712, -0.24354172, 0.5489419), (-0.018887931, -0.25785387, 0.577891), (-0.073350936, -0.322295, 0.56657004), (-0.06616985, -0.31441176, 0.5725463), (-0.1276172, -0.36547017, 0.5343816), (-0.025779845, -0.2558632, 0.5990283), (-0.09785859, -0.33192188, 0.60035145), (-0.091635205, -0.32528716, 0.60413104), (-0.14113759, -0.374008, 0.5712526), (-0.06644209, -0.2850863, 0.633554), (-0.120160155, -0.33322987, 0.62929624), (-0.1144163, -0.3278596, 0.631603), (-0.15886581, -0.37670866, 0.61094785), (-0.100595824, -0.30808455, 0.6558607), (-0.16413504, -0.34078786, 0.6711285), (-0.15383455, -0.33854923, 0.6752261), (-0.17428929, -0.35263193, 0.6459677), (-0.13269003, -0.31362164, 0.67171454), (-0.03903859, -0.2819647, 0.507308), (-0.03771914, -0.28068694, 0.508747), (-0.034690265, -0.27430296, 0.49530584), (-0.03335832, -0.2729112, 0.49666616), (-0.03267205, -0.2693936, 0.48361772), (-0.030782491, -0.26739275, 0.4855255), (-0.026414976, -0.26917997, 0.5349839), (-0.03506699, -0.2794001, 0.56242293), (-0.04634969, -0.28048685, 0.5891558), (-0.07894056, -0.30490422, 0.6188613), (-0.10694363, -0.31791613, 0.64411354), (-0.13994366, -0.32771957, 0.6745233), (-0.08796323, -0.33452442, 0.5237511), (-0.06838506, -0.31129128, 0.50007427), (-0.10039279, -0.3446651, 0.5511088), (-0.118692935, -0.3514623, 0.5854211), (-0.13784868, -0.3546291, 0.6211702), (-0.16875194, -0.34712464, 0.65905535), (-0.037575383, -0.28511623, 0.4623504), (-0.040986575, -0.28539205, 0.46321285), (-0.0359993, -0.31472522, 0.46485317), (-0.045042735, -0.31266686, 0.4666175), (0.020879734, -0.29055688, 0.44281453), (0.027570227, -0.3226029, 0.44253471), (-0.090545826, -0.2836747, 0.46477622), (-0.09921112, -0.30860138, 0.47249642), (-0.03947144, -0.3409871, 0.46403673), (-0.0495541, -0.33987382, 0.46587834), (0.01719269, -0.35367188, 0.4458236), (-0.11171564, -0.32459515, 0.47018987), (-0.047733944, -0.37596646, 0.455742), (-0.05569652, -0.3740837, 0.45749336), (0.0027329123, -0.38726476, 0.4447508), (-0.10574371, -0.3717544, 0.46117073), (-0.055864364, -0.40321428, 0.4415252), (-0.062271085, -0.40092507, 0.4435953), (-0.013563403, -0.4214224, 0.43520582), (-0.09479201, -0.40595853, 0.44789508), (-0.06375619, -0.45225418, 0.41216162), (-0.069596305, -0.45112735, 0.41557643), (-0.040659975, -0.44159114, 0.41486898), (-0.08752842, -0.4322536, 0.42089695), (-0.036709566, -0.2751826, 0.46050805), (-0.038665615, -0.27530885, 0.46099856), (-0.03539896, -0.26306012, 0.45781696), (-0.037375495, -0.26309863, 0.45826656), (-0.032118242, -0.2528255, 0.45478377), (-0.03491843, -0.25286472, 0.45542175), (-0.064129986, -0.2856741, 0.46703216), (-0.07226332, -0.31057933, 0.46964258), (-0.08502545, -0.33301455, 0.46666628), (-0.08072435, -0.37278438, 0.45939374), (-0.078533396, -0.40338302, 0.44577882), (-0.07828459, -0.44244504, 0.4185979), (-0.00296838, -0.32087648, 0.45516732), (-0.007416922, -0.28985697, 0.45397487), (-0.010680511, -0.3477986, 0.45537972), (-0.022449497, -0.3802309, 0.4496581), (-0.03471036, -0.4118631, 0.4382738), (-0.052101083, -0.44719428, 0.41366833), (-0.016238026, -0.29604328, 0.4921209), (-0.019156221, -0.29919294, 0.4922391), (0.0045793066, -0.32166958, 0.5040023), (-0.004830393, -0.3274763, 0.5028692), (0.04339613, -0.2513584, 0.48366028), (0.07157429, -0.27421534, 0.48067746), (-0.05909261, -0.34030667, 0.4808525), (-0.052967772, -0.37032032, 0.4933041), (0.021340607, -0.3486704, 0.5076883), (0.011419511, -0.35629967, 0.508635), (0.08667538, -0.31172705, 0.48756322), (-0.04986751, -0.39577377, 0.49201873), (0.045725733, -0.38779444, 0.5001415), (0.03645545, -0.39301315, 0.5041349), (0.10324473, -0.35434043, 0.47391236), (-0.0066794036, -0.43390775, 0.4971903), (0.06635536, -0.4203037, 0.49595654), (0.058228776, -0.42371032, 0.4980183), (0.119643345, -0.39922774, 0.46544325), (0.033514038, -0.45617586, 0.49554393), (0.11090361, -0.4729845, 0.47875595), (0.10350682, -0.47687328, 0.48038745), (0.12001281, -0.44337463, 0.48397657), (0.07408728, -0.47449672, 0.4762797), (-0.021649798, -0.28630966, 0.48740044), (-0.023339337, -0.28809437, 0.48746023), (-0.027858267, -0.27426964, 0.48119795), (-0.029596405, -0.2759962, 0.48119354), (-0.031042214, -0.26232255, 0.4756496), (-0.033509854, -0.26475105, 0.4756536), (-0.038899932, -0.3192512, 0.4903985), (-0.02892922, -0.3488834, 0.49824005), (-0.020924237, -0.38040382, 0.49821067), (0.014554544, -0.41334322, 0.5027947), (0.045775864, -0.4398873, 0.49743536), (0.08930652, -0.47613144, 0.47896796), (0.03997679, -0.29916117, 0.49992913), (0.015041226, -0.27476534, 0.49239084), (0.055420887, -0.33005467, 0.49498573), (0.074818134, -0.36950678, 0.48210138), (0.093687415, -0.40902913, 0.4753433), (0.11555118, -0.45839548, 0.48244947), (-0.018422455, -0.2726558, 0.50620216), (-0.016634507, -0.27545643, 0.5061623), (-0.0076637603, -0.27089065, 0.5252266), (-0.0038807245, -0.2781495, 0.523172), (-0.042434707, -0.22062248, 0.5101757), (-0.032347634, -0.21341076, 0.53074336), (0.012450875, -0.30841273, 0.49738982), (0.02452704, -0.31794962, 0.51333475), (0.0063148923, -0.27054748, 0.5401163), (0.01110776, -0.27843514, 0.5384118), (-0.014072975, -0.22029454, 0.54975736), (0.04036811, -0.32290453, 0.5194753), (0.030833127, -0.26721862, 0.5564583), (0.034017816, -0.27373508, 0.5545609), (0.009806512, -0.2269474, 0.56769633), (0.061735723, -0.30897626, 0.54499507), (0.054154824, -0.25957608, 0.5667789), (0.056185376, -0.2654083, 0.5648424), (0.03929565, -0.2286484, 0.58198303), (0.076276526, -0.29001087, 0.56258136), (0.08407306, -0.23790324, 0.59637135), (0.084862836, -0.2443248, 0.59660685), (0.06991842, -0.22686133, 0.5880058), (0.089118466, -0.2605405, 0.5792752), (-0.022444056, -0.27177235, 0.49964473), (-0.021428112, -0.27337387, 0.4996084), (-0.027327312, -0.2703271, 0.49149808), (-0.026312994, -0.27191472, 0.49139893), (-0.03244421, -0.26726785, 0.48463967), (-0.031010186, -0.26951563, 0.4845027), (-0.0041751647, -0.2931279, 0.50400645), (0.010443721, -0.29802972, 0.5183825), (0.029687775, -0.30202043, 0.5282243), (0.04787343, -0.29124936, 0.5498302), (0.065851904, -0.2775654, 0.5642269), (0.08612496, -0.2523107, 0.5896333), (-0.020466032, -0.24215561, 0.5303764), (-0.03073291, -0.24675244, 0.51034117), (-0.0040758722, -0.24524632, 0.54564), (0.020160004, -0.24636817, 0.5610922), (0.046862237, -0.24390331, 0.5738538), (0.07631253, -0.23224163, 0.5933083), (-0.028366288, -0.23945421, 0.37241387), (-0.031223686, -0.24156135, 0.3728263), (-0.011915176, -0.26326558, 0.38872656), (-0.020795349, -0.26656651, 0.38811144), (0.027241403, -0.21238142, 0.3635703), (0.048617646, -0.23485637, 0.3714236), (-0.07175633, -0.268885, 0.36600354), (-0.06906652, -0.29346538, 0.37812713), (0.000557999, -0.28808704, 0.40333802), (-0.008661677, -0.2927072, 0.40276134), (0.055687968, -0.26666382, 0.3852029), (-0.070049405, -0.31426546, 0.3777128), (0.016588936, -0.32199273, 0.4042913), (0.008740896, -0.3242241, 0.40195918), (0.062445335, -0.3037042, 0.39577663), (-0.03580814, -0.34776154, 0.376057), (0.029805046, -0.3502189, 0.3890885), (0.022699865, -0.35076234, 0.3858707), (0.07144054, -0.34426713, 0.3963096), (-0.0049106013, -0.3691233, 0.36369404), (0.05459443, -0.40130058, 0.36321476), (0.04780186, -0.40260646, 0.362248), (0.06882296, -0.38033184, 0.37769932), (0.022625443, -0.39332798, 0.349158), (-0.032079514, -0.23102495, 0.36836353), (-0.033736505, -0.23220158, 0.3685568), (-0.036212802, -0.22070044, 0.3634428), (-0.03791086, -0.22182885, 0.36357886), (-0.037742883, -0.2108314, 0.35888603), (-0.04015218, -0.21241775, 0.35908186), (-0.050751925, -0.25479206, 0.37287933), (-0.044816233, -0.28013965, 0.38413364), (-0.041545246, -0.30661333, 0.38795796), (-0.012997639, -0.33532947, 0.388566), (0.009146164, -0.3595649, 0.37412444), (0.03577387, -0.39856955, 0.35702658), (0.020193895, -0.25011444, 0.38324648), (0.00075236836, -0.22685844, 0.3698213), (0.029168433, -0.27775854, 0.39760166), (0.039630607, -0.3127709, 0.40429884), (0.05101678, -0.34804845, 0.3976874), (0.062092043, -0.391131, 0.37143812), (-0.022521734, -0.22624126, 0.39045334), (-0.022456305, -0.22933778, 0.3903624), (-0.0065251994, -0.23013014, 0.40617973), (-0.0076911156, -0.23774093, 0.40426898), (-0.014861508, -0.17332235, 0.3937058), (0.0036942794, -0.17263998, 0.41050574), (-0.017878395, -0.2698265, 0.3802332), (-0.0070870575, -0.2832216, 0.3938653), (0.0101006245, -0.23680311, 0.4174593), (0.009581238, -0.24539989, 0.41575474), (0.021519339, -0.18714699, 0.42544878), (0.0055598416, -0.29502952, 0.3972121), (0.037319556, -0.24635261, 0.42768553), (0.0361044, -0.25305986, 0.42597282), (0.043869853, -0.20429456, 0.43811467), (0.038584646, -0.294624, 0.4154037), (0.06381456, -0.2525348, 0.4308386), (0.06194335, -0.25802654, 0.4294454), (0.07210234, -0.22028825, 0.44563365), (0.06582005, -0.28701538, 0.4265456), (0.112111494, -0.25776252, 0.4354735), (0.109893486, -0.26353157, 0.43551317), (0.101348475, -0.2380434, 0.43739626), (0.09833514, -0.27596405, 0.4254183), (-0.027513426, -0.2235809, 0.3849122), (-0.027488902, -0.22534841, 0.3848494), (-0.03341392, -0.2200641, 0.37795225), (-0.033408497, -0.22182178, 0.3778296), (-0.038248647, -0.21515045, 0.37207744), (-0.038245067, -0.21763563, 0.3719081), (-0.021680731, -0.2494399, 0.38783136), (-0.0073141647, -0.26050204, 0.3991569), (0.009771453, -0.27320343, 0.40524077), (0.037341353, -0.27374092, 0.4207283), (0.06388028, -0.27247563, 0.42803147), (0.10427197, -0.26978293, 0.43107483), (-0.0010684243, -0.20112276, 0.41062024), (-0.018361686, -0.1996881, 0.39413002), (0.015896628, -0.21171895, 0.42210683), (0.040377457, -0.22467735, 0.43195245), (0.06789664, -0.23617467, 0.4379442), (0.10679082, -0.24790803, 0.43669915), (-0.03672306, -0.18683603, 0.356791), (-0.03373588, -0.18670264, 0.35701603), (-0.039005745, -0.16799796, 0.3664619), (-0.031060224, -0.1691432, 0.36533833), (-0.08925248, -0.1803069, 0.35094762), (-0.09641656, -0.15930395, 0.360807), (0.007853239, -0.1826958, 0.34961063), (0.015342066, -0.1688883, 0.35823792), (-0.03751861, -0.14913642, 0.37142026), (-0.028748985, -0.14942476, 0.3698065), (-0.08860173, -0.13890195, 0.3714248), (0.0245296, -0.15499881, 0.35709235), (-0.03384661, -0.11985171, 0.372636), (-0.026821548, -0.12085384, 0.37093025), (-0.07824446, -0.11447479, 0.37933338), (0.015618964, -0.118172675, 0.360788), (-0.03102411, -0.093122885, 0.3697663), (-0.025209075, -0.09479493, 0.36863664), (-0.06795321, -0.0851676, 0.38079903), (0.0025376847, -0.0903534, 0.36631748), (-0.032025274, -0.046110123, 0.36546737), (-0.026430845, -0.048131756, 0.36712453), (-0.05033856, -0.05679138, 0.36700746), (-0.009839115, -0.059995845, 0.3608057), (-0.03729076, -0.1928474, 0.35272464), (-0.03557723, -0.19279203, 0.3528766), (-0.038263228, -0.20006189, 0.34748885), (-0.036536973, -0.20003694, 0.3475811), (-0.04102304, -0.20607615, 0.34283608), (-0.038577676, -0.20604178, 0.34296235), (-0.013780054, -0.18576244, 0.35608193), (-0.007767868, -0.16865157, 0.36112052), (0.0011515305, -0.14945203, 0.3596953), (-0.0056239297, -0.119176835, 0.36474162), (-0.011343701, -0.09244941, 0.36709213), (-0.018322576, -0.05384998, 0.36475238), (-0.068588324, -0.16292828, 0.36618513), (-0.06362116, -0.18279836, 0.35568807), (-0.06338663, -0.14395556, 0.37329814), (-0.056164287, -0.11763941, 0.3764112), (-0.049505826, -0.089337856, 0.3759959), (-0.041256428, -0.051337585, 0.36645985), (-0.057154685, -0.2206533, 0.40734), (-0.05637556, -0.21768206, 0.40808785), (-0.077702, -0.22719297, 0.43147248), (-0.07387321, -0.21875912, 0.4305601), (-0.0801115, -0.27157402, 0.39023122), (-0.104517505, -0.28221917, 0.40914744), (-0.048697937, -0.17065743, 0.40829366), (-0.060004957, -0.16850519, 0.42855585), (-0.09709141, -0.22762129, 0.4483262), (-0.093753755, -0.2183677, 0.44790363), (-0.12386487, -0.27785254, 0.43191817), (-0.07183144, -0.15839805, 0.43682408), (-0.12681614, -0.22245497, 0.45851675), (-0.12328788, -0.21512616, 0.45846567), (-0.14663209, -0.26889566, 0.44704172), (-0.112550385, -0.16859895, 0.45568135), (-0.1547915, -0.21425629, 0.4553976), (-0.15101372, -0.20848969, 0.4563492), (-0.17481448, -0.25582376, 0.45090073), (-0.14712034, -0.18038571, 0.46194336), (-0.20794389, -0.20610893, 0.45213652), (-0.20404182, -0.20160446, 0.45526272), (-0.2010513, -0.22655416, 0.44449398), (-0.18601568, -0.18266854, 0.4526014), (-0.05098665, -0.21959698, 0.39823633), (-0.05055103, -0.2178975, 0.3989049), (-0.043772258, -0.21854556, 0.3872807), (-0.043307614, -0.21679896, 0.38788947), (-0.038413275, -0.2196345, 0.37777385), (-0.037758924, -0.21715501, 0.37870604), (-0.051290076, -0.19674808, 0.41030645), (-0.06689675, -0.19331932, 0.42856872), (-0.08393195, -0.18353435, 0.43949732), (-0.11785907, -0.19168937, 0.45642608), (-0.14904334, -0.19434509, 0.45886445), (-0.19531219, -0.19264525, 0.4545718), (-0.09245181, -0.2567295, 0.4272939), (-0.069685, -0.2476702, 0.4038417), (-0.111193046, -0.25346905, 0.44518724), (-0.13674507, -0.245289, 0.4546791), (-0.16486724, -0.23487967, 0.45429787), (-0.20459203, -0.21649262, 0.44837657), (-0.04810564, -0.23509645, 0.3690951), (-0.05089932, -0.23437431, 0.36988682), (-0.05296086, -0.25865722, 0.37420207), (-0.05955871, -0.25470972, 0.37617403), (-0.0025822013, -0.2564168, 0.3528854), (-0.0048140753, -0.28329304, 0.35371742), (-0.09132612, -0.22155839, 0.3713836), (-0.102572374, -0.23808575, 0.38171193), (-0.06267167, -0.27862573, 0.37456885), (-0.069952674, -0.27531755, 0.37742954), (-0.022357358, -0.3042084, 0.3551863), (-0.11619522, -0.24865004, 0.38236526), (-0.07899759, -0.30590796, 0.37073737), (-0.08420845, -0.3025352, 0.37354916), (-0.043639965, -0.3271928, 0.3558601), (-0.12140708, -0.28979442, 0.38196263), (-0.092162736, -0.32907256, 0.36557627), (-0.096268915, -0.32544804, 0.36734906), (-0.063731715, -0.35315207, 0.3576434), (-0.12093725, -0.32213512, 0.37572208), (-0.103022136, -0.38203776, 0.39206707), (-0.10732595, -0.3789095, 0.39368317), (-0.08502408, -0.3747227, 0.37791866), (-0.12018883, -0.35463732, 0.37637687), (-0.045590658, -0.2276296, 0.3660752), (-0.04718761, -0.22719115, 0.36651957), (-0.042338125, -0.21865818, 0.36202514), (-0.043939613, -0.21815413, 0.36242068), (-0.037853587, -0.21172261, 0.35796404), (-0.040120885, -0.21099707, 0.35852075), (-0.06971323, -0.2286275, 0.37332648), (-0.081065066, -0.24638316, 0.37935013), (-0.096273094, -0.26224095, 0.3804043), (-0.10229438, -0.29623526, 0.37903953), (-0.10842633, -0.3237991, 0.37202567), (-0.11339047, -0.36788502, 0.3878924), (-0.028889593, -0.27255118, 0.364023), (-0.024916446, -0.24735323, 0.36236107), (-0.043005127, -0.29158878, 0.36380085), (-0.061763234, -0.31539997, 0.36144856), (-0.07825315, -0.3409232, 0.36199278), (-0.09346198, -0.379246, 0.38839012)]
                    texCoord2f[] primvars:st = [(0.895984, 0.37260094), (0.895984, 0.37260094), (0.895984, 0.37260094), (0.895984, 0.37260094), (0.89390516, 0.37286618), (0.89390516, 0.37286618), (0.89390516, 0.37286618), (0.89390516, 0.37286618), (0.89183223, 0.37313288), (0.89183223, 0.37313288), (0.89183223, 0.37313288), (0.89183223, 0.37313288), (0.8897425, 0.3734014), (0.8897425, 0.3734014), (0.8897425, 0.3734014), (0.8897425, 0.3734014), (0.8876387, 0.37367415), (0.8876387, 0.37367415), (0.8876387, 0.37367415), (0.8876387, 0.37367415), (0.8855492, 0.37394485), (0.8855492, 0.37394485), (0.8855492, 0.37394485), (0.8855492, 0.37394485), (0.88346, 0.37421608), (0.88346, 0.37421608), (0.88346, 0.37421608), (0.88346, 0.37421608), (0.90134114, 0.41439125), (0.90134114, 0.41439125), (0.90134114, 0.41439125), (0.90134114, 0.41439125), (0.8992717, 0.41465697), (0.8992717, 0.41465697), (0.8992717, 0.41465697), (0.8992717, 0.41465697), (0.89720595, 0.41492343), (0.89720595, 0.41492343), (0.89720595, 0.41492343), (0.89720595, 0.41492343), (0.8951283, 0.41519088), (0.8951283, 0.41519088), (0.8951283, 0.41519088), (0.8951283, 0.41519088), (0.8930406, 0.4154615), (0.8930406, 0.4154615), (0.8930406, 0.4154615), (0.8930406, 0.4154615), (0.8909631, 0.4157307), (0.8909631, 0.4157307), (0.8909631, 0.4157307), (0.8909631, 0.4157307), (0.8888851, 0.41600025), (0.8888851, 0.41600025), (0.8888851, 0.41600025), (0.8888851, 0.41600025), (0.9066391, 0.45552948), (0.9066391, 0.45552948), (0.9066391, 0.45552948), (0.9066391, 0.45552948), (0.9045741, 0.45579565), (0.9045741, 0.45579565), (0.9045741, 0.45579565), (0.9045741, 0.45579565), (0.90251076, 0.45606232), (0.90251076, 0.45606232), (0.90251076, 0.45606232), (0.90251076, 0.45606232), (0.9004403, 0.45632952), (0.9004403, 0.45632952), (0.9004403, 0.45632952), (0.9004403, 0.45632952), (0.8983631, 0.45659873), (0.8983631, 0.45659873), (0.8983631, 0.45659873), (0.8983631, 0.45659873), (0.8962927, 0.45686704), (0.8962927, 0.45686704), (0.8962927, 0.45686704), (0.8962927, 0.45686704), (0.8942213, 0.45713556), (0.8942213, 0.45713556), (0.8942213, 0.45713556), (0.8942213, 0.45713556), (0.9119175, 0.4963764), (0.9119175, 0.4963764), (0.9119175, 0.4963764), (0.9119175, 0.4963764), (0.90985334, 0.49664328), (0.90985334, 0.49664328), (0.90985334, 0.49664328), (0.90985334, 0.49664328), (0.90779006, 0.4969103), (0.90779006, 0.4969103), (0.90779006, 0.4969103), (0.90779006, 0.4969103), (0.9057229, 0.4971777), (0.9057229, 0.4971777), (0.9057229, 0.4971777), (0.9057229, 0.4971777), (0.9036515, 0.4974461), (0.9036515, 0.4974461), (0.9036515, 0.4974461), (0.9036515, 0.4974461), (0.9015845, 0.49771398), (0.9015845, 0.49771398), (0.9015845, 0.49771398), (0.9015845, 0.49771398), (0.89951634, 0.49798194), (0.89951634, 0.49798194), (0.89951634, 0.49798194), (0.89951634, 0.49798194), (0.8582316, 0.6386756), (0.8582316, 0.6386756), (0.8582316, 0.6386756), (0.8582316, 0.6386756), (0.8582316, 0.6386756), (0.8582316, 0.6386756), (0.8582316, 0.6386756), (0.8582316, 0.6386756), (0.8582316, 0.6386756), (0.8582316, 0.6386756), (0.8582316, 0.6386756), (0.8582316, 0.6386756), (0.8582316, 0.6386756), (0.8582316, 0.6386756), (0.8582316, 0.6386756), (0.8582316, 0.6386756), (0.8582316, 0.6386756), (0.8582316, 0.6386756), (0.8582316, 0.6386756), (0.8582316, 0.6386756), (0.8582316, 0.6386756), (0.8582316, 0.6386756), (0.8582316, 0.6386756), (0.8582316, 0.6386756), (0.8582316, 0.6386756), (0.8582316, 0.6386756), (0.8582316, 0.6386756), (0.8582316, 0.6386756), (0.8582316, 0.6386756), (0.8582316, 0.6386756), (0.8582316, 0.6386756), (0.8582316, 0.6386756), (0.8582316, 0.6386756), (0.8582316, 0.6386756), (0.8582316, 0.6386756), (0.8582316, 0.6386756), (0.8582316, 0.6386756), (0.8582316, 0.6386756), (0.8582316, 0.6386756), (0.8582316, 0.6386756), (0.8632139, 0.6396077), (0.8632139, 0.6396077), (0.8632139, 0.6396077), (0.8632139, 0.6396077), (0.8632139, 0.6396077), (0.8632139, 0.6396077), (0.8632139, 0.6396077), (0.8632139, 0.6396077), (0.8632139, 0.6396077), (0.8632139, 0.6396077), (0.8632139, 0.6396077), (0.8632139, 0.6396077), (0.8632139, 0.6396077), (0.8632139, 0.6396077), (0.8632139, 0.6396077), (0.8632139, 0.6396077), (0.8632139, 0.6396077), (0.8632139, 0.6396077), (0.8632139, 0.6396077), (0.8632139, 0.6396077), (0.8632139, 0.6396077), (0.8632139, 0.6396077), (0.8632139, 0.6396077), (0.8632139, 0.6396077), (0.8632139, 0.6396077), (0.8632139, 0.6396077), (0.8632139, 0.6396077), (0.8632139, 0.6396077), (0.8632139, 0.6396077), (0.8632139, 0.6396077), (0.8632139, 0.6396077), (0.8632139, 0.6396077), (0.8632139, 0.6396077), (0.8632139, 0.6396077), (0.8632139, 0.6396077), (0.8632139, 0.6396077), (0.8632139, 0.6396077), (0.8632139, 0.6396077), (0.8632139, 0.6396077), (0.8632139, 0.6396077), (0.861719, 0.6561569), (0.861719, 0.6561569), (0.861719, 0.6561569), (0.861719, 0.6561569), (0.861719, 0.6561569), (0.861719, 0.6561569), (0.861719, 0.6561569), (0.861719, 0.6561569), (0.861719, 0.6561569), (0.861719, 0.6561569), (0.861719, 0.6561569), (0.861719, 0.6561569), (0.861719, 0.6561569), (0.861719, 0.6561569), (0.861719, 0.6561569), (0.861719, 0.6561569), (0.861719, 0.6561569), (0.861719, 0.6561569), (0.861719, 0.6561569), (0.861719, 0.6561569), (0.861719, 0.6561569), (0.861719, 0.6561569), (0.861719, 0.6561569), (0.861719, 0.6561569), (0.861719, 0.6561569), (0.861719, 0.6561569), (0.861719, 0.6561569), (0.861719, 0.6561569), (0.861719, 0.6561569), (0.861719, 0.6561569), (0.861719, 0.6561569), (0.861719, 0.6561569), (0.861719, 0.6561569), (0.861719, 0.6561569), (0.861719, 0.6561569), (0.861719, 0.6561569), (0.861719, 0.6561569), (0.861719, 0.6561569), (0.861719, 0.6561569), (0.861719, 0.6561569), (0.86523783, 0.65681547), (0.86523783, 0.65681547), (0.86523783, 0.65681547), (0.86523783, 0.65681547), (0.86523783, 0.65681547), (0.86523783, 0.65681547), (0.86523783, 0.65681547), (0.86523783, 0.65681547), (0.86523783, 0.65681547), (0.86523783, 0.65681547), (0.86523783, 0.65681547), (0.86523783, 0.65681547), (0.86523783, 0.65681547), (0.86523783, 0.65681547), (0.86523783, 0.65681547), (0.86523783, 0.65681547), (0.86523783, 0.65681547), (0.86523783, 0.65681547), (0.86523783, 0.65681547), (0.86523783, 0.65681547), (0.86523783, 0.65681547), (0.86523783, 0.65681547), (0.86523783, 0.65681547), (0.86523783, 0.65681547), (0.86523783, 0.65681547), (0.86523783, 0.65681547), (0.86523783, 0.65681547), (0.86523783, 0.65681547), (0.86523783, 0.65681547), (0.86523783, 0.65681547), (0.86523783, 0.65681547), (0.86523783, 0.65681547), (0.86523783, 0.65681547), (0.86523783, 0.65681547), (0.86523783, 0.65681547), (0.86523783, 0.65681547), (0.86523783, 0.65681547), (0.86523783, 0.65681547), (0.86523783, 0.65681547), (0.86523783, 0.65681547), (0.8610705, 0.6762571), (0.8610705, 0.6762571), (0.8610705, 0.6762571), (0.8610705, 0.6762571), (0.8610705, 0.6762571), (0.8610705, 0.6762571), (0.8610705, 0.6762571), (0.8610705, 0.6762571), (0.8610705, 0.6762571), (0.8610705, 0.6762571), (0.8610705, 0.6762571), (0.8610705, 0.6762571), (0.8610705, 0.6762571), (0.8610705, 0.6762571), (0.8610705, 0.6762571), (0.8610705, 0.6762571), (0.8610705, 0.6762571), (0.8610705, 0.6762571), (0.8610705, 0.6762571), (0.8610705, 0.6762571), (0.8610705, 0.6762571), (0.8610705, 0.6762571), (0.8610705, 0.6762571), (0.8610705, 0.6762571), (0.8610705, 0.6762571), (0.8610705, 0.6762571), (0.8610705, 0.6762571), (0.8610705, 0.6762571), (0.8610705, 0.6762571), (0.8610705, 0.6762571), (0.8610705, 0.6762571), (0.8610705, 0.6762571), (0.8610705, 0.6762571), (0.8610705, 0.6762571), (0.8610705, 0.6762571), (0.8610705, 0.6762571), (0.8610705, 0.6762571), (0.8610705, 0.6762571), (0.8610705, 0.6762571), (0.8610705, 0.6762571), (0.8645893, 0.6769156), (0.8645893, 0.6769156), (0.8645893, 0.6769156), (0.8645893, 0.6769156), (0.8645893, 0.6769156), (0.8645893, 0.6769156), (0.8645893, 0.6769156), (0.8645893, 0.6769156), (0.8645893, 0.6769156), (0.8645893, 0.6769156), (0.8645893, 0.6769156), (0.8645893, 0.6769156), (0.8645893, 0.6769156), (0.8645893, 0.6769156), (0.8645893, 0.6769156), (0.8645893, 0.6769156), (0.8645893, 0.6769156), (0.8645893, 0.6769156), (0.8645893, 0.6769156), (0.8645893, 0.6769156), (0.8645893, 0.6769156), (0.8645893, 0.6769156), (0.8645893, 0.6769156), (0.8645893, 0.6769156), (0.8645893, 0.6769156), (0.8645893, 0.6769156), (0.8645893, 0.6769156), (0.8645893, 0.6769156), (0.8645893, 0.6769156), (0.8645893, 0.6769156), (0.8645893, 0.6769156), (0.8645893, 0.6769156), (0.8645893, 0.6769156), (0.8645893, 0.6769156), (0.8645893, 0.6769156), (0.8645893, 0.6769156), (0.8645893, 0.6769156), (0.8645893, 0.6769156), (0.8645893, 0.6769156), (0.8645893, 0.6769156), (0.86545455, 0.69137067), (0.86545455, 0.69137067), (0.86545455, 0.69137067), (0.86545455, 0.69137067), (0.86545455, 0.69137067), (0.86545455, 0.69137067), (0.86545455, 0.69137067), (0.86545455, 0.69137067), (0.86545455, 0.69137067), (0.86545455, 0.69137067), (0.86545455, 0.69137067), (0.86545455, 0.69137067), (0.86545455, 0.69137067), (0.86545455, 0.69137067), (0.86545455, 0.69137067), (0.86545455, 0.69137067), (0.86545455, 0.69137067), (0.86545455, 0.69137067), (0.86545455, 0.69137067), (0.86545455, 0.69137067), (0.86545455, 0.69137067), (0.86545455, 0.69137067), (0.86545455, 0.69137067), (0.86545455, 0.69137067), (0.86545455, 0.69137067), (0.86545455, 0.69137067), (0.86545455, 0.69137067), (0.86545455, 0.69137067), (0.86545455, 0.69137067), (0.86545455, 0.69137067), (0.86545455, 0.69137067), (0.86545455, 0.69137067), (0.86545455, 0.69137067), (0.86545455, 0.69137067), (0.86545455, 0.69137067), (0.86545455, 0.69137067), (0.86545455, 0.69137067), (0.86545455, 0.69137067), (0.86545455, 0.69137067), (0.86545455, 0.69137067), (0.85891616, 0.6927387), (0.85891616, 0.6927387), (0.85891616, 0.6927387), (0.85891616, 0.6927387), (0.85891616, 0.6927387), (0.85891616, 0.6927387), (0.85891616, 0.6927387), (0.85891616, 0.6927387), (0.85891616, 0.6927387), (0.85891616, 0.6927387), (0.85891616, 0.6927387), (0.85891616, 0.6927387), (0.85891616, 0.6927387), (0.85891616, 0.6927387), (0.85891616, 0.6927387), (0.85891616, 0.6927387), (0.85891616, 0.6927387), (0.85891616, 0.6927387), (0.85891616, 0.6927387), (0.85891616, 0.6927387), (0.85891616, 0.6927387), (0.85891616, 0.6927387), (0.85891616, 0.6927387), (0.85891616, 0.6927387), (0.85891616, 0.6927387), (0.85891616, 0.6927387), (0.85891616, 0.6927387), (0.85891616, 0.6927387), (0.85891616, 0.6927387), (0.85891616, 0.6927387), (0.85891616, 0.6927387), (0.85891616, 0.6927387), (0.85891616, 0.6927387), (0.85891616, 0.6927387), (0.85891616, 0.6927387), (0.85891616, 0.6927387), (0.85891616, 0.6927387), (0.85891616, 0.6927387), (0.85891616, 0.6927387), (0.85891616, 0.6927387), (0.80239975, 0.6934891), (0.80239975, 0.6934891), (0.80239975, 0.6934891), (0.80239975, 0.6934891), (0.80239975, 0.6934891), (0.80239975, 0.6934891), (0.80239975, 0.6934891), (0.80239975, 0.6934891), (0.80239975, 0.6934891), (0.80239975, 0.6934891), (0.80239975, 0.6934891), (0.80239975, 0.6934891), (0.80239975, 0.6934891), (0.80239975, 0.6934891), (0.80239975, 0.6934891), (0.80239975, 0.6934891), (0.80239975, 0.6934891), (0.80239975, 0.6934891), (0.80239975, 0.6934891), (0.80239975, 0.6934891), (0.80239975, 0.6934891), (0.80239975, 0.6934891), (0.80239975, 0.6934891), (0.80239975, 0.6934891), (0.80239975, 0.6934891), (0.80239975, 0.6934891), (0.80239975, 0.6934891), (0.80239975, 0.6934891), (0.80239975, 0.6934891), (0.80239975, 0.6934891), (0.80239975, 0.6934891), (0.80239975, 0.6934891), (0.80239975, 0.6934891), (0.80239975, 0.6934891), (0.80239975, 0.6934891), (0.80239975, 0.6934891), (0.80239975, 0.6934891), (0.80239975, 0.6934891), (0.80239975, 0.6934891), (0.80239975, 0.6934891), (0.7541842, 0.6996106), (0.7541842, 0.6996106), (0.7541842, 0.6996106), (0.7541842, 0.6996106), (0.7541842, 0.6996106), (0.7541842, 0.6996106), (0.7541842, 0.6996106), (0.7541842, 0.6996106), (0.7541842, 0.6996106), (0.7541842, 0.6996106), (0.7541842, 0.6996106), (0.7541842, 0.6996106), (0.7541842, 0.6996106), (0.7541842, 0.6996106), (0.7541842, 0.6996106), (0.7541842, 0.6996106), (0.7541842, 0.6996106), (0.7541842, 0.6996106), (0.7541842, 0.6996106), (0.7541842, 0.6996106), (0.7541842, 0.6996106), (0.7541842, 0.6996106), (0.7541842, 0.6996106), (0.7541842, 0.6996106), (0.7541842, 0.6996106), (0.7541842, 0.6996106), (0.7541842, 0.6996106), (0.7541842, 0.6996106), (0.7541842, 0.6996106), (0.7541842, 0.6996106), (0.7541842, 0.6996106), (0.7541842, 0.6996106), (0.7541842, 0.6996106), (0.7541842, 0.6996106), (0.7541842, 0.6996106), (0.7541842, 0.6996106), (0.7541842, 0.6996106), (0.7541842, 0.6996106), (0.7541842, 0.6996106), (0.7541842, 0.6996106), (0.9065432, 0.70491475), (0.9065432, 0.70491475), (0.9065432, 0.70491475), (0.9065432, 0.70491475), (0.9065432, 0.70491475), (0.9065432, 0.70491475), (0.9065432, 0.70491475), (0.9065432, 0.70491475), (0.9065432, 0.70491475), (0.9065432, 0.70491475), (0.9065432, 0.70491475), (0.9065432, 0.70491475), (0.9065432, 0.70491475), (0.9065432, 0.70491475), (0.9065432, 0.70491475), (0.9065432, 0.70491475), (0.9065432, 0.70491475), (0.9065432, 0.70491475), (0.9065432, 0.70491475), (0.9065432, 0.70491475), (0.9065432, 0.70491475), (0.9065432, 0.70491475), (0.9065432, 0.70491475), (0.9065432, 0.70491475), (0.9065432, 0.70491475), (0.9065432, 0.70491475), (0.9065432, 0.70491475), (0.9065432, 0.70491475), (0.9065432, 0.70491475), (0.9065432, 0.70491475), (0.9065432, 0.70491475), (0.9065432, 0.70491475), (0.9065432, 0.70491475), (0.9065432, 0.70491475), (0.9065432, 0.70491475), (0.9065432, 0.70491475), (0.9065432, 0.70491475), (0.9065432, 0.70491475), (0.9065432, 0.70491475), (0.9065432, 0.70491475), (0.9461672, 0.711623), (0.9461672, 0.711623), (0.9461672, 0.711623), (0.9461672, 0.711623), (0.9461672, 0.711623), (0.9461672, 0.711623), (0.9461672, 0.711623), (0.9461672, 0.711623), (0.9461672, 0.711623), (0.9461672, 0.711623), (0.9461672, 0.711623), (0.9461672, 0.711623), (0.9461672, 0.711623), (0.9461672, 0.711623), (0.9461672, 0.711623), (0.9461672, 0.711623), (0.9461672, 0.711623), (0.9461672, 0.711623), (0.9461672, 0.711623), (0.9461672, 0.711623), (0.9461672, 0.711623), (0.9461672, 0.711623), (0.9461672, 0.711623), (0.9461672, 0.711623), (0.9461672, 0.711623), (0.9461672, 0.711623), (0.9461672, 0.711623), (0.9461672, 0.711623), (0.9461672, 0.711623), (0.9461672, 0.711623), (0.9461672, 0.711623), (0.9461672, 0.711623), (0.9461672, 0.711623), (0.9461672, 0.711623), (0.9461672, 0.711623), (0.9461672, 0.711623), (0.9461672, 0.711623), (0.9461672, 0.711623), (0.9461672, 0.711623), (0.9461672, 0.711623), (0.86608386, 0.7376954), (0.86608386, 0.7376954), (0.86608386, 0.7376954), (0.86608386, 0.7376954), (0.86608386, 0.7376954), (0.86608386, 0.7376954), (0.86608386, 0.7376954), (0.86608386, 0.7376954), (0.86608386, 0.7376954), (0.86608386, 0.7376954), (0.86608386, 0.7376954), (0.86608386, 0.7376954), (0.86608386, 0.7376954), (0.86608386, 0.7376954), (0.86608386, 0.7376954), (0.86608386, 0.7376954), (0.86608386, 0.7376954), (0.86608386, 0.7376954), (0.86608386, 0.7376954), (0.86608386, 0.7376954), (0.86608386, 0.7376954), (0.86608386, 0.7376954), (0.86608386, 0.7376954), (0.86608386, 0.7376954), (0.86608386, 0.7376954), (0.86608386, 0.7376954), (0.86608386, 0.7376954), (0.86608386, 0.7376954), (0.86608386, 0.7376954), (0.86608386, 0.7376954), (0.86608386, 0.7376954), (0.86608386, 0.7376954), (0.86608386, 0.7376954), (0.86608386, 0.7376954), (0.86608386, 0.7376954), (0.86608386, 0.7376954), (0.86608386, 0.7376954), (0.86608386, 0.7376954), (0.86608386, 0.7376954), (0.86608386, 0.7376954), (0.84934795, 0.7383925), (0.84934795, 0.7383925), (0.84934795, 0.7383925), (0.84934795, 0.7383925), (0.84934795, 0.7383925), (0.84934795, 0.7383925), (0.84934795, 0.7383925), (0.84934795, 0.7383925), (0.84934795, 0.7383925), (0.84934795, 0.7383925), (0.84934795, 0.7383925), (0.84934795, 0.7383925), (0.84934795, 0.7383925), (0.84934795, 0.7383925), (0.84934795, 0.7383925), (0.84934795, 0.7383925), (0.84934795, 0.7383925), (0.84934795, 0.7383925), (0.84934795, 0.7383925), (0.84934795, 0.7383925), (0.84934795, 0.7383925), (0.84934795, 0.7383925), (0.84934795, 0.7383925), (0.84934795, 0.7383925), (0.84934795, 0.7383925), (0.84934795, 0.7383925), (0.84934795, 0.7383925), (0.84934795, 0.7383925), (0.84934795, 0.7383925), (0.84934795, 0.7383925), (0.84934795, 0.7383925), (0.84934795, 0.7383925), (0.84934795, 0.7383925), (0.84934795, 0.7383925), (0.84934795, 0.7383925), (0.84934795, 0.7383925), (0.84934795, 0.7383925), (0.84934795, 0.7383925), (0.84934795, 0.7383925), (0.84934795, 0.7383925), (0.80563027, 0.7388566), (0.80563027, 0.7388566), (0.80563027, 0.7388566), (0.80563027, 0.7388566), (0.80563027, 0.7388566), (0.80563027, 0.7388566), (0.80563027, 0.7388566), (0.80563027, 0.7388566), (0.80563027, 0.7388566), (0.80563027, 0.7388566), (0.80563027, 0.7388566), (0.80563027, 0.7388566), (0.80563027, 0.7388566), (0.80563027, 0.7388566), (0.80563027, 0.7388566), (0.80563027, 0.7388566), (0.80563027, 0.7388566), (0.80563027, 0.7388566), (0.80563027, 0.7388566), (0.80563027, 0.7388566), (0.80563027, 0.7388566), (0.80563027, 0.7388566), (0.80563027, 0.7388566), (0.80563027, 0.7388566), (0.80563027, 0.7388566), (0.80563027, 0.7388566), (0.80563027, 0.7388566), (0.80563027, 0.7388566), (0.80563027, 0.7388566), (0.80563027, 0.7388566), (0.80563027, 0.7388566), (0.80563027, 0.7388566), (0.80563027, 0.7388566), (0.80563027, 0.7388566), (0.80563027, 0.7388566), (0.80563027, 0.7388566), (0.80563027, 0.7388566), (0.80563027, 0.7388566), (0.80563027, 0.7388566), (0.80563027, 0.7388566), (0.74189276, 0.7393208), (0.74189276, 0.7393208), (0.74189276, 0.7393208), (0.74189276, 0.7393208), (0.74189276, 0.7393208), (0.74189276, 0.7393208), (0.74189276, 0.7393208), (0.74189276, 0.7393208), (0.74189276, 0.7393208), (0.74189276, 0.7393208), (0.74189276, 0.7393208), (0.74189276, 0.7393208), (0.74189276, 0.7393208), (0.74189276, 0.7393208), (0.74189276, 0.7393208), (0.74189276, 0.7393208), (0.74189276, 0.7393208), (0.74189276, 0.7393208), (0.74189276, 0.7393208), (0.74189276, 0.7393208), (0.74189276, 0.7393208), (0.74189276, 0.7393208), (0.74189276, 0.7393208), (0.74189276, 0.7393208), (0.74189276, 0.7393208), (0.74189276, 0.7393208), (0.74189276, 0.7393208), (0.74189276, 0.7393208), (0.74189276, 0.7393208), (0.74189276, 0.7393208), (0.74189276, 0.7393208), (0.74189276, 0.7393208), (0.74189276, 0.7393208), (0.74189276, 0.7393208), (0.74189276, 0.7393208), (0.74189276, 0.7393208), (0.74189276, 0.7393208), (0.74189276, 0.7393208), (0.74189276, 0.7393208), (0.74189276, 0.7393208), (0.9172459, 0.73956066), (0.9172459, 0.73956066), (0.9172459, 0.73956066), (0.9172459, 0.73956066), (0.9172459, 0.73956066), (0.9172459, 0.73956066), (0.9172459, 0.73956066), (0.9172459, 0.73956066), (0.9172459, 0.73956066), (0.9172459, 0.73956066), (0.9172459, 0.73956066), (0.9172459, 0.73956066), (0.9172459, 0.73956066), (0.9172459, 0.73956066), (0.9172459, 0.73956066), (0.9172459, 0.73956066), (0.9172459, 0.73956066), (0.9172459, 0.73956066), (0.9172459, 0.73956066), (0.9172459, 0.73956066), (0.9172459, 0.73956066), (0.9172459, 0.73956066), (0.9172459, 0.73956066), (0.9172459, 0.73956066), (0.9172459, 0.73956066), (0.9172459, 0.73956066), (0.9172459, 0.73956066), (0.9172459, 0.73956066), (0.9172459, 0.73956066), (0.9172459, 0.73956066), (0.9172459, 0.73956066), (0.9172459, 0.73956066), (0.9172459, 0.73956066), (0.9172459, 0.73956066), (0.9172459, 0.73956066), (0.9172459, 0.73956066), (0.9172459, 0.73956066), (0.9172459, 0.73956066), (0.9172459, 0.73956066), (0.9172459, 0.73956066), (0.95405185, 0.73975474), (0.95405185, 0.73975474), (0.95405185, 0.73975474), (0.95405185, 0.73975474), (0.95405185, 0.73975474), (0.95405185, 0.73975474), (0.95405185, 0.73975474), (0.95405185, 0.73975474), (0.95405185, 0.73975474), (0.95405185, 0.73975474), (0.95405185, 0.73975474), (0.95405185, 0.73975474), (0.95405185, 0.73975474), (0.95405185, 0.73975474), (0.95405185, 0.73975474), (0.95405185, 0.73975474), (0.95405185, 0.73975474), (0.95405185, 0.73975474), (0.95405185, 0.73975474), (0.95405185, 0.73975474), (0.95405185, 0.73975474), (0.95405185, 0.73975474), (0.95405185, 0.73975474), (0.95405185, 0.73975474), (0.95405185, 0.73975474), (0.95405185, 0.73975474), (0.95405185, 0.73975474), (0.95405185, 0.73975474), (0.95405185, 0.73975474), (0.95405185, 0.73975474), (0.95405185, 0.73975474), (0.95405185, 0.73975474), (0.95405185, 0.73975474), (0.95405185, 0.73975474), (0.95405185, 0.73975474), (0.95405185, 0.73975474), (0.95405185, 0.73975474), (0.95405185, 0.73975474), (0.95405185, 0.73975474), (0.95405185, 0.73975474), (0.95280576, 0.77430737), (0.95280576, 0.77430737), (0.95280576, 0.77430737), (0.95280576, 0.77430737), (0.95280576, 0.77430737), (0.95280576, 0.77430737), (0.95280576, 0.77430737), (0.95280576, 0.77430737), (0.95280576, 0.77430737), (0.95280576, 0.77430737), (0.95280576, 0.77430737), (0.95280576, 0.77430737), (0.95280576, 0.77430737), (0.95280576, 0.77430737), (0.95280576, 0.77430737), (0.95280576, 0.77430737), (0.95280576, 0.77430737), (0.95280576, 0.77430737), (0.95280576, 0.77430737), (0.95280576, 0.77430737), (0.95280576, 0.77430737), (0.95280576, 0.77430737), (0.95280576, 0.77430737), (0.95280576, 0.77430737), (0.95280576, 0.77430737), (0.95280576, 0.77430737), (0.95280576, 0.77430737), (0.95280576, 0.77430737), (0.95280576, 0.77430737), (0.95280576, 0.77430737), (0.95280576, 0.77430737), (0.95280576, 0.77430737), (0.95280576, 0.77430737), (0.95280576, 0.77430737), (0.95280576, 0.77430737), (0.95280576, 0.77430737), (0.95280576, 0.77430737), (0.95280576, 0.77430737), (0.95280576, 0.77430737), (0.95280576, 0.77430737), (0.9167898, 0.78013635), (0.9167898, 0.78013635), (0.9167898, 0.78013635), (0.9167898, 0.78013635), (0.9167898, 0.78013635), (0.9167898, 0.78013635), (0.9167898, 0.78013635), (0.9167898, 0.78013635), (0.9167898, 0.78013635), (0.9167898, 0.78013635), (0.9167898, 0.78013635), (0.9167898, 0.78013635), (0.9167898, 0.78013635), (0.9167898, 0.78013635), (0.9167898, 0.78013635), (0.9167898, 0.78013635), (0.9167898, 0.78013635), (0.9167898, 0.78013635), (0.9167898, 0.78013635), (0.9167898, 0.78013635), (0.9167898, 0.78013635), (0.9167898, 0.78013635), (0.9167898, 0.78013635), (0.9167898, 0.78013635), (0.9167898, 0.78013635), (0.9167898, 0.78013635), (0.9167898, 0.78013635), (0.9167898, 0.78013635), (0.9167898, 0.78013635), (0.9167898, 0.78013635), (0.9167898, 0.78013635), (0.9167898, 0.78013635), (0.9167898, 0.78013635), (0.9167898, 0.78013635), (0.9167898, 0.78013635), (0.9167898, 0.78013635), (0.9167898, 0.78013635), (0.9167898, 0.78013635), (0.9167898, 0.78013635), (0.9167898, 0.78013635), (0.846928, 0.7805025), (0.846928, 0.7805025), (0.846928, 0.7805025), (0.846928, 0.7805025), (0.846928, 0.7805025), (0.846928, 0.7805025), (0.846928, 0.7805025), (0.846928, 0.7805025), (0.846928, 0.7805025), (0.846928, 0.7805025), (0.846928, 0.7805025), (0.846928, 0.7805025), (0.846928, 0.7805025), (0.846928, 0.7805025), (0.846928, 0.7805025), (0.846928, 0.7805025), (0.846928, 0.7805025), (0.846928, 0.7805025), (0.846928, 0.7805025), (0.846928, 0.7805025), (0.846928, 0.7805025), (0.846928, 0.7805025), (0.846928, 0.7805025), (0.846928, 0.7805025), (0.846928, 0.7805025), (0.846928, 0.7805025), (0.846928, 0.7805025), (0.846928, 0.7805025), (0.846928, 0.7805025), (0.846928, 0.7805025), (0.846928, 0.7805025), (0.846928, 0.7805025), (0.846928, 0.7805025), (0.846928, 0.7805025), (0.846928, 0.7805025), (0.846928, 0.7805025), (0.846928, 0.7805025), (0.846928, 0.7805025), (0.846928, 0.7805025), (0.846928, 0.7805025), (0.86511576, 0.78174156), (0.86511576, 0.78174156), (0.86511576, 0.78174156), (0.86511576, 0.78174156), (0.86511576, 0.78174156), (0.86511576, 0.78174156), (0.86511576, 0.78174156), (0.86511576, 0.78174156), (0.86511576, 0.78174156), (0.86511576, 0.78174156), (0.86511576, 0.78174156), (0.86511576, 0.78174156), (0.86511576, 0.78174156), (0.86511576, 0.78174156), (0.86511576, 0.78174156), (0.86511576, 0.78174156), (0.86511576, 0.78174156), (0.86511576, 0.78174156), (0.86511576, 0.78174156), (0.86511576, 0.78174156), (0.86511576, 0.78174156), (0.86511576, 0.78174156), (0.86511576, 0.78174156), (0.86511576, 0.78174156), (0.86511576, 0.78174156), (0.86511576, 0.78174156), (0.86511576, 0.78174156), (0.86511576, 0.78174156), (0.86511576, 0.78174156), (0.86511576, 0.78174156), (0.86511576, 0.78174156), (0.86511576, 0.78174156), (0.86511576, 0.78174156), (0.86511576, 0.78174156), (0.86511576, 0.78174156), (0.86511576, 0.78174156), (0.86511576, 0.78174156), (0.86511576, 0.78174156), (0.86511576, 0.78174156), (0.86511576, 0.78174156), (0.7963621, 0.7827582), (0.7963621, 0.7827582), (0.7963621, 0.7827582), (0.7963621, 0.7827582), (0.7963621, 0.7827582), (0.7963621, 0.7827582), (0.7963621, 0.7827582), (0.7963621, 0.7827582), (0.7963621, 0.7827582), (0.7963621, 0.7827582), (0.7963621, 0.7827582), (0.7963621, 0.7827582), (0.7963621, 0.7827582), (0.7963621, 0.7827582), (0.7963621, 0.7827582), (0.7963621, 0.7827582), (0.7963621, 0.7827582), (0.7963621, 0.7827582), (0.7963621, 0.7827582), (0.7963621, 0.7827582), (0.7963621, 0.7827582), (0.7963621, 0.7827582), (0.7963621, 0.7827582), (0.7963621, 0.7827582), (0.7963621, 0.7827582), (0.7963621, 0.7827582), (0.7963621, 0.7827582), (0.7963621, 0.7827582), (0.7963621, 0.7827582), (0.7963621, 0.7827582), (0.7963621, 0.7827582), (0.7963621, 0.7827582), (0.7963621, 0.7827582), (0.7963621, 0.7827582), (0.7963621, 0.7827582), (0.7963621, 0.7827582), (0.7963621, 0.7827582), (0.7963621, 0.7827582), (0.7963621, 0.7827582), (0.7963621, 0.7827582), (0.7501905, 0.7855019), (0.7501905, 0.7855019), (0.7501905, 0.7855019), (0.7501905, 0.7855019), (0.7501905, 0.7855019), (0.7501905, 0.7855019), (0.7501905, 0.7855019), (0.7501905, 0.7855019), (0.7501905, 0.7855019), (0.7501905, 0.7855019), (0.7501905, 0.7855019), (0.7501905, 0.7855019), (0.7501905, 0.7855019), (0.7501905, 0.7855019), (0.7501905, 0.7855019), (0.7501905, 0.7855019), (0.7501905, 0.7855019), (0.7501905, 0.7855019), (0.7501905, 0.7855019), (0.7501905, 0.7855019), (0.7501905, 0.7855019), (0.7501905, 0.7855019), (0.7501905, 0.7855019), (0.7501905, 0.7855019), (0.7501905, 0.7855019), (0.7501905, 0.7855019), (0.7501905, 0.7855019), (0.7501905, 0.7855019), (0.7501905, 0.7855019), (0.7501905, 0.7855019), (0.7501905, 0.7855019), (0.7501905, 0.7855019), (0.7501905, 0.7855019), (0.7501905, 0.7855019), (0.7501905, 0.7855019), (0.7501905, 0.7855019), (0.7501905, 0.7855019), (0.7501905, 0.7855019), (0.7501905, 0.7855019), (0.7501905, 0.7855019), (0.7700038, 0.8386468), (0.7700038, 0.8386468), (0.7700038, 0.8386468), (0.7700038, 0.8386468), (0.7700038, 0.8386468), (0.7700038, 0.8386468), (0.7700038, 0.8386468), (0.7700038, 0.8386468), (0.7700038, 0.8386468), (0.7700038, 0.8386468), (0.7700038, 0.8386468), (0.7700038, 0.8386468), (0.7700038, 0.8386468), (0.7700038, 0.8386468), (0.7700038, 0.8386468), (0.7700038, 0.8386468), (0.7700038, 0.8386468), (0.7700038, 0.8386468), (0.7700038, 0.8386468), (0.7700038, 0.8386468), (0.7700038, 0.8386468), (0.7700038, 0.8386468), (0.7700038, 0.8386468), (0.7700038, 0.8386468), (0.7700038, 0.8386468), (0.7700038, 0.8386468), (0.7700038, 0.8386468), (0.7700038, 0.8386468), (0.7700038, 0.8386468), (0.7700038, 0.8386468), (0.7700038, 0.8386468), (0.7700038, 0.8386468), (0.7700038, 0.8386468), (0.7700038, 0.8386468), (0.7700038, 0.8386468), (0.7700038, 0.8386468), (0.7700038, 0.8386468), (0.7700038, 0.8386468), (0.7700038, 0.8386468), (0.7700038, 0.8386468), (0.8617277, 0.83885634), (0.8617277, 0.83885634), (0.8617277, 0.83885634), (0.8617277, 0.83885634), (0.8617277, 0.83885634), (0.8617277, 0.83885634), (0.8617277, 0.83885634), (0.8617277, 0.83885634), (0.8617277, 0.83885634), (0.8617277, 0.83885634), (0.8617277, 0.83885634), (0.8617277, 0.83885634), (0.8617277, 0.83885634), (0.8617277, 0.83885634), (0.8617277, 0.83885634), (0.8617277, 0.83885634), (0.8617277, 0.83885634), (0.8617277, 0.83885634), (0.8617277, 0.83885634), (0.8617277, 0.83885634), (0.8617277, 0.83885634), (0.8617277, 0.83885634), (0.8617277, 0.83885634), (0.8617277, 0.83885634), (0.8617277, 0.83885634), (0.8617277, 0.83885634), (0.8617277, 0.83885634), (0.8617277, 0.83885634), (0.8617277, 0.83885634), (0.8617277, 0.83885634), (0.8617277, 0.83885634), (0.8617277, 0.83885634), (0.8617277, 0.83885634), (0.8617277, 0.83885634), (0.8617277, 0.83885634), (0.8617277, 0.83885634), (0.8617277, 0.83885634), (0.8617277, 0.83885634), (0.8617277, 0.83885634), (0.8617277, 0.83885634), (0.80333906, 0.8391002), (0.80333906, 0.8391002), (0.80333906, 0.8391002), (0.80333906, 0.8391002), (0.80333906, 0.8391002), (0.80333906, 0.8391002), (0.80333906, 0.8391002), (0.80333906, 0.8391002), (0.80333906, 0.8391002), (0.80333906, 0.8391002), (0.80333906, 0.8391002), (0.80333906, 0.8391002), (0.80333906, 0.8391002), (0.80333906, 0.8391002), (0.80333906, 0.8391002), (0.80333906, 0.8391002), (0.80333906, 0.8391002), (0.80333906, 0.8391002), (0.80333906, 0.8391002), (0.80333906, 0.8391002), (0.80333906, 0.8391002), (0.80333906, 0.8391002), (0.80333906, 0.8391002), (0.80333906, 0.8391002), (0.80333906, 0.8391002), (0.80333906, 0.8391002), (0.80333906, 0.8391002), (0.80333906, 0.8391002), (0.80333906, 0.8391002), (0.80333906, 0.8391002), (0.80333906, 0.8391002), (0.80333906, 0.8391002), (0.80333906, 0.8391002), (0.80333906, 0.8391002), (0.80333906, 0.8391002), (0.80333906, 0.8391002), (0.80333906, 0.8391002), (0.80333906, 0.8391002), (0.80333906, 0.8391002), (0.80333906, 0.8391002), (0.846928, 0.8395533), (0.846928, 0.8395533), (0.846928, 0.8395533), (0.846928, 0.8395533), (0.846928, 0.8395533), (0.846928, 0.8395533), (0.846928, 0.8395533), (0.846928, 0.8395533), (0.846928, 0.8395533), (0.846928, 0.8395533), (0.846928, 0.8395533), (0.846928, 0.8395533), (0.846928, 0.8395533), (0.846928, 0.8395533), (0.846928, 0.8395533), (0.846928, 0.8395533), (0.846928, 0.8395533), (0.846928, 0.8395533), (0.846928, 0.8395533), (0.846928, 0.8395533), (0.846928, 0.8395533), (0.846928, 0.8395533), (0.846928, 0.8395533), (0.846928, 0.8395533), (0.846928, 0.8395533), (0.846928, 0.8395533), (0.846928, 0.8395533), (0.846928, 0.8395533), (0.846928, 0.8395533), (0.846928, 0.8395533), (0.846928, 0.8395533), (0.846928, 0.8395533), (0.846928, 0.8395533), (0.846928, 0.8395533), (0.846928, 0.8395533), (0.846928, 0.8395533), (0.846928, 0.8395533), (0.846928, 0.8395533), (0.846928, 0.8395533), (0.846928, 0.8395533), (0.8998158, 0.84285223), (0.8998158, 0.84285223), (0.8998158, 0.84285223), (0.8998158, 0.84285223), (0.8998158, 0.84285223), (0.8998158, 0.84285223), (0.8998158, 0.84285223), (0.8998158, 0.84285223), (0.8998158, 0.84285223), (0.8998158, 0.84285223), (0.8998158, 0.84285223), (0.8998158, 0.84285223), (0.8998158, 0.84285223), (0.8998158, 0.84285223), (0.8998158, 0.84285223), (0.8998158, 0.84285223), (0.8998158, 0.84285223), (0.8998158, 0.84285223), (0.8998158, 0.84285223), (0.8998158, 0.84285223), (0.8998158, 0.84285223), (0.8998158, 0.84285223), (0.8998158, 0.84285223), (0.8998158, 0.84285223), (0.8998158, 0.84285223), (0.8998158, 0.84285223), (0.8998158, 0.84285223), (0.8998158, 0.84285223), (0.8998158, 0.84285223), (0.8998158, 0.84285223), (0.8998158, 0.84285223), (0.8998158, 0.84285223), (0.8998158, 0.84285223), (0.8998158, 0.84285223), (0.8998158, 0.84285223), (0.8998158, 0.84285223), (0.8998158, 0.84285223), (0.8998158, 0.84285223), (0.8998158, 0.84285223), (0.8998158, 0.84285223), (0.9349741, 0.84538335), (0.9349741, 0.84538335), (0.9349741, 0.84538335), (0.9349741, 0.84538335), (0.9349741, 0.84538335), (0.9349741, 0.84538335), (0.9349741, 0.84538335), (0.9349741, 0.84538335), (0.9349741, 0.84538335), (0.9349741, 0.84538335), (0.9349741, 0.84538335), (0.9349741, 0.84538335), (0.9349741, 0.84538335), (0.9349741, 0.84538335), (0.9349741, 0.84538335), (0.9349741, 0.84538335), (0.9349741, 0.84538335), (0.9349741, 0.84538335), (0.9349741, 0.84538335), (0.9349741, 0.84538335), (0.9349741, 0.84538335), (0.9349741, 0.84538335), (0.9349741, 0.84538335), (0.9349741, 0.84538335), (0.9349741, 0.84538335), (0.9349741, 0.84538335), (0.9349741, 0.84538335), (0.9349741, 0.84538335), (0.9349741, 0.84538335), (0.9349741, 0.84538335), (0.9349741, 0.84538335), (0.9349741, 0.84538335), (0.9349741, 0.84538335), (0.9349741, 0.84538335), (0.9349741, 0.84538335), (0.9349741, 0.84538335), (0.9349741, 0.84538335), (0.9349741, 0.84538335), (0.9349741, 0.84538335), (0.9349741, 0.84538335), (0.85904306, 0.8878806), (0.85904306, 0.8878806), (0.85904306, 0.8878806), (0.85904306, 0.8878806), (0.85904306, 0.8878806), (0.85904306, 0.8878806), (0.85904306, 0.8878806), (0.85904306, 0.8878806), (0.85904306, 0.8878806), (0.85904306, 0.8878806), (0.85904306, 0.8878806), (0.85904306, 0.8878806), (0.85904306, 0.8878806), (0.85904306, 0.8878806), (0.85904306, 0.8878806), (0.85904306, 0.8878806), (0.85904306, 0.8878806), (0.85904306, 0.8878806), (0.85904306, 0.8878806), (0.85904306, 0.8878806), (0.85904306, 0.8878806), (0.85904306, 0.8878806), (0.85904306, 0.8878806), (0.85904306, 0.8878806), (0.85904306, 0.8878806), (0.85904306, 0.8878806), (0.85904306, 0.8878806), (0.85904306, 0.8878806), (0.85904306, 0.8878806), (0.85904306, 0.8878806), (0.85904306, 0.8878806), (0.85904306, 0.8878806), (0.85904306, 0.8878806), (0.85904306, 0.8878806), (0.85904306, 0.8878806), (0.85904306, 0.8878806), (0.85904306, 0.8878806), (0.85904306, 0.8878806), (0.85904306, 0.8878806), (0.85904306, 0.8878806), (0.8466276, 0.8899631), (0.8466276, 0.8899631), (0.8466276, 0.8899631), (0.8466276, 0.8899631), (0.8466276, 0.8899631), (0.8466276, 0.8899631), (0.8466276, 0.8899631), (0.8466276, 0.8899631), (0.8466276, 0.8899631), (0.8466276, 0.8899631), (0.8466276, 0.8899631), (0.8466276, 0.8899631), (0.8466276, 0.8899631), (0.8466276, 0.8899631), (0.8466276, 0.8899631), (0.8466276, 0.8899631), (0.8466276, 0.8899631), (0.8466276, 0.8899631), (0.8466276, 0.8899631), (0.8466276, 0.8899631), (0.8466276, 0.8899631), (0.8466276, 0.8899631), (0.8466276, 0.8899631), (0.8466276, 0.8899631), (0.8466276, 0.8899631), (0.8466276, 0.8899631), (0.8466276, 0.8899631), (0.8466276, 0.8899631), (0.8466276, 0.8899631), (0.8466276, 0.8899631), (0.8466276, 0.8899631), (0.8466276, 0.8899631), (0.8466276, 0.8899631), (0.8466276, 0.8899631), (0.8466276, 0.8899631), (0.8466276, 0.8899631), (0.8466276, 0.8899631), (0.8466276, 0.8899631), (0.8466276, 0.8899631), (0.8466276, 0.8899631), (0.79249126, 0.8903478), (0.79249126, 0.8903478), (0.79249126, 0.8903478), (0.79249126, 0.8903478), (0.79249126, 0.8903478), (0.79249126, 0.8903478), (0.79249126, 0.8903478), (0.79249126, 0.8903478), (0.79249126, 0.8903478), (0.79249126, 0.8903478), (0.79249126, 0.8903478), (0.79249126, 0.8903478), (0.79249126, 0.8903478), (0.79249126, 0.8903478), (0.79249126, 0.8903478), (0.79249126, 0.8903478), (0.79249126, 0.8903478), (0.79249126, 0.8903478), (0.79249126, 0.8903478), (0.79249126, 0.8903478), (0.79249126, 0.8903478), (0.79249126, 0.8903478), (0.79249126, 0.8903478), (0.79249126, 0.8903478), (0.79249126, 0.8903478), (0.79249126, 0.8903478), (0.79249126, 0.8903478), (0.79249126, 0.8903478), (0.79249126, 0.8903478), (0.79249126, 0.8903478), (0.79249126, 0.8903478), (0.79249126, 0.8903478), (0.79249126, 0.8903478), (0.79249126, 0.8903478), (0.79249126, 0.8903478), (0.79249126, 0.8903478), (0.79249126, 0.8903478), (0.79249126, 0.8903478), (0.79249126, 0.8903478), (0.79249126, 0.8903478), (0.8246864, 0.89210844), (0.8246864, 0.89210844), (0.8246864, 0.89210844), (0.8246864, 0.89210844), (0.8246864, 0.89210844), (0.8246864, 0.89210844), (0.8246864, 0.89210844), (0.8246864, 0.89210844), (0.8246864, 0.89210844), (0.8246864, 0.89210844), (0.8246864, 0.89210844), (0.8246864, 0.89210844), (0.8246864, 0.89210844), (0.8246864, 0.89210844), (0.8246864, 0.89210844), (0.8246864, 0.89210844), (0.8246864, 0.89210844), (0.8246864, 0.89210844), (0.8246864, 0.89210844), (0.8246864, 0.89210844), (0.8246864, 0.89210844), (0.8246864, 0.89210844), (0.8246864, 0.89210844), (0.8246864, 0.89210844), (0.8246864, 0.89210844), (0.8246864, 0.89210844), (0.8246864, 0.89210844), (0.8246864, 0.89210844), (0.8246864, 0.89210844), (0.8246864, 0.89210844), (0.8246864, 0.89210844), (0.8246864, 0.89210844), (0.8246864, 0.89210844), (0.8246864, 0.89210844), (0.8246864, 0.89210844), (0.8246864, 0.89210844), (0.8246864, 0.89210844), (0.8246864, 0.89210844), (0.8246864, 0.89210844), (0.8246864, 0.89210844), (0.88268864, 0.89393014), (0.88268864, 0.89393014), (0.88268864, 0.89393014), (0.88268864, 0.89393014), (0.88268864, 0.89393014), (0.88268864, 0.89393014), (0.88268864, 0.89393014), (0.88268864, 0.89393014), (0.88268864, 0.89393014), (0.88268864, 0.89393014), (0.88268864, 0.89393014), (0.88268864, 0.89393014), (0.88268864, 0.89393014), (0.88268864, 0.89393014), (0.88268864, 0.89393014), (0.88268864, 0.89393014), (0.88268864, 0.89393014), (0.88268864, 0.89393014), (0.88268864, 0.89393014), (0.88268864, 0.89393014), (0.88268864, 0.89393014), (0.88268864, 0.89393014), (0.88268864, 0.89393014), (0.88268864, 0.89393014), (0.88268864, 0.89393014), (0.88268864, 0.89393014), (0.88268864, 0.89393014), (0.88268864, 0.89393014), (0.88268864, 0.89393014), (0.88268864, 0.89393014), (0.88268864, 0.89393014), (0.88268864, 0.89393014), (0.88268864, 0.89393014), (0.88268864, 0.89393014), (0.88268864, 0.89393014), (0.88268864, 0.89393014), (0.88268864, 0.89393014), (0.88268864, 0.89393014), (0.88268864, 0.89393014), (0.88268864, 0.89393014), (0.9209826, 0.90242106), (0.9209826, 0.90242106), (0.9209826, 0.90242106), (0.9209826, 0.90242106), (0.9209826, 0.90242106), (0.9209826, 0.90242106), (0.9209826, 0.90242106), (0.9209826, 0.90242106), (0.9209826, 0.90242106), (0.9209826, 0.90242106), (0.9209826, 0.90242106), (0.9209826, 0.90242106), (0.9209826, 0.90242106), (0.9209826, 0.90242106), (0.9209826, 0.90242106), (0.9209826, 0.90242106), (0.9209826, 0.90242106), (0.9209826, 0.90242106), (0.9209826, 0.90242106), (0.9209826, 0.90242106), (0.9209826, 0.90242106), (0.9209826, 0.90242106), (0.9209826, 0.90242106), (0.9209826, 0.90242106), (0.9209826, 0.90242106), (0.9209826, 0.90242106), (0.9209826, 0.90242106), (0.9209826, 0.90242106), (0.9209826, 0.90242106), (0.9209826, 0.90242106), (0.9209826, 0.90242106), (0.9209826, 0.90242106), (0.9209826, 0.90242106), (0.9209826, 0.90242106), (0.9209826, 0.90242106), (0.9209826, 0.90242106), (0.9209826, 0.90242106), (0.9209826, 0.90242106), (0.9209826, 0.90242106), (0.9209826, 0.90242106), (0.80588305, 0.9401106), (0.80588305, 0.9401106), (0.80588305, 0.9401106), (0.80588305, 0.9401106), (0.80588305, 0.9401106), (0.80588305, 0.9401106), (0.80588305, 0.9401106), (0.80588305, 0.9401106), (0.80588305, 0.9401106), (0.80588305, 0.9401106), (0.80588305, 0.9401106), (0.80588305, 0.9401106), (0.80588305, 0.9401106), (0.80588305, 0.9401106), (0.80588305, 0.9401106), (0.80588305, 0.9401106), (0.80588305, 0.9401106), (0.80588305, 0.9401106), (0.80588305, 0.9401106), (0.80588305, 0.9401106), (0.80588305, 0.9401106), (0.80588305, 0.9401106), (0.80588305, 0.9401106), (0.80588305, 0.9401106), (0.80588305, 0.9401106), (0.80588305, 0.9401106), (0.80588305, 0.9401106), (0.80588305, 0.9401106), (0.80588305, 0.9401106), (0.80588305, 0.9401106), (0.80588305, 0.9401106), (0.80588305, 0.9401106), (0.80588305, 0.9401106), (0.80588305, 0.9401106), (0.80588305, 0.9401106), (0.80588305, 0.9401106), (0.80588305, 0.9401106), (0.80588305, 0.9401106), (0.80588305, 0.9401106), (0.80588305, 0.9401106), (0.8929523, 0.94404155), (0.8929523, 0.94404155), (0.8929523, 0.94404155), (0.8929523, 0.94404155), (0.8929523, 0.94404155), (0.8929523, 0.94404155), (0.8929523, 0.94404155), (0.8929523, 0.94404155), (0.8929523, 0.94404155), (0.8929523, 0.94404155), (0.8929523, 0.94404155), (0.8929523, 0.94404155), (0.8929523, 0.94404155), (0.8929523, 0.94404155), (0.8929523, 0.94404155), (0.8929523, 0.94404155), (0.8929523, 0.94404155), (0.8929523, 0.94404155), (0.8929523, 0.94404155), (0.8929523, 0.94404155), (0.8929523, 0.94404155), (0.8929523, 0.94404155), (0.8929523, 0.94404155), (0.8929523, 0.94404155), (0.8929523, 0.94404155), (0.8929523, 0.94404155), (0.8929523, 0.94404155), (0.8929523, 0.94404155), (0.8929523, 0.94404155), (0.8929523, 0.94404155), (0.8929523, 0.94404155), (0.8929523, 0.94404155), (0.8929523, 0.94404155), (0.8929523, 0.94404155), (0.8929523, 0.94404155), (0.8929523, 0.94404155), (0.8929523, 0.94404155), (0.8929523, 0.94404155), (0.8929523, 0.94404155), (0.8929523, 0.94404155), (0.82714534, 0.9543311), (0.82714534, 0.9543311), (0.82714534, 0.9543311), (0.82714534, 0.9543311), (0.82714534, 0.9543311), (0.82714534, 0.9543311), (0.82714534, 0.9543311), (0.82714534, 0.9543311), (0.82714534, 0.9543311), (0.82714534, 0.9543311), (0.82714534, 0.9543311), (0.82714534, 0.9543311), (0.82714534, 0.9543311), (0.82714534, 0.9543311), (0.82714534, 0.9543311), (0.82714534, 0.9543311), (0.82714534, 0.9543311), (0.82714534, 0.9543311), (0.82714534, 0.9543311), (0.82714534, 0.9543311), (0.82714534, 0.9543311), (0.82714534, 0.9543311), (0.82714534, 0.9543311), (0.82714534, 0.9543311), (0.82714534, 0.9543311), (0.82714534, 0.9543311), (0.82714534, 0.9543311), (0.82714534, 0.9543311), (0.82714534, 0.9543311), (0.82714534, 0.9543311), (0.82714534, 0.9543311), (0.82714534, 0.9543311), (0.82714534, 0.9543311), (0.82714534, 0.9543311), (0.82714534, 0.9543311), (0.82714534, 0.9543311), (0.82714534, 0.9543311), (0.82714534, 0.9543311), (0.82714534, 0.9543311), (0.82714534, 0.9543311), (0.87343496, 0.95550233), (0.87343496, 0.95550233), (0.87343496, 0.95550233), (0.87343496, 0.95550233), (0.87343496, 0.95550233), (0.87343496, 0.95550233), (0.87343496, 0.95550233), (0.87343496, 0.95550233), (0.87343496, 0.95550233), (0.87343496, 0.95550233), (0.87343496, 0.95550233), (0.87343496, 0.95550233), (0.87343496, 0.95550233), (0.87343496, 0.95550233), (0.87343496, 0.95550233), (0.87343496, 0.95550233), (0.87343496, 0.95550233), (0.87343496, 0.95550233), (0.87343496, 0.95550233), (0.87343496, 0.95550233), (0.87343496, 0.95550233), (0.87343496, 0.95550233), (0.87343496, 0.95550233), (0.87343496, 0.95550233), (0.87343496, 0.95550233), (0.87343496, 0.95550233), (0.87343496, 0.95550233), (0.87343496, 0.95550233), (0.87343496, 0.95550233), (0.87343496, 0.95550233), (0.87343496, 0.95550233), (0.87343496, 0.95550233), (0.87343496, 0.95550233), (0.87343496, 0.95550233), (0.87343496, 0.95550233), (0.87343496, 0.95550233), (0.87343496, 0.95550233), (0.87343496, 0.95550233), (0.87343496, 0.95550233), (0.87343496, 0.95550233), (0.85765314, 0.9694353), (0.85765314, 0.9694353), (0.85765314, 0.9694353), (0.85765314, 0.9694353), (0.85765314, 0.9694353), (0.85765314, 0.9694353), (0.85765314, 0.9694353), (0.85765314, 0.9694353), (0.85765314, 0.9694353), (0.85765314, 0.9694353), (0.85765314, 0.9694353), (0.85765314, 0.9694353), (0.85765314, 0.9694353), (0.85765314, 0.9694353), (0.85765314, 0.9694353), (0.85765314, 0.9694353), (0.85765314, 0.9694353), (0.85765314, 0.9694353), (0.85765314, 0.9694353), (0.85765314, 0.9694353), (0.85765314, 0.9694353), (0.85765314, 0.9694353), (0.85765314, 0.9694353), (0.85765314, 0.9694353), (0.85765314, 0.9694353), (0.85765314, 0.9694353), (0.85765314, 0.9694353), (0.85765314, 0.9694353), (0.85765314, 0.9694353), (0.85765314, 0.9694353), (0.85765314, 0.9694353), (0.85765314, 0.9694353), (0.85765314, 0.9694353), (0.85765314, 0.9694353), (0.85765314, 0.9694353), (0.85765314, 0.9694353), (0.85765314, 0.9694353), (0.85765314, 0.9694353), (0.85765314, 0.9694353), (0.85765314, 0.9694353), (0.8440132, 0.9705049), (0.8440132, 0.9705049), (0.8440132, 0.9705049), (0.8440132, 0.9705049), (0.8440132, 0.9705049), (0.8440132, 0.9705049), (0.8440132, 0.9705049), (0.8440132, 0.9705049), (0.8440132, 0.9705049), (0.8440132, 0.9705049), (0.8440132, 0.9705049), (0.8440132, 0.9705049), (0.8440132, 0.9705049), (0.8440132, 0.9705049), (0.8440132, 0.9705049), (0.8440132, 0.9705049), (0.8440132, 0.9705049), (0.8440132, 0.9705049), (0.8440132, 0.9705049), (0.8440132, 0.9705049), (0.8440132, 0.9705049), (0.8440132, 0.9705049), (0.8440132, 0.9705049), (0.8440132, 0.9705049), (0.8440132, 0.9705049), (0.8440132, 0.9705049), (0.8440132, 0.9705049), (0.8440132, 0.9705049), (0.8440132, 0.9705049), (0.8440132, 0.9705049), (0.8440132, 0.9705049), (0.8440132, 0.9705049), (0.8440132, 0.9705049), (0.8440132, 0.9705049), (0.8440132, 0.9705049), (0.8440132, 0.9705049), (0.8440132, 0.9705049), (0.8440132, 0.9705049), (0.8440132, 0.9705049), (0.8440132, 0.9705049)] (
                        interpolation = "faceVarying"
                    )
                    int[] primvars:st:indices = [80, 104, 108, 60, 84, 88, 64, 88, 92, 68, 92, 96, 100, 68, 96, 104, 72, 100, 80, 48, 76, 32, 56, 60, 36, 60, 64, 40, 64, 68, 44, 68, 72, 76, 44, 72, 24, 48, 52, 4, 28, 32, 36, 4, 32, 40, 8, 36, 16, 40, 44, 20, 44, 48, 392, 592, 632, 672, 472, 432, 752, 552, 792, 792, 872, 752, 672, 912, 992, 632, 952, 912, 872, 1272, 1232, 912, 1152, 992, 912, 1112, 1192, 1232, 1512, 1472, 1152, 1352, 1432, 1192, 1312, 1352, 1472, 1592, 1672, 1352, 1632, 1432, 1352, 1712, 1752, 392, 312, 352, 272, 232, 312, 192, 152, 232, 1312, 1672, 1712, 1232, 1312, 1112, 952, 1232, 1112, 752, 952, 592, 592, 512, 752, 1432, 1552, 1392, 1152, 1392, 1072, 992, 1072, 1032, 672, 1032, 712, 632, 432, 392, 393, 593, 633, 673, 473, 433, 753, 553, 793, 793, 873, 753, 673, 913, 993, 633, 953, 913, 873, 1273, 1233, 913, 1153, 993, 913, 1113, 1193, 1233, 1513, 1473, 1153, 1353, 1433, 1193, 1313, 1353, 1473, 1593, 1673, 1353, 1633, 1433, 1353, 1713, 1753, 393, 313, 353, 273, 233, 313, 193, 153, 233, 1313, 1673, 1713, 1233, 1313, 1113, 953, 1233, 1113, 753, 953, 593, 593, 513, 753, 1433, 1553, 1393, 1153, 1393, 1073, 993, 1073, 1033, 673, 1033, 713, 633, 433, 393, 394, 594, 634, 674, 474, 434, 754, 554, 794, 794, 874, 754, 674, 914, 994, 634, 954, 914, 874, 1274, 1234, 914, 1154, 994, 914, 1114, 1194, 1234, 1514, 1474, 1154, 1354, 1434, 1194, 1314, 1354, 1474, 1594, 1674, 1354, 1634, 1434, 1354, 1714, 1754, 394, 314, 354, 274, 234, 314, 194, 154, 234, 1314, 1674, 1714, 1234, 1314, 1114, 954, 1234, 1114, 754, 954, 594, 594, 514, 754, 1434, 1554, 1394, 1154, 1394, 1074, 994, 1074, 1034, 674, 1034, 714, 634, 434, 394, 395, 595, 635, 675, 475, 435, 755, 555, 795, 795, 875, 755, 675, 915, 995, 635, 955, 915, 875, 1275, 1235, 915, 1155, 995, 915, 1115, 1195, 1235, 1515, 1475, 1155, 1355, 1435, 1195, 1315, 1355, 1475, 1595, 1675, 1355, 1635, 1435, 1355, 1715, 1755, 395, 315, 355, 275, 235, 315, 195, 155, 235, 1315, 1675, 1715, 1235, 1315, 1115, 955, 1235, 1115, 755, 955, 595, 595, 515, 755, 1435, 1555, 1395, 1155, 1395, 1075, 995, 1075, 1035, 675, 1035, 715, 635, 435, 395, 396, 596, 636, 676, 476, 436, 756, 556, 796, 796, 876, 756, 676, 916, 996, 636, 956, 916, 876, 1276, 1236, 916, 1156, 996, 916, 1116, 1196, 1236, 1516, 1476, 1156, 1356, 1436, 1196, 1316, 1356, 1476, 1596, 1676, 1356, 1636, 1436, 1356, 1716, 1756, 396, 316, 356, 276, 236, 316, 196, 156, 236, 1316, 1676, 1716, 1236, 1316, 1116, 956, 1236, 1116, 756, 956, 596, 596, 516, 756, 1436, 1556, 1396, 1156, 1396, 1076, 996, 1076, 1036, 676, 1036, 716, 636, 436, 396, 397, 597, 637, 677, 477, 437, 757, 557, 797, 797, 877, 757, 677, 917, 997, 637, 957, 917, 877, 1277, 1237, 917, 1157, 997, 917, 1117, 1197, 1237, 1517, 1477, 1157, 1357, 1437, 1197, 1317, 1357, 1477, 1597, 1677, 1357, 1637, 1437, 1357, 1717, 1757, 397, 317, 357, 277, 237, 317, 197, 157, 237, 1317, 1677, 1717, 1237, 1317, 1117, 957, 1237, 1117, 757, 957, 597, 597, 517, 757, 1437, 1557, 1397, 1157, 1397, 1077, 997, 1077, 1037, 677, 1037, 717, 637, 437, 397, 398, 598, 638, 678, 478, 438, 758, 558, 798, 798, 878, 758, 678, 918, 998, 638, 958, 918, 878, 1278, 1238, 918, 1158, 998, 918, 1118, 1198, 1238, 1518, 1478, 1158, 1358, 1438, 1198, 1318, 1358, 1478, 1598, 1678, 1358, 1638, 1438, 1358, 1718, 1758, 398, 318, 358, 278, 238, 318, 198, 158, 238, 1318, 1678, 1718, 1238, 1318, 1118, 958, 1238, 1118, 758, 958, 598, 598, 518, 758, 1438, 1558, 1398, 1158, 1398, 1078, 998, 1078, 1038, 678, 1038, 718, 638, 438, 398, 399, 599, 639, 679, 479, 439, 759, 559, 799, 799, 879, 759, 679, 919, 999, 639, 959, 919, 879, 1279, 1239, 919, 1159, 999, 919, 1119, 1199, 1239, 1519, 1479, 1159, 1359, 1439, 1199, 1319, 1359, 1479, 1599, 1679, 1359, 1639, 1439, 1359, 1719, 1759, 399, 319, 359, 279, 239, 319, 199, 159, 239, 1319, 1679, 1719, 1239, 1319, 1119, 959, 1239, 1119, 759, 959, 599, 599, 519, 759, 1439, 1559, 1399, 1159, 1399, 1079, 999, 1079, 1039, 679, 1039, 719, 639, 439, 399, 400, 600, 640, 680, 480, 440, 760, 560, 800, 800, 880, 760, 680, 920, 1000, 640, 960, 920, 880, 1280, 1240, 920, 1160, 1000, 920, 1120, 1200, 1240, 1520, 1480, 1160, 1360, 1440, 1200, 1320, 1360, 1480, 1600, 1680, 1360, 1640, 1440, 1360, 1720, 1760, 400, 320, 360, 280, 240, 320, 200, 160, 240, 1320, 1680, 1720, 1240, 1320, 1120, 960, 1240, 1120, 760, 960, 600, 600, 520, 760, 1440, 1560, 1400, 1160, 1400, 1080, 1000, 1080, 1040, 680, 1040, 720, 640, 440, 400, 401, 601, 641, 681, 481, 441, 761, 561, 801, 801, 881, 761, 681, 921, 1001, 641, 961, 921, 881, 1281, 1241, 921, 1161, 1001, 921, 1121, 1201, 1241, 1521, 1481, 1161, 1361, 1441, 1201, 1321, 1361, 1481, 1601, 1681, 1361, 1641, 1441, 1361, 1721, 1761, 401, 321, 361, 281, 241, 321, 201, 161, 241, 1321, 1681, 1721, 1241, 1321, 1121, 961, 1241, 1121, 761, 961, 601, 601, 521, 761, 1441, 1561, 1401, 1161, 1401, 1081, 1001, 1081, 1041, 681, 1041, 721, 641, 441, 401, 81, 105, 109, 89, 57, 85, 65, 89, 93, 69, 93, 97, 73, 97, 101, 105, 73, 101, 81, 49, 77, 61, 29, 57, 65, 33, 61, 41, 65, 69, 45, 69, 73, 49, 73, 77, 53, 21, 49, 33, 1, 29, 37, 5, 33, 13, 37, 41, 17, 41, 45, 21, 45, 49, 402, 602, 642, 682, 482, 442, 762, 562, 802, 802, 882, 762, 642, 1002, 682, 642, 962, 922, 882, 1282, 1242, 922, 1162, 1002, 922, 1122, 1202, 1242, 1522, 1482, 1202, 1442, 1162, 1202, 1322, 1362, 1482, 1602, 1682, 1362, 1642, 1442, 1362, 1722, 1762, 402, 322, 362, 282, 242, 322, 202, 162, 242, 1322, 1682, 1722, 1242, 1322, 1122, 962, 1242, 1122, 762, 962, 602, 602, 522, 762, 1442, 1562, 1402, 1162, 1402, 1082, 1002, 1082, 1042, 682, 1042, 722, 642, 442, 402, 403, 603, 643, 683, 483, 443, 763, 563, 803, 803, 883, 763, 683, 923, 1003, 643, 963, 923, 883, 1283, 1243, 1003, 1203, 1163, 923, 1123, 1203, 1243, 1523, 1483, 1163, 1363, 1443, 1203, 1323, 1363, 1483, 1603, 1683, 1363, 1643, 1443, 1363, 1723, 1763, 403, 323, 363, 283, 243, 323, 203, 163, 243, 1323, 1683, 1723, 1123, 1483, 1323, 963, 1243, 1123, 603, 883, 963, 603, 523, 763, 1443, 1563, 1403, 1083, 1443, 1403, 1043, 1163, 1083, 723, 1003, 1043, 643, 443, 403, 404, 604, 644, 684, 484, 444, 764, 564, 804, 804, 884, 764, 684, 924, 1004, 644, 964, 924, 884, 1284, 1244, 924, 1164, 1004, 924, 1124, 1204, 1244, 1524, 1484, 1164, 1364, 1444, 1204, 1324, 1364, 1484, 1604, 1684, 1364, 1644, 1444, 1364, 1724, 1764, 404, 324, 364, 284, 244, 324, 204, 164, 244, 1324, 1684, 1724, 1244, 1324, 1124, 964, 1244, 1124, 764, 964, 604, 604, 524, 764, 1444, 1564, 1404, 1164, 1404, 1084, 1004, 1084, 1044, 684, 1044, 724, 644, 444, 404, 365, 645, 405, 685, 485, 445, 765, 565, 805, 805, 885, 765, 645, 1005, 685, 605, 925, 645, 885, 1285, 1245, 925, 1165, 1005, 965, 1205, 925, 1245, 1525, 1485, 1165, 1365, 1445, 1205, 1325, 1365, 1485, 1605, 1685, 1365, 1645, 1445, 1365, 1725, 1765, 405, 325, 365, 285, 245, 325, 205, 165, 245, 1325, 1685, 1725, 1245, 1325, 1125, 965, 1245, 1125, 765, 965, 605, 605, 525, 765, 1445, 1565, 1405, 1165, 1405, 1085, 1005, 1085, 1045, 685, 1045, 725, 645, 445, 405, 366, 646, 406, 686, 486, 446, 766, 566, 806, 806, 886, 766, 646, 1006, 686, 606, 926, 646, 886, 1286, 1246, 926, 1166, 1006, 966, 1206, 926, 1246, 1526, 1486, 1206, 1446, 1166, 1206, 1326, 1366, 1486, 1606, 1686, 1366, 1646, 1446, 1366, 1726, 1766, 406, 326, 366, 286, 246, 326, 206, 166, 246, 1326, 1686, 1726, 1246, 1326, 1126, 886, 1126, 966, 766, 966, 606, 606, 526, 766, 1446, 1566, 1406, 1166, 1406, 1086, 1006, 1086, 1046, 686, 1046, 726, 646, 446, 406, 367, 647, 407, 687, 487, 447, 767, 567, 807, 807, 887, 767, 647, 1007, 687, 607, 927, 647, 887, 1287, 1247, 927, 1167, 1007, 967, 1207, 927, 1247, 1527, 1487, 1167, 1367, 1447, 1207, 1327, 1367, 1487, 1607, 1687, 1367, 1647, 1447, 1367, 1727, 1767, 407, 327, 367, 287, 247, 327, 207, 167, 247, 1327, 1687, 1727, 1247, 1327, 1127, 967, 1247, 1127, 767, 967, 607, 607, 527, 767, 1447, 1567, 1407, 1167, 1407, 1087, 1007, 1087, 1047, 687, 1047, 727, 647, 447, 407, 368, 648, 408, 688, 488, 448, 768, 568, 808, 808, 888, 768, 648, 1008, 688, 608, 928, 648, 888, 1288, 1248, 928, 1168, 1008, 968, 1208, 928, 1248, 1528, 1488, 1208, 1448, 1168, 1208, 1328, 1368, 1488, 1608, 1688, 1368, 1648, 1448, 1368, 1728, 1768, 408, 328, 368, 288, 248, 328, 208, 168, 248, 1328, 1688, 1728, 1248, 1328, 1128, 888, 1128, 968, 768, 968, 608, 608, 528, 768, 1448, 1568, 1408, 1168, 1408, 1088, 1008, 1088, 1048, 688, 1048, 728, 648, 448, 408, 409, 609, 649, 689, 489, 449, 769, 569, 809, 809, 889, 769, 689, 929, 1009, 649, 969, 929, 889, 1289, 1249, 929, 1169, 1009, 929, 1129, 1209, 1249, 1529, 1489, 1169, 1369, 1449, 1209, 1329, 1369, 1489, 1609, 1689, 1369, 1649, 1449, 1369, 1729, 1769, 409, 329, 369, 289, 249, 329, 209, 169, 249, 1329, 1689, 1729, 1249, 1329, 1129, 969, 1249, 1129, 769, 969, 609, 609, 529, 769, 1449, 1569, 1409, 1169, 1409, 1089, 1009, 1089, 1049, 689, 1049, 729, 649, 449, 409, 410, 610, 650, 690, 490, 450, 770, 570, 810, 810, 890, 770, 690, 930, 1010, 650, 970, 930, 890, 1290, 1250, 1010, 1210, 1170, 930, 1130, 1210, 1250, 1530, 1490, 1170, 1370, 1450, 1210, 1330, 1370, 1490, 1610, 1690, 1370, 1650, 1450, 1370, 1730, 1770, 410, 330, 370, 290, 250, 330, 210, 170, 250, 1330, 1690, 1730, 1130, 1490, 1330, 970, 1250, 1130, 770, 970, 610, 610, 530, 770, 1450, 1570, 1410, 1090, 1450, 1410, 1010, 1090, 1050, 690, 1050, 730, 650, 450, 410, 411, 611, 651, 691, 491, 451, 771, 571, 811, 811, 891, 771, 691, 931, 1011, 651, 971, 931, 891, 1291, 1251, 931, 1171, 1011, 931, 1131, 1211, 1251, 1531, 1491, 1171, 1371, 1451, 1211, 1331, 1371, 1491, 1611, 1691, 1371, 1651, 1451, 1371, 1731, 1771, 411, 331, 371, 291, 251, 331, 211, 171, 251, 1331, 1691, 1731, 1251, 1331, 1131, 971, 1251, 1131, 771, 971, 611, 611, 531, 771, 1451, 1571, 1411, 1091, 1451, 1411, 1011, 1091, 1051, 691, 1051, 731, 651, 451, 411, 82, 106, 110, 90, 58, 86, 66, 90, 94, 70, 94, 98, 74, 98, 102, 106, 74, 102, 82, 50, 78, 62, 30, 58, 66, 34, 62, 42, 66, 70, 46, 70, 74, 50, 74, 78, 54, 22, 50, 34, 2, 30, 38, 6, 34, 14, 38, 42, 18, 42, 46, 22, 46, 50, 412, 612, 652, 692, 492, 452, 772, 572, 812, 812, 892, 772, 652, 1012, 692, 652, 972, 932, 892, 1292, 1252, 932, 1172, 1012, 932, 1132, 1212, 1252, 1532, 1492, 1212, 1452, 1172, 1212, 1332, 1372, 1492, 1612, 1692, 1372, 1652, 1452, 1372, 1732, 1772, 412, 332, 372, 292, 252, 332, 212, 172, 252, 1332, 1692, 1732, 1252, 1332, 1132, 972, 1252, 1132, 772, 972, 612, 612, 532, 772, 1452, 1572, 1412, 1172, 1412, 1092, 1012, 1092, 1052, 692, 1052, 732, 652, 452, 412, 413, 613, 653, 693, 493, 453, 773, 573, 813, 813, 893, 773, 693, 933, 1013, 653, 973, 933, 893, 1293, 1253, 1013, 1213, 1173, 933, 1133, 1213, 1253, 1533, 1493, 1173, 1373, 1453, 1213, 1333, 1373, 1493, 1613, 1693, 1373, 1653, 1453, 1373, 1733, 1773, 413, 333, 373, 293, 253, 333, 213, 173, 253, 1333, 1693, 1733, 1133, 1493, 1333, 973, 1253, 1133, 613, 893, 973, 613, 533, 773, 1453, 1573, 1413, 1093, 1453, 1413, 1053, 1173, 1093, 733, 1013, 1053, 653, 453, 413, 414, 614, 654, 694, 494, 454, 774, 574, 814, 814, 894, 774, 694, 934, 1014, 654, 974, 934, 894, 1294, 1254, 934, 1174, 1014, 934, 1134, 1214, 1254, 1534, 1494, 1174, 1374, 1454, 1214, 1334, 1374, 1494, 1614, 1694, 1374, 1654, 1454, 1374, 1734, 1774, 414, 334, 374, 294, 254, 334, 214, 174, 254, 1334, 1694, 1734, 1254, 1334, 1134, 974, 1254, 1134, 774, 974, 614, 614, 534, 774, 1454, 1574, 1414, 1174, 1414, 1094, 1014, 1094, 1054, 694, 1054, 734, 654, 454, 414, 375, 655, 415, 695, 495, 455, 775, 575, 815, 815, 895, 775, 655, 1015, 695, 615, 935, 655, 895, 1295, 1255, 935, 1175, 1015, 975, 1215, 935, 1255, 1535, 1495, 1175, 1375, 1455, 1215, 1335, 1375, 1495, 1615, 1695, 1375, 1655, 1455, 1375, 1735, 1775, 415, 335, 375, 295, 255, 335, 215, 175, 255, 1335, 1695, 1735, 1255, 1335, 1135, 975, 1255, 1135, 775, 975, 615, 615, 535, 775, 1455, 1575, 1415, 1175, 1415, 1095, 1015, 1095, 1055, 695, 1055, 735, 655, 455, 415, 376, 656, 416, 696, 496, 456, 776, 576, 816, 816, 896, 776, 656, 1016, 696, 616, 936, 656, 896, 1296, 1256, 936, 1176, 1016, 976, 1216, 936, 1256, 1536, 1496, 1216, 1456, 1176, 1216, 1336, 1376, 1496, 1616, 1696, 1376, 1656, 1456, 1376, 1736, 1776, 416, 336, 376, 296, 256, 336, 216, 176, 256, 1336, 1696, 1736, 1256, 1336, 1136, 896, 1136, 976, 776, 976, 616, 616, 536, 776, 1456, 1576, 1416, 1176, 1416, 1096, 1016, 1096, 1056, 696, 1056, 736, 656, 456, 416, 377, 657, 417, 697, 497, 457, 777, 577, 817, 817, 897, 777, 657, 1017, 697, 617, 937, 657, 897, 1297, 1257, 937, 1177, 1017, 977, 1217, 937, 1257, 1537, 1497, 1177, 1377, 1457, 1217, 1337, 1377, 1497, 1617, 1697, 1377, 1657, 1457, 1377, 1737, 1777, 417, 337, 377, 297, 257, 337, 217, 177, 257, 1337, 1697, 1737, 1257, 1337, 1137, 977, 1257, 1137, 777, 977, 617, 617, 537, 777, 1457, 1577, 1417, 1177, 1417, 1097, 1017, 1097, 1057, 697, 1057, 737, 657, 457, 417, 378, 658, 418, 698, 498, 458, 778, 578, 818, 818, 898, 778, 658, 1018, 698, 618, 938, 658, 898, 1298, 1258, 938, 1178, 1018, 978, 1218, 938, 1258, 1538, 1498, 1218, 1458, 1178, 1218, 1338, 1378, 1498, 1618, 1698, 1378, 1658, 1458, 1378, 1738, 1778, 418, 338, 378, 298, 258, 338, 218, 178, 258, 1338, 1698, 1738, 1258, 1338, 1138, 898, 1138, 978, 778, 978, 618, 618, 538, 778, 1458, 1578, 1418, 1178, 1418, 1098, 1018, 1098, 1058, 698, 1058, 738, 658, 458, 418, 419, 619, 659, 699, 499, 459, 779, 579, 819, 819, 899, 779, 699, 939, 1019, 659, 979, 939, 899, 1299, 1259, 939, 1179, 1019, 939, 1139, 1219, 1259, 1539, 1499, 1179, 1379, 1459, 1219, 1339, 1379, 1499, 1619, 1699, 1379, 1659, 1459, 1379, 1739, 1779, 419, 339, 379, 299, 259, 339, 219, 179, 259, 1339, 1699, 1739, 1259, 1339, 1139, 979, 1259, 1139, 779, 979, 619, 619, 539, 779, 1459, 1579, 1419, 1179, 1419, 1099, 1019, 1099, 1059, 699, 1059, 739, 659, 459, 419, 420, 620, 660, 700, 500, 460, 780, 580, 820, 820, 900, 780, 700, 940, 1020, 660, 980, 940, 900, 1300, 1260, 1020, 1220, 1180, 940, 1140, 1220, 1260, 1540, 1500, 1180, 1380, 1460, 1220, 1340, 1380, 1500, 1620, 1700, 1380, 1660, 1460, 1380, 1740, 1780, 420, 340, 380, 300, 260, 340, 220, 180, 260, 1340, 1700, 1740, 1140, 1500, 1340, 980, 1260, 1140, 780, 980, 620, 620, 540, 780, 1460, 1580, 1420, 1100, 1460, 1420, 1020, 1100, 1060, 700, 1060, 740, 660, 460, 420, 421, 621, 661, 701, 501, 461, 781, 581, 821, 821, 901, 781, 701, 941, 1021, 661, 981, 941, 901, 1301, 1261, 941, 1181, 1021, 941, 1141, 1221, 1261, 1541, 1501, 1181, 1381, 1461, 1221, 1341, 1381, 1501, 1621, 1701, 1381, 1661, 1461, 1381, 1741, 1781, 421, 341, 381, 301, 261, 341, 221, 181, 261, 1341, 1701, 1741, 1261, 1341, 1141, 981, 1261, 1141, 781, 981, 621, 621, 541, 781, 1461, 1581, 1421, 1101, 1461, 1421, 1021, 1101, 1061, 701, 1061, 741, 661, 461, 421, 83, 107, 111, 91, 59, 87, 67, 91, 95, 71, 95, 99, 75, 99, 103, 107, 75, 103, 83, 51, 79, 63, 31, 59, 67, 35, 63, 43, 67, 71, 47, 71, 75, 51, 75, 79, 55, 23, 51, 35, 3, 31, 39, 7, 35, 15, 39, 43, 19, 43, 47, 23, 47, 51, 422, 622, 662, 702, 502, 462, 782, 582, 822, 822, 902, 782, 702, 942, 1022, 662, 982, 942, 902, 1302, 1262, 1022, 1222, 1182, 942, 1142, 1222, 1262, 1542, 1502, 1182, 1382, 1462, 1222, 1342, 1382, 1502, 1622, 1702, 1382, 1662, 1462, 1382, 1742, 1782, 422, 342, 382, 302, 262, 342, 222, 182, 262, 1342, 1702, 1742, 1142, 1502, 1342, 982, 1262, 1142, 782, 982, 622, 622, 542, 782, 1462, 1582, 1422, 1182, 1422, 1102, 1022, 1102, 1062, 702, 1062, 742, 662, 462, 422, 423, 623, 663, 703, 503, 463, 783, 583, 823, 823, 903, 783, 703, 943, 1023, 663, 983, 943, 903, 1303, 1263, 1023, 1223, 1183, 943, 1143, 1223, 1263, 1543, 1503, 1183, 1383, 1463, 1223, 1343, 1383, 1503, 1623, 1703, 1383, 1663, 1463, 1383, 1743, 1783, 423, 343, 383, 303, 263, 343, 223, 183, 263, 1343, 1703, 1743, 1263, 1343, 1143, 983, 1263, 1143, 783, 983, 623, 623, 543, 783, 1463, 1583, 1423, 1103, 1463, 1423, 1063, 1183, 1103, 703, 1063, 743, 663, 463, 423, 424, 624, 664, 704, 504, 464, 784, 584, 824, 824, 904, 784, 704, 944, 1024, 664, 984, 944, 904, 1304, 1264, 944, 1184, 1024, 944, 1144, 1224, 1264, 1544, 1504, 1184, 1384, 1464, 1224, 1344, 1384, 1504, 1624, 1704, 1384, 1664, 1464, 1384, 1744, 1784, 424, 344, 384, 304, 264, 344, 224, 184, 264, 1344, 1704, 1744, 1264, 1344, 1144, 984, 1264, 1144, 784, 984, 624, 624, 544, 784, 1464, 1584, 1424, 1184, 1424, 1104, 1024, 1104, 1064, 704, 1064, 744, 664, 464, 424, 385, 665, 425, 705, 505, 465, 785, 585, 825, 825, 905, 785, 665, 1025, 705, 625, 945, 665, 905, 1305, 1265, 1025, 1225, 1185, 945, 1145, 1225, 1265, 1545, 1505, 1185, 1385, 1465, 1225, 1345, 1385, 1505, 1625, 1705, 1385, 1665, 1465, 1385, 1745, 1785, 425, 345, 385, 305, 265, 345, 225, 185, 265, 1345, 1705, 1745, 1265, 1345, 1145, 985, 1265, 1145, 785, 985, 625, 625, 545, 785, 1465, 1585, 1425, 1105, 1465, 1425, 1025, 1105, 1065, 705, 1065, 745, 665, 465, 425, 386, 666, 426, 706, 506, 466, 786, 586, 826, 826, 906, 786, 666, 1026, 706, 626, 946, 666, 906, 1306, 1266, 946, 1186, 1026, 986, 1226, 946, 1266, 1546, 1506, 1226, 1466, 1186, 1226, 1346, 1386, 1506, 1626, 1706, 1386, 1666, 1466, 1386, 1746, 1786, 426, 346, 386, 306, 266, 346, 226, 186, 266, 1346, 1706, 1746, 1266, 1346, 1146, 906, 1146, 986, 786, 986, 626, 626, 546, 786, 1466, 1586, 1426, 1186, 1426, 1106, 1026, 1106, 1066, 706, 1066, 746, 666, 466, 426, 387, 667, 427, 707, 507, 467, 787, 587, 827, 827, 907, 787, 667, 1027, 707, 667, 987, 947, 907, 1307, 1267, 947, 1187, 1027, 947, 1147, 1227, 1267, 1547, 1507, 1187, 1387, 1467, 1227, 1347, 1387, 1507, 1627, 1707, 1387, 1667, 1467, 1387, 1747, 1787, 427, 347, 387, 307, 267, 347, 227, 187, 267, 1347, 1707, 1747, 1267, 1347, 1147, 987, 1267, 1147, 787, 987, 627, 627, 547, 787, 1467, 1587, 1427, 1107, 1467, 1427, 1027, 1107, 1067, 707, 1067, 747, 667, 467, 427, 388, 668, 428, 708, 508, 468, 788, 588, 828, 828, 908, 788, 668, 1028, 708, 628, 948, 668, 908, 1308, 1268, 948, 1188, 1028, 988, 1228, 948, 1268, 1548, 1508, 1228, 1468, 1188, 1228, 1348, 1388, 1508, 1628, 1708, 1388, 1668, 1468, 1388, 1748, 1788, 428, 348, 388, 308, 268, 348, 228, 188, 268, 1348, 1708, 1748, 1268, 1348, 1148, 908, 1148, 988, 788, 988, 628, 628, 548, 788, 1468, 1588, 1428, 1188, 1428, 1108, 1028, 1108, 1068, 708, 1068, 748, 668, 468, 428, 429, 629, 669, 709, 509, 469, 789, 589, 829, 829, 909, 789, 709, 949, 1029, 669, 989, 949, 909, 1309, 1269, 949, 1189, 1029, 989, 1229, 949, 1269, 1549, 1509, 1229, 1469, 1189, 1229, 1349, 1389, 1509, 1629, 1709, 1389, 1669, 1469, 1389, 1749, 1789, 429, 349, 389, 309, 269, 349, 229, 189, 269, 1349, 1709, 1749, 1269, 1349, 1149, 989, 1269, 1149, 789, 989, 629, 629, 549, 789, 1469, 1589, 1429, 1189, 1429, 1109, 1029, 1109, 1069, 709, 1069, 749, 669, 469, 429, 430, 630, 670, 710, 510, 470, 550, 830, 790, 830, 910, 790, 710, 950, 1030, 670, 990, 950, 910, 1310, 1270, 1030, 1230, 1190, 950, 1150, 1230, 1270, 1550, 1510, 1190, 1390, 1470, 1230, 1350, 1390, 1510, 1630, 1710, 1390, 1670, 1470, 1390, 1750, 1790, 430, 350, 390, 310, 270, 350, 230, 190, 270, 1350, 1710, 1750, 1150, 1510, 1350, 990, 1270, 1150, 630, 910, 990, 390, 790, 630, 1470, 1590, 1430, 1110, 1470, 1430, 1030, 1110, 1070, 710, 1070, 750, 670, 470, 430, 431, 631, 671, 711, 511, 471, 791, 591, 831, 831, 911, 791, 711, 951, 1031, 671, 991, 951, 911, 1311, 1271, 951, 1191, 1031, 951, 1151, 1231, 1271, 1551, 1511, 1191, 1391, 1471, 1231, 1351, 1391, 1511, 1631, 1711, 1391, 1671, 1471, 1391, 1751, 1791, 431, 351, 391, 311, 271, 351, 231, 191, 271, 1351, 1711, 1751, 1271, 1351, 1151, 991, 1271, 1151, 791, 991, 631, 631, 551, 791, 1471, 1591, 1431, 1111, 1471, 1431, 1031, 1111, 1071, 711, 1071, 751, 671, 471, 431, 80, 76, 104, 60, 56, 84, 64, 60, 88, 68, 64, 92, 100, 72, 68, 104, 76, 72, 80, 52, 48, 32, 28, 56, 36, 32, 60, 40, 36, 64, 44, 40, 68, 76, 48, 44, 24, 20, 48, 4, 0, 28, 36, 8, 4, 40, 12, 8, 16, 12, 40, 20, 16, 44, 392, 352, 592, 672, 712, 472, 752, 512, 552, 792, 832, 872, 672, 632, 912, 632, 592, 952, 872, 832, 1272, 912, 1192, 1152, 912, 952, 1112, 1232, 1272, 1512, 1152, 1192, 1352, 1192, 1112, 1312, 1472, 1512, 1592, 1352, 1752, 1632, 1352, 1312, 1712, 392, 272, 312, 272, 192, 232, 192, 112, 152, 1312, 1472, 1672, 1232, 1472, 1312, 952, 872, 1232, 752, 872, 952, 592, 352, 512, 1432, 1632, 1552, 1152, 1432, 1392, 992, 1152, 1072, 672, 992, 1032, 632, 672, 432, 393, 353, 593, 673, 713, 473, 753, 513, 553, 793, 833, 873, 673, 633, 913, 633, 593, 953, 873, 833, 1273, 913, 1193, 1153, 913, 953, 1113, 1233, 1273, 1513, 1153, 1193, 1353, 1193, 1113, 1313, 1473, 1513, 1593, 1353, 1753, 1633, 1353, 1313, 1713, 393, 273, 313, 273, 193, 233, 193, 113, 153, 1313, 1473, 1673, 1233, 1473, 1313, 953, 873, 1233, 753, 873, 953, 593, 353, 513, 1433, 1633, 1553, 1153, 1433, 1393, 993, 1153, 1073, 673, 993, 1033, 633, 673, 433, 394, 354, 594, 674, 714, 474, 754, 514, 554, 794, 834, 874, 674, 634, 914, 634, 594, 954, 874, 834, 1274, 914, 1194, 1154, 914, 954, 1114, 1234, 1274, 1514, 1154, 1194, 1354, 1194, 1114, 1314, 1474, 1514, 1594, 1354, 1754, 1634, 1354, 1314, 1714, 394, 274, 314, 274, 194, 234, 194, 114, 154, 1314, 1474, 1674, 1234, 1474, 1314, 954, 874, 1234, 754, 874, 954, 594, 354, 514, 1434, 1634, 1554, 1154, 1434, 1394, 994, 1154, 1074, 674, 994, 1034, 634, 674, 434, 395, 355, 595, 675, 715, 475, 755, 515, 555, 795, 835, 875, 675, 635, 915, 635, 595, 955, 875, 835, 1275, 915, 1195, 1155, 915, 955, 1115, 1235, 1275, 1515, 1155, 1195, 1355, 1195, 1115, 1315, 1475, 1515, 1595, 1355, 1755, 1635, 1355, 1315, 1715, 395, 275, 315, 275, 195, 235, 195, 115, 155, 1315, 1475, 1675, 1235, 1475, 1315, 955, 875, 1235, 755, 875, 955, 595, 355, 515, 1435, 1635, 1555, 1155, 1435, 1395, 995, 1155, 1075, 675, 995, 1035, 635, 675, 435, 396, 356, 596, 676, 716, 476, 756, 516, 556, 796, 836, 876, 676, 636, 916, 636, 596, 956, 876, 836, 1276, 916, 1196, 1156, 916, 956, 1116, 1236, 1276, 1516, 1156, 1196, 1356, 1196, 1116, 1316, 1476, 1516, 1596, 1356, 1756, 1636, 1356, 1316, 1716, 396, 276, 316, 276, 196, 236, 196, 116, 156, 1316, 1476, 1676, 1236, 1476, 1316, 956, 876, 1236, 756, 876, 956, 596, 356, 516, 1436, 1636, 1556, 1156, 1436, 1396, 996, 1156, 1076, 676, 996, 1036, 636, 676, 436, 397, 357, 597, 677, 717, 477, 757, 517, 557, 797, 837, 877, 677, 637, 917, 637, 597, 957, 877, 837, 1277, 917, 1197, 1157, 917, 957, 1117, 1237, 1277, 1517, 1157, 1197, 1357, 1197, 1117, 1317, 1477, 1517, 1597, 1357, 1757, 1637, 1357, 1317, 1717, 397, 277, 317, 277, 197, 237, 197, 117, 157, 1317, 1477, 1677, 1237, 1477, 1317, 957, 877, 1237, 757, 877, 957, 597, 357, 517, 1437, 1637, 1557, 1157, 1437, 1397, 997, 1157, 1077, 677, 997, 1037, 637, 677, 437, 398, 358, 598, 678, 718, 478, 758, 518, 558, 798, 838, 878, 678, 638, 918, 638, 598, 958, 878, 838, 1278, 918, 1198, 1158, 918, 958, 1118, 1238, 1278, 1518, 1158, 1198, 1358, 1198, 1118, 1318, 1478, 1518, 1598, 1358, 1758, 1638, 1358, 1318, 1718, 398, 278, 318, 278, 198, 238, 198, 118, 158, 1318, 1478, 1678, 1238, 1478, 1318, 958, 878, 1238, 758, 878, 958, 598, 358, 518, 1438, 1638, 1558, 1158, 1438, 1398, 998, 1158, 1078, 678, 998, 1038, 638, 678, 438, 399, 359, 599, 679, 719, 479, 759, 519, 559, 799, 839, 879, 679, 639, 919, 639, 599, 959, 879, 839, 1279, 919, 1199, 1159, 919, 959, 1119, 1239, 1279, 1519, 1159, 1199, 1359, 1199, 1119, 1319, 1479, 1519, 1599, 1359, 1759, 1639, 1359, 1319, 1719, 399, 279, 319, 279, 199, 239, 199, 119, 159, 1319, 1479, 1679, 1239, 1479, 1319, 959, 879, 1239, 759, 879, 959, 599, 359, 519, 1439, 1639, 1559, 1159, 1439, 1399, 999, 1159, 1079, 679, 999, 1039, 639, 679, 439, 400, 360, 600, 680, 720, 480, 760, 520, 560, 800, 840, 880, 680, 640, 920, 640, 600, 960, 880, 840, 1280, 920, 1200, 1160, 920, 960, 1120, 1240, 1280, 1520, 1160, 1200, 1360, 1200, 1120, 1320, 1480, 1520, 1600, 1360, 1760, 1640, 1360, 1320, 1720, 400, 280, 320, 280, 200, 240, 200, 120, 160, 1320, 1480, 1680, 1240, 1480, 1320, 960, 880, 1240, 760, 880, 960, 600, 360, 520, 1440, 1640, 1560, 1160, 1440, 1400, 1000, 1160, 1080, 680, 1000, 1040, 640, 680, 440, 401, 361, 601, 681, 721, 481, 761, 521, 561, 801, 841, 881, 681, 641, 921, 641, 601, 961, 881, 841, 1281, 921, 1201, 1161, 921, 961, 1121, 1241, 1281, 1521, 1161, 1201, 1361, 1201, 1121, 1321, 1481, 1521, 1601, 1361, 1761, 1641, 1361, 1321, 1721, 401, 281, 321, 281, 201, 241, 201, 121, 161, 1321, 1481, 1681, 1241, 1481, 1321, 961, 881, 1241, 761, 881, 961, 601, 361, 521, 1441, 1641, 1561, 1161, 1441, 1401, 1001, 1161, 1081, 681, 1001, 1041, 641, 681, 441, 81, 77, 105, 89, 61, 57, 65, 61, 89, 69, 65, 93, 73, 69, 97, 105, 77, 73, 81, 53, 49, 61, 33, 29, 65, 37, 33, 41, 37, 65, 45, 41, 69, 49, 45, 73, 53, 25, 21, 33, 5, 1, 37, 9, 5, 13, 9, 37, 17, 13, 41, 21, 17, 45, 402, 362, 602, 682, 722, 482, 762, 522, 562, 802, 842, 882, 642, 922, 1002, 642, 602, 962, 882, 842, 1282, 922, 1202, 1162, 922, 962, 1122, 1242, 1282, 1522, 1202, 1362, 1442, 1202, 1122, 1322, 1482, 1522, 1602, 1362, 1762, 1642, 1362, 1322, 1722, 402, 282, 322, 282, 202, 242, 202, 122, 162, 1322, 1482, 1682, 1242, 1482, 1322, 962, 882, 1242, 762, 882, 962, 602, 362, 522, 1442, 1642, 1562, 1162, 1442, 1402, 1002, 1162, 1082, 682, 1002, 1042, 642, 682, 442, 403, 363, 603, 683, 723, 483, 763, 523, 563, 803, 843, 883, 683, 643, 923, 643, 603, 963, 883, 843, 1283, 1003, 923, 1203, 923, 963, 1123, 1243, 1283, 1523, 1163, 1203, 1363, 1203, 1123, 1323, 1483, 1523, 1603, 1363, 1763, 1643, 1363, 1323, 1723, 403, 283, 323, 283, 203, 243, 203, 123, 163, 1323, 1483, 1683, 1123, 1243, 1483, 963, 883, 1243, 603, 763, 883, 603, 363, 523, 1443, 1643, 1563, 1083, 1163, 1443, 1043, 1003, 1163, 723, 683, 1003, 643, 683, 443, 404, 364, 604, 684, 724, 484, 764, 524, 564, 804, 844, 884, 684, 644, 924, 644, 604, 964, 884, 844, 1284, 924, 1204, 1164, 924, 964, 1124, 1244, 1284, 1524, 1164, 1204, 1364, 1204, 1124, 1324, 1484, 1524, 1604, 1364, 1764, 1644, 1364, 1324, 1724, 404, 284, 324, 284, 204, 244, 204, 124, 164, 1324, 1484, 1684, 1244, 1484, 1324, 964, 884, 1244, 764, 884, 964, 604, 364, 524, 1444, 1644, 1564, 1164, 1444, 1404, 1004, 1164, 1084, 684, 1004, 1044, 644, 684, 444, 365, 605, 645, 685, 725, 485, 765, 525, 565, 805, 845, 885, 645, 925, 1005, 605, 965, 925, 885, 845, 1285, 925, 1205, 1165, 965, 1125, 1205, 1245, 1285, 1525, 1165, 1205, 1365, 1205, 1125, 1325, 1485, 1525, 1605, 1365, 1765, 1645, 1365, 1325, 1725, 405, 285, 325, 285, 205, 245, 205, 125, 165, 1325, 1485, 1685, 1245, 1485, 1325, 965, 885, 1245, 765, 885, 965, 605, 365, 525, 1445, 1645, 1565, 1165, 1445, 1405, 1005, 1165, 1085, 685, 1005, 1045, 645, 685, 445, 366, 606, 646, 686, 726, 486, 766, 526, 566, 806, 846, 886, 646, 926, 1006, 606, 966, 926, 886, 846, 1286, 926, 1206, 1166, 966, 1126, 1206, 1246, 1286, 1526, 1206, 1366, 1446, 1206, 1126, 1326, 1486, 1526, 1606, 1366, 1766, 1646, 1366, 1326, 1726, 406, 286, 326, 286, 206, 246, 206, 126, 166, 1326, 1486, 1686, 1246, 1486, 1326, 886, 1246, 1126, 766, 886, 966, 606, 366, 526, 1446, 1646, 1566, 1166, 1446, 1406, 1006, 1166, 1086, 686, 1006, 1046, 646, 686, 446, 367, 607, 647, 687, 727, 487, 767, 527, 567, 807, 847, 887, 647, 927, 1007, 607, 967, 927, 887, 847, 1287, 927, 1207, 1167, 967, 1127, 1207, 1247, 1287, 1527, 1167, 1207, 1367, 1207, 1127, 1327, 1487, 1527, 1607, 1367, 1767, 1647, 1367, 1327, 1727, 407, 287, 327, 287, 207, 247, 207, 127, 167, 1327, 1487, 1687, 1247, 1487, 1327, 967, 887, 1247, 767, 887, 967, 607, 367, 527, 1447, 1647, 1567, 1167, 1447, 1407, 1007, 1167, 1087, 687, 1007, 1047, 647, 687, 447, 368, 608, 648, 688, 728, 488, 768, 528, 568, 808, 848, 888, 648, 928, 1008, 608, 968, 928, 888, 848, 1288, 928, 1208, 1168, 968, 1128, 1208, 1248, 1288, 1528, 1208, 1368, 1448, 1208, 1128, 1328, 1488, 1528, 1608, 1368, 1768, 1648, 1368, 1328, 1728, 408, 288, 328, 288, 208, 248, 208, 128, 168, 1328, 1488, 1688, 1248, 1488, 1328, 888, 1248, 1128, 768, 888, 968, 608, 368, 528, 1448, 1648, 1568, 1168, 1448, 1408, 1008, 1168, 1088, 688, 1008, 1048, 648, 688, 448, 409, 369, 609, 689, 729, 489, 769, 529, 569, 809, 849, 889, 689, 649, 929, 649, 609, 969, 889, 849, 1289, 929, 1209, 1169, 929, 969, 1129, 1249, 1289, 1529, 1169, 1209, 1369, 1209, 1129, 1329, 1489, 1529, 1609, 1369, 1769, 1649, 1369, 1329, 1729, 409, 289, 329, 289, 209, 249, 209, 129, 169, 1329, 1489, 1689, 1249, 1489, 1329, 969, 889, 1249, 769, 889, 969, 609, 369, 529, 1449, 1649, 1569, 1169, 1449, 1409, 1009, 1169, 1089, 689, 1009, 1049, 649, 689, 449, 410, 370, 610, 690, 730, 490, 770, 530, 570, 810, 850, 890, 690, 650, 930, 650, 610, 970, 890, 850, 1290, 1010, 930, 1210, 930, 970, 1130, 1250, 1290, 1530, 1170, 1210, 1370, 1210, 1130, 1330, 1490, 1530, 1610, 1370, 1770, 1650, 1370, 1330, 1730, 410, 290, 330, 290, 210, 250, 210, 130, 170, 1330, 1490, 1690, 1130, 1250, 1490, 970, 890, 1250, 770, 890, 970, 610, 370, 530, 1450, 1650, 1570, 1090, 1170, 1450, 1010, 1170, 1090, 690, 1010, 1050, 650, 690, 450, 411, 371, 611, 691, 731, 491, 771, 531, 571, 811, 851, 891, 691, 651, 931, 651, 611, 971, 891, 851, 1291, 931, 1211, 1171, 931, 971, 1131, 1251, 1291, 1531, 1171, 1211, 1371, 1211, 1131, 1331, 1491, 1531, 1611, 1371, 1771, 1651, 1371, 1331, 1731, 411, 291, 331, 291, 211, 251, 211, 131, 171, 1331, 1491, 1691, 1251, 1491, 1331, 971, 891, 1251, 771, 891, 971, 611, 371, 531, 1451, 1651, 1571, 1091, 1171, 1451, 1011, 1171, 1091, 691, 1011, 1051, 651, 691, 451, 82, 78, 106, 90, 62, 58, 66, 62, 90, 70, 66, 94, 74, 70, 98, 106, 78, 74, 82, 54, 50, 62, 34, 30, 66, 38, 34, 42, 38, 66, 46, 42, 70, 50, 46, 74, 54, 26, 22, 34, 6, 2, 38, 10, 6, 14, 10, 38, 18, 14, 42, 22, 18, 46, 412, 372, 612, 692, 732, 492, 772, 532, 572, 812, 852, 892, 652, 932, 1012, 652, 612, 972, 892, 852, 1292, 932, 1212, 1172, 932, 972, 1132, 1252, 1292, 1532, 1212, 1372, 1452, 1212, 1132, 1332, 1492, 1532, 1612, 1372, 1772, 1652, 1372, 1332, 1732, 412, 292, 332, 292, 212, 252, 212, 132, 172, 1332, 1492, 1692, 1252, 1492, 1332, 972, 892, 1252, 772, 892, 972, 612, 372, 532, 1452, 1652, 1572, 1172, 1452, 1412, 1012, 1172, 1092, 692, 1012, 1052, 652, 692, 452, 413, 373, 613, 693, 733, 493, 773, 533, 573, 813, 853, 893, 693, 653, 933, 653, 613, 973, 893, 853, 1293, 1013, 933, 1213, 933, 973, 1133, 1253, 1293, 1533, 1173, 1213, 1373, 1213, 1133, 1333, 1493, 1533, 1613, 1373, 1773, 1653, 1373, 1333, 1733, 413, 293, 333, 293, 213, 253, 213, 133, 173, 1333, 1493, 1693, 1133, 1253, 1493, 973, 893, 1253, 613, 773, 893, 613, 373, 533, 1453, 1653, 1573, 1093, 1173, 1453, 1053, 1013, 1173, 733, 693, 1013, 653, 693, 453, 414, 374, 614, 694, 734, 494, 774, 534, 574, 814, 854, 894, 694, 654, 934, 654, 614, 974, 894, 854, 1294, 934, 1214, 1174, 934, 974, 1134, 1254, 1294, 1534, 1174, 1214, 1374, 1214, 1134, 1334, 1494, 1534, 1614, 1374, 1774, 1654, 1374, 1334, 1734, 414, 294, 334, 294, 214, 254, 214, 134, 174, 1334, 1494, 1694, 1254, 1494, 1334, 974, 894, 1254, 774, 894, 974, 614, 374, 534, 1454, 1654, 1574, 1174, 1454, 1414, 1014, 1174, 1094, 694, 1014, 1054, 654, 694, 454, 375, 615, 655, 695, 735, 495, 775, 535, 575, 815, 855, 895, 655, 935, 1015, 615, 975, 935, 895, 855, 1295, 935, 1215, 1175, 975, 1135, 1215, 1255, 1295, 1535, 1175, 1215, 1375, 1215, 1135, 1335, 1495, 1535, 1615, 1375, 1775, 1655, 1375, 1335, 1735, 415, 295, 335, 295, 215, 255, 215, 135, 175, 1335, 1495, 1695, 1255, 1495, 1335, 975, 895, 1255, 775, 895, 975, 615, 375, 535, 1455, 1655, 1575, 1175, 1455, 1415, 1015, 1175, 1095, 695, 1015, 1055, 655, 695, 455, 376, 616, 656, 696, 736, 496, 776, 536, 576, 816, 856, 896, 656, 936, 1016, 616, 976, 936, 896, 856, 1296, 936, 1216, 1176, 976, 1136, 1216, 1256, 1296, 1536, 1216, 1376, 1456, 1216, 1136, 1336, 1496, 1536, 1616, 1376, 1776, 1656, 1376, 1336, 1736, 416, 296, 336, 296, 216, 256, 216, 136, 176, 1336, 1496, 1696, 1256, 1496, 1336, 896, 1256, 1136, 776, 896, 976, 616, 376, 536, 1456, 1656, 1576, 1176, 1456, 1416, 1016, 1176, 1096, 696, 1016, 1056, 656, 696, 456, 377, 617, 657, 697, 737, 497, 777, 537, 577, 817, 857, 897, 657, 937, 1017, 617, 977, 937, 897, 857, 1297, 937, 1217, 1177, 977, 1137, 1217, 1257, 1297, 1537, 1177, 1217, 1377, 1217, 1137, 1337, 1497, 1537, 1617, 1377, 1777, 1657, 1377, 1337, 1737, 417, 297, 337, 297, 217, 257, 217, 137, 177, 1337, 1497, 1697, 1257, 1497, 1337, 977, 897, 1257, 777, 897, 977, 617, 377, 537, 1457, 1657, 1577, 1177, 1457, 1417, 1017, 1177, 1097, 697, 1017, 1057, 657, 697, 457, 378, 618, 658, 698, 738, 498, 778, 538, 578, 818, 858, 898, 658, 938, 1018, 618, 978, 938, 898, 858, 1298, 938, 1218, 1178, 978, 1138, 1218, 1258, 1298, 1538, 1218, 1378, 1458, 1218, 1138, 1338, 1498, 1538, 1618, 1378, 1778, 1658, 1378, 1338, 1738, 418, 298, 338, 298, 218, 258, 218, 138, 178, 1338, 1498, 1698, 1258, 1498, 1338, 898, 1258, 1138, 778, 898, 978, 618, 378, 538, 1458, 1658, 1578, 1178, 1458, 1418, 1018, 1178, 1098, 698, 1018, 1058, 658, 698, 458, 419, 379, 619, 699, 739, 499, 779, 539, 579, 819, 859, 899, 699, 659, 939, 659, 619, 979, 899, 859, 1299, 939, 1219, 1179, 939, 979, 1139, 1259, 1299, 1539, 1179, 1219, 1379, 1219, 1139, 1339, 1499, 1539, 1619, 1379, 1779, 1659, 1379, 1339, 1739, 419, 299, 339, 299, 219, 259, 219, 139, 179, 1339, 1499, 1699, 1259, 1499, 1339, 979, 899, 1259, 779, 899, 979, 619, 379, 539, 1459, 1659, 1579, 1179, 1459, 1419, 1019, 1179, 1099, 699, 1019, 1059, 659, 699, 459, 420, 380, 620, 700, 740, 500, 780, 540, 580, 820, 860, 900, 700, 660, 940, 660, 620, 980, 900, 860, 1300, 1020, 940, 1220, 940, 980, 1140, 1260, 1300, 1540, 1180, 1220, 1380, 1220, 1140, 1340, 1500, 1540, 1620, 1380, 1780, 1660, 1380, 1340, 1740, 420, 300, 340, 300, 220, 260, 220, 140, 180, 1340, 1500, 1700, 1140, 1260, 1500, 980, 900, 1260, 780, 900, 980, 620, 380, 540, 1460, 1660, 1580, 1100, 1180, 1460, 1020, 1180, 1100, 700, 1020, 1060, 660, 700, 460, 421, 381, 621, 701, 741, 501, 781, 541, 581, 821, 861, 901, 701, 661, 941, 661, 621, 981, 901, 861, 1301, 941, 1221, 1181, 941, 981, 1141, 1261, 1301, 1541, 1181, 1221, 1381, 1221, 1141, 1341, 1501, 1541, 1621, 1381, 1781, 1661, 1381, 1341, 1741, 421, 301, 341, 301, 221, 261, 221, 141, 181, 1341, 1501, 1701, 1261, 1501, 1341, 981, 901, 1261, 781, 901, 981, 621, 381, 541, 1461, 1661, 1581, 1101, 1181, 1461, 1021, 1181, 1101, 701, 1021, 1061, 661, 701, 461, 83, 79, 107, 91, 63, 59, 67, 63, 91, 71, 67, 95, 75, 71, 99, 107, 79, 75, 83, 55, 51, 63, 35, 31, 67, 39, 35, 43, 39, 67, 47, 43, 71, 51, 47, 75, 55, 27, 23, 35, 7, 3, 39, 11, 7, 15, 11, 39, 19, 15, 43, 23, 19, 47, 422, 382, 622, 702, 742, 502, 782, 542, 582, 822, 862, 902, 702, 662, 942, 662, 622, 982, 902, 862, 1302, 1022, 942, 1222, 942, 982, 1142, 1262, 1302, 1542, 1182, 1222, 1382, 1222, 1142, 1342, 1502, 1542, 1622, 1382, 1782, 1662, 1382, 1342, 1742, 422, 302, 342, 302, 222, 262, 222, 142, 182, 1342, 1502, 1702, 1142, 1262, 1502, 982, 902, 1262, 782, 902, 982, 622, 382, 542, 1462, 1662, 1582, 1182, 1462, 1422, 1022, 1182, 1102, 702, 1022, 1062, 662, 702, 462, 423, 383, 623, 703, 743, 503, 783, 543, 583, 823, 863, 903, 703, 663, 943, 663, 623, 983, 903, 863, 1303, 1023, 943, 1223, 943, 983, 1143, 1263, 1303, 1543, 1183, 1223, 1383, 1223, 1143, 1343, 1503, 1543, 1623, 1383, 1783, 1663, 1383, 1343, 1743, 423, 303, 343, 303, 223, 263, 223, 143, 183, 1343, 1503, 1703, 1263, 1503, 1343, 983, 903, 1263, 783, 903, 983, 623, 383, 543, 1463, 1663, 1583, 1103, 1183, 1463, 1063, 1023, 1183, 703, 1023, 1063, 663, 703, 463, 424, 384, 624, 704, 744, 504, 784, 544, 584, 824, 864, 904, 704, 664, 944, 664, 624, 984, 904, 864, 1304, 944, 1224, 1184, 944, 984, 1144, 1264, 1304, 1544, 1184, 1224, 1384, 1224, 1144, 1344, 1504, 1544, 1624, 1384, 1784, 1664, 1384, 1344, 1744, 424, 304, 344, 304, 224, 264, 224, 144, 184, 1344, 1504, 1704, 1264, 1504, 1344, 984, 904, 1264, 784, 904, 984, 624, 384, 544, 1464, 1664, 1584, 1184, 1464, 1424, 1024, 1184, 1104, 704, 1024, 1064, 664, 704, 464, 385, 625, 665, 705, 745, 505, 785, 545, 585, 825, 865, 905, 665, 945, 1025, 625, 985, 945, 905, 865, 1305, 1025, 945, 1225, 945, 985, 1145, 1265, 1305, 1545, 1185, 1225, 1385, 1225, 1145, 1345, 1505, 1545, 1625, 1385, 1785, 1665, 1385, 1345, 1745, 425, 305, 345, 305, 225, 265, 225, 145, 185, 1345, 1505, 1705, 1265, 1505, 1345, 985, 905, 1265, 785, 905, 985, 625, 385, 545, 1465, 1665, 1585, 1105, 1185, 1465, 1025, 1185, 1105, 705, 1025, 1065, 665, 705, 465, 386, 626, 666, 706, 746, 506, 786, 546, 586, 826, 866, 906, 666, 946, 1026, 626, 986, 946, 906, 866, 1306, 946, 1226, 1186, 986, 1146, 1226, 1266, 1306, 1546, 1226, 1386, 1466, 1226, 1146, 1346, 1506, 1546, 1626, 1386, 1786, 1666, 1386, 1346, 1746, 426, 306, 346, 306, 226, 266, 226, 146, 186, 1346, 1506, 1706, 1266, 1506, 1346, 906, 1266, 1146, 786, 906, 986, 626, 386, 546, 1466, 1666, 1586, 1186, 1466, 1426, 1026, 1186, 1106, 706, 1026, 1066, 666, 706, 466, 387, 627, 667, 707, 747, 507, 787, 547, 587, 827, 867, 907, 667, 947, 1027, 667, 627, 987, 907, 867, 1307, 947, 1227, 1187, 947, 987, 1147, 1267, 1307, 1547, 1187, 1227, 1387, 1227, 1147, 1347, 1507, 1547, 1627, 1387, 1787, 1667, 1387, 1347, 1747, 427, 307, 347, 307, 227, 267, 227, 147, 187, 1347, 1507, 1707, 1267, 1507, 1347, 987, 907, 1267, 787, 907, 987, 627, 387, 547, 1467, 1667, 1587, 1107, 1187, 1467, 1027, 1187, 1107, 707, 1027, 1067, 667, 707, 467, 388, 628, 668, 708, 748, 508, 788, 548, 588, 828, 868, 908, 668, 948, 1028, 628, 988, 948, 908, 868, 1308, 948, 1228, 1188, 988, 1148, 1228, 1268, 1308, 1548, 1228, 1388, 1468, 1228, 1148, 1348, 1508, 1548, 1628, 1388, 1788, 1668, 1388, 1348, 1748, 428, 308, 348, 308, 228, 268, 228, 148, 188, 1348, 1508, 1708, 1268, 1508, 1348, 908, 1268, 1148, 788, 908, 988, 628, 388, 548, 1468, 1668, 1588, 1188, 1468, 1428, 1028, 1188, 1108, 708, 1028, 1068, 668, 708, 468, 429, 389, 629, 709, 749, 509, 789, 549, 589, 829, 869, 909, 709, 669, 949, 669, 629, 989, 909, 869, 1309, 949, 1229, 1189, 989, 1149, 1229, 1269, 1309, 1549, 1229, 1389, 1469, 1229, 1149, 1349, 1509, 1549, 1629, 1389, 1789, 1669, 1389, 1349, 1749, 429, 309, 349, 309, 229, 269, 229, 149, 189, 1349, 1509, 1709, 1269, 1509, 1349, 989, 909, 1269, 789, 909, 989, 629, 389, 549, 1469, 1669, 1589, 1189, 1469, 1429, 1029, 1189, 1109, 709, 1029, 1069, 669, 709, 469, 430, 390, 630, 710, 750, 510, 550, 590, 830, 830, 870, 910, 710, 670, 950, 670, 630, 990, 910, 870, 1310, 1030, 950, 1230, 950, 990, 1150, 1270, 1310, 1550, 1190, 1230, 1390, 1230, 1150, 1350, 1510, 1550, 1630, 1390, 1790, 1670, 1390, 1350, 1750, 430, 310, 350, 310, 230, 270, 230, 150, 190, 1350, 1510, 1710, 1150, 1270, 1510, 990, 910, 1270, 630, 790, 910, 390, 550, 790, 1470, 1670, 1590, 1110, 1190, 1470, 1030, 1190, 1110, 710, 1030, 1070, 670, 710, 470, 431, 391, 631, 711, 751, 511, 791, 551, 591, 831, 871, 911, 711, 671, 951, 671, 631, 991, 911, 871, 1311, 951, 1231, 1191, 951, 991, 1151, 1271, 1311, 1551, 1191, 1231, 1391, 1231, 1151, 1351, 1511, 1551, 1631, 1391, 1791, 1671, 1391, 1351, 1751, 431, 311, 351, 311, 231, 271, 231, 151, 191, 1351, 1511, 1711, 1271, 1511, 1351, 991, 911, 1271, 791, 911, 991, 631, 391, 551, 1471, 1671, 1591, 1111, 1191, 1471, 1031, 1191, 1111, 711, 1031, 1071, 671, 711, 471]
                    uniform token subdivisionScheme = "none"
                }
            }
        }
    }
}

