#usda 1.0
(
    customLayerData = {
        dictionary renderSettings = {
        }
    }
    defaultPrim = "ReferenceTarget"
    metersPerUnit = 1
    upAxis = "Z"
)

def Xform "ReferenceTarget" (
    kind = "group"
)
{
    float3 xformOp:rotateXYZ = (0, 0, 0)
    float3 xformOp:scale = (1, 1, 1)
    double3 xformOp:translate = (0, 0, 0)
    uniform token[] xformOpOrder = ["xformOp:translate", "xformOp:rotateXYZ", "xformOp:scale"]

    def Xform "XForms" (
        kind = "group"
    )
    {
        float3 xformOp:rotateXYZ = (0, 0, 0)
        float3 xformOp:scale = (0.1, 0.1, 0.1)
        double3 xformOp:translate = (0, 0, 0)
        uniform token[] xformOpOrder = ["xformOp:translate", "xformOp:rotateXYZ", "xformOp:scale"]

        def Xform "World" (
            kind = "component"
        )
        {
            float3 xformOp:rotateXYZ = (0, 0, 0)
            float3 xformOp:scale = (1, 1, 1)
            double3 xformOp:translate = (0, 0, 0)
            uniform token[] xformOpOrder = ["xformOp:translate", "xformOp:rotateXYZ", "xformOp:scale"]

            def Scope "Looks" (references = @materials.usda@</Looks>)
            {
            }

            def Xform "grass_17_019"
            {
                float3 xformOp:rotateXYZ = (-6.312064, -2.1508285e-7, -3.0519356e-9)
                float3 xformOp:scale = (0.9999998, 1, 1)
                double3 xformOp:translate = (0, 0, 0)
                uniform token[] xformOpOrder = ["xformOp:translate", "xformOp:rotateXYZ", "xformOp:scale"]

                def Mesh "Plane_055" (
                    prepend apiSchemas = ["MaterialBindingAPI"]
                )
                {
                    float3[] extent = [(-0.46793354, -0.535783, -0.05477029), (0.36331517, 0.3105339, 0.7066293)]
                    int[] faceVertexCounts = [3, 3, 3, 3, 3, 3, 3, 3, 3, 3, 3, 3, 3, 3, 3, 3, 3, 3, 3, 3, 3, 3, 3, 3, 3, 3, 3, 3, 3, 3, 3, 3, 3, 3, 3, 3, 3, 3, 3, 3, 3, 3, 3, 3, 3, 3, 3, 3, 3, 3, 3, 3, 3, 3, 3, 3, 3, 3, 3, 3, 3, 3, 3, 3, 3, 3, 3, 3, 3, 3, 3, 3, 3, 3, 3, 3, 3, 3, 3, 3, 3, 3, 3, 3, 3, 3, 3, 3, 3, 3, 3, 3, 3, 3, 3, 3, 3, 3, 3, 3, 3, 3, 3, 3, 3, 3, 3, 3, 3, 3, 3, 3, 3, 3, 3, 3, 3, 3, 3, 3, 3, 3, 3, 3, 3, 3, 3, 3, 3, 3, 3, 3, 3, 3, 3, 3, 3, 3, 3, 3, 3, 3, 3, 3, 3, 3, 3, 3, 3, 3, 3, 3, 3, 3, 3, 3, 3, 3, 3, 3, 3, 3, 3, 3, 3, 3, 3, 3, 3, 3, 3, 3, 3, 3, 3, 3, 3, 3, 3, 3, 3, 3, 3, 3, 3, 3, 3, 3, 3, 3, 3, 3, 3, 3, 3, 3, 3, 3, 3, 3, 3, 3, 3, 3, 3, 3, 3, 3, 3, 3, 3, 3, 3, 3, 3, 3, 3, 3, 3, 3, 3, 3, 3, 3, 3, 3, 3, 3, 3, 3, 3, 3, 3, 3, 3, 3, 3, 3, 3, 3, 3, 3, 3, 3, 3, 3, 3, 3, 3, 3, 3, 3, 3, 3, 3, 3, 3, 3, 3, 3, 3, 3, 3, 3, 3, 3, 3, 3, 3, 3, 3, 3, 3, 3, 3, 3, 3, 3, 3, 3, 3, 3, 3, 3, 3, 3, 3, 3, 3, 3, 3, 3, 3, 3, 3, 3, 3, 3, 3, 3, 3, 3, 3, 3, 3, 3, 3, 3, 3, 3, 3, 3, 3, 3, 3, 3, 3, 3, 3, 3, 3, 3, 3, 3, 3, 3, 3, 3, 3, 3, 3, 3, 3, 3, 3, 3, 3, 3, 3, 3, 3, 3, 3, 3, 3, 3, 3, 3, 3, 3, 3, 3, 3, 3, 3, 3, 3, 3, 3, 3, 3, 3, 3, 3, 3, 3, 3, 3, 3, 3, 3, 3, 3, 3, 3, 3, 3, 3, 3, 3, 3, 3, 3, 3, 3, 3, 3, 3, 3, 3, 3, 3, 3, 3, 3, 3, 3, 3, 3, 3, 3, 3, 3, 3, 3, 3, 3, 3, 3, 3, 3, 3, 3, 3, 3, 3, 3, 3, 3, 3, 3, 3, 3, 3, 3, 3, 3, 3, 3, 3, 3, 3, 3, 3, 3, 3, 3, 3, 3, 3, 3, 3, 3, 3, 3, 3, 3, 3, 3, 3, 3, 3, 3, 3, 3, 3, 3, 3, 3, 3, 3, 3, 3, 3, 3, 3, 3, 3, 3, 3, 3, 3, 3, 3, 3, 3, 3, 3, 3, 3, 3, 3, 3, 3, 3, 3, 3, 3, 3, 3, 3, 3, 3, 3, 3, 3, 3, 3, 3, 3, 3, 3, 3, 3, 3, 3, 3, 3, 3, 3, 3, 3, 3, 3, 3, 3, 3, 3, 3, 3, 3, 3, 3, 3, 3, 3, 3, 3, 3, 3, 3, 3, 3, 3, 3, 3, 3, 3, 3, 3, 3, 3, 3, 3, 3, 3, 3, 3, 3, 3, 3, 3, 3, 3, 3, 3, 3, 3, 3, 3, 3, 3, 3, 3, 3, 3, 3, 3, 3, 3, 3, 3, 3, 3, 3, 3, 3, 3, 3, 3, 3, 3, 3, 3, 3, 3, 3, 3, 3, 3, 3, 3, 3, 3, 3, 3, 3, 3, 3, 3, 3, 3, 3, 3, 3, 3, 3, 3, 3, 3, 3, 3, 3, 3, 3, 3, 3, 3, 3, 3, 3, 3, 3, 3, 3, 3, 3, 3, 3, 3, 3, 3, 3, 3, 3, 3, 3, 3, 3, 3, 3, 3, 3, 3, 3, 3, 3, 3, 3, 3, 3, 3, 3, 3, 3, 3, 3, 3, 3, 3, 3, 3, 3, 3, 3, 3, 3, 3, 3, 3, 3, 3, 3, 3, 3, 3, 3, 3, 3, 3, 3, 3, 3, 3, 3, 3, 3, 3, 3, 3, 3, 3, 3, 3, 3, 3, 3, 3, 3, 3, 3, 3, 3, 3, 3, 3, 3, 3, 3, 3, 3, 3, 3, 3, 3, 3, 3, 3, 3, 3, 3, 3, 3, 3, 3, 3, 3, 3, 3, 3, 3, 3, 3, 3, 3, 3, 3, 3, 3, 3, 3, 3, 3, 3, 3, 3, 3, 3, 3, 3, 3, 3, 3, 3, 3, 3, 3, 3, 3, 3, 3, 3, 3, 3, 3, 3, 3, 3, 3, 3, 3, 3, 3, 3, 3, 3, 3, 3, 3, 3, 3, 3, 3, 3, 3, 3, 3, 3, 3, 3, 3, 3, 3, 3, 3, 3, 3, 3, 3, 3, 3, 3, 3, 3, 3, 3, 3, 3, 3, 3, 3, 3, 3, 3, 3, 3, 3, 3, 3, 3, 3, 3, 3, 3, 3, 3, 3, 3, 3, 3, 3, 3, 3, 3, 3, 3, 3, 3, 3, 3, 3, 3, 3, 3, 3, 3, 3, 3, 3, 3, 3, 3, 3, 3, 3, 3, 3, 3, 3, 3, 3, 3, 3, 3, 3, 3, 3, 3, 3, 3, 3, 3, 3, 3, 3, 3, 3, 3, 3, 3, 3, 3, 3, 3, 3, 3, 3, 3, 3, 3, 3, 3, 3, 3, 3, 3, 3, 3, 3, 3, 3, 3, 3, 3, 3, 3, 3, 3, 3, 3, 3, 3, 3, 3, 3, 3, 3, 3, 3, 3, 3, 3, 3, 3, 3, 3, 3, 3, 3, 3, 3, 3, 3, 3, 3, 3, 3, 3, 3, 3, 3, 3, 3, 3, 3, 3, 3, 3, 3, 3, 3, 3, 3, 3, 3, 3, 3, 3, 3, 3, 3, 3, 3, 3, 3, 3, 3, 3, 3, 3, 3, 3, 3, 3, 3, 3, 3, 3, 3, 3, 3, 3, 3, 3, 3, 3, 3, 3, 3, 3, 3, 3, 3, 3, 3, 3, 3, 3, 3, 3, 3, 3, 3, 3, 3, 3, 3, 3, 3, 3, 3, 3, 3, 3, 3, 3, 3, 3, 3, 3, 3, 3, 3, 3, 3, 3, 3, 3, 3, 3, 3, 3, 3, 3, 3, 3, 3, 3, 3, 3, 3, 3, 3, 3, 3, 3, 3, 3, 3, 3, 3, 3, 3, 3, 3, 3, 3, 3, 3, 3, 3, 3, 3, 3, 3, 3, 3, 3, 3, 3, 3, 3, 3, 3, 3, 3, 3, 3, 3, 3, 3, 3, 3, 3, 3, 3, 3, 3, 3, 3, 3, 3, 3, 3, 3, 3, 3, 3, 3, 3, 3, 3, 3, 3, 3, 3, 3, 3, 3, 3, 3, 3, 3, 3, 3, 3, 3, 3, 3, 3, 3, 3, 3, 3, 3, 3, 3, 3, 3, 3, 3, 3, 3, 3, 3, 3, 3, 3, 3, 3, 3, 3, 3, 3, 3, 3, 3, 3, 3, 3, 3, 3, 3, 3, 3, 3, 3, 3, 3, 3, 3, 3, 3, 3, 3, 3, 3, 3, 3, 3, 3, 3, 3, 3, 3, 3, 3, 3, 3, 3, 3, 3, 3, 3, 3, 3, 3, 3, 3, 3, 3, 3, 3, 3, 3, 3, 3, 3, 3, 3, 3, 3, 3, 3, 3, 3, 3, 3, 3, 3, 3, 3, 3, 3, 3, 3, 3, 3, 3, 3, 3, 3, 3, 3, 3, 3, 3, 3, 3, 3, 3, 3, 3, 3, 3, 3, 3, 3, 3, 3, 3, 3, 3, 3, 3, 3, 3, 3, 3, 3, 3, 3, 3, 3, 3, 3, 3, 3, 3, 3, 3, 3, 3, 3, 3, 3, 3, 3, 3, 3, 3, 3, 3, 3, 3, 3, 3, 3, 3, 3, 3, 3, 3, 3, 3, 3, 3, 3, 3, 3, 3, 3, 3, 3, 3, 3, 3, 3, 3, 3, 3, 3, 3, 3, 3, 3, 3, 3, 3, 3, 3, 3, 3, 3, 3, 3, 3, 3, 3, 3, 3, 3, 3, 3, 3, 3, 3, 3, 3, 3, 3, 3, 3, 3, 3, 3, 3, 3, 3, 3, 3, 3, 3, 3, 3, 3, 3, 3, 3, 3, 3, 3, 3, 3, 3, 3, 3, 3]
                    int[] faceVertexIndices = [1, 2, 0, 2, 5, 4, 5, 6, 4, 7, 8, 6, 8, 11, 10, 11, 12, 10, 15, 16, 14, 17, 18, 16, 19, 22, 18, 25, 24, 27, 24, 26, 27, 29, 21, 20, 31, 30, 33, 33, 28, 32, 23, 32, 28, 35, 36, 34, 36, 39, 38, 39, 40, 38, 41, 42, 40, 42, 45, 44, 45, 46, 44, 49, 50, 48, 51, 52, 50, 53, 56, 52, 59, 58, 61, 58, 60, 61, 63, 55, 54, 65, 64, 67, 67, 62, 66, 57, 66, 62, 69, 70, 68, 71, 72, 70, 72, 75, 74, 75, 76, 74, 76, 79, 78, 81, 82, 80, 83, 84, 82, 84, 87, 86, 86, 94, 90, 93, 92, 95, 95, 90, 94, 91, 89, 88, 97, 98, 96, 99, 100, 98, 101, 110, 100, 107, 106, 109, 109, 104, 108, 105, 103, 102, 111, 113, 112, 112, 104, 111, 115, 116, 114, 116, 119, 118, 118, 129, 126, 120, 123, 122, 123, 124, 122, 128, 126, 129, 128, 120, 127, 131, 132, 130, 132, 135, 134, 134, 137, 136, 136, 144, 140, 143, 142, 145, 145, 140, 144, 141, 139, 138, 147, 148, 146, 148, 151, 150, 150, 153, 152, 152, 155, 154, 154, 157, 156, 159, 160, 158, 161, 162, 160, 162, 165, 164, 165, 166, 164, 166, 169, 168, 171, 172, 170, 172, 175, 174, 175, 176, 174, 177, 178, 176, 178, 181, 180, 183, 184, 182, 184, 187, 186, 187, 188, 186, 189, 190, 188, 190, 193, 192, 195, 196, 194, 197, 198, 196, 199, 208, 198, 205, 204, 207, 207, 202, 206, 203, 201, 200, 209, 211, 210, 210, 202, 209, 213, 214, 212, 215, 216, 214, 216, 219, 218, 218, 226, 222, 225, 224, 227, 227, 222, 226, 223, 221, 220, 229, 230, 228, 230, 233, 232, 232, 235, 234, 235, 236, 234, 237, 238, 236, 241, 242, 240, 243, 244, 242, 244, 247, 246, 247, 248, 246, 248, 251, 250, 253, 254, 252, 254, 257, 256, 257, 258, 256, 259, 260, 258, 260, 263, 262, 265, 266, 264, 266, 269, 268, 269, 270, 268, 271, 272, 270, 272, 275, 274, 277, 278, 276, 278, 281, 280, 281, 296, 280, 287, 286, 289, 289, 284, 288, 291, 283, 282, 293, 292, 295, 295, 290, 294, 285, 294, 290, 297, 299, 298, 298, 284, 297, 301, 302, 300, 302, 305, 304, 305, 306, 304, 307, 308, 306, 308, 311, 310, 311, 312, 310, 315, 316, 314, 316, 319, 318, 319, 320, 318, 321, 322, 320, 322, 325, 324, 327, 328, 326, 328, 331, 330, 331, 332, 330, 333, 334, 332, 334, 337, 336, 339, 340, 338, 340, 343, 342, 342, 345, 344, 344, 347, 346, 346, 349, 348, 351, 352, 350, 353, 354, 352, 354, 357, 356, 357, 358, 356, 358, 361, 360, 363, 364, 362, 364, 367, 366, 367, 368, 366, 369, 370, 368, 370, 373, 372, 375, 376, 374, 376, 379, 378, 379, 380, 378, 381, 382, 380, 382, 385, 384, 387, 388, 386, 388, 391, 390, 391, 392, 390, 393, 394, 392, 394, 397, 396, 399, 400, 398, 400, 403, 402, 403, 404, 402, 405, 406, 404, 406, 409, 408, 411, 412, 410, 413, 414, 412, 414, 417, 416, 416, 424, 420, 423, 422, 425, 425, 420, 424, 421, 419, 418, 427, 428, 426, 429, 430, 428, 431, 434, 430, 437, 436, 439, 436, 438, 439, 441, 433, 432, 443, 442, 445, 445, 440, 444, 435, 444, 440, 447, 448, 446, 449, 450, 448, 451, 452, 450, 453, 454, 452, 455, 456, 454, 459, 460, 458, 460, 463, 462, 463, 464, 462, 465, 466, 464, 466, 469, 468, 471, 472, 470, 472, 475, 474, 475, 476, 474, 477, 478, 476, 478, 481, 480, 483, 484, 482, 485, 486, 484, 486, 489, 488, 489, 490, 488, 491, 492, 490, 495, 496, 494, 497, 498, 496, 498, 501, 500, 501, 502, 500, 502, 505, 504, 507, 508, 506, 508, 511, 510, 511, 512, 510, 513, 514, 512, 514, 517, 516, 519, 520, 518, 520, 523, 522, 523, 524, 522, 525, 526, 524, 526, 529, 528, 531, 532, 530, 533, 534, 532, 535, 538, 534, 541, 540, 543, 540, 542, 543, 545, 537, 536, 547, 546, 549, 549, 544, 548, 539, 548, 544, 551, 552, 550, 552, 555, 554, 554, 565, 562, 556, 559, 558, 559, 560, 558, 564, 562, 565, 564, 556, 563, 567, 568, 566, 568, 571, 570, 571, 572, 570, 573, 574, 572, 574, 577, 576, 577, 578, 576, 581, 582, 580, 583, 584, 582, 585, 586, 584, 587, 588, 586, 589, 590, 588, 591, 592, 590, 595, 596, 594, 596, 599, 598, 598, 601, 600, 600, 608, 604, 607, 606, 609, 609, 604, 608, 605, 603, 602, 611, 612, 610, 613, 614, 612, 615, 616, 614, 616, 624, 620, 623, 622, 625, 625, 620, 624, 621, 619, 618, 627, 628, 626, 629, 630, 628, 631, 640, 630, 637, 636, 639, 639, 634, 638, 635, 633, 632, 641, 643, 642, 642, 634, 641, 645, 646, 644, 646, 649, 648, 648, 651, 650, 650, 658, 654, 657, 656, 659, 659, 654, 658, 655, 653, 652, 661, 662, 660, 663, 664, 662, 665, 666, 664, 666, 674, 670, 673, 672, 675, 675, 670, 674, 671, 669, 668, 677, 678, 676, 679, 680, 678, 680, 683, 682, 682, 690, 686, 689, 688, 691, 691, 686, 690, 687, 685, 684, 693, 694, 692, 695, 696, 694, 697, 706, 696, 703, 702, 705, 705, 700, 704, 701, 699, 698, 707, 709, 708, 708, 700, 707, 711, 712, 710, 713, 714, 712, 714, 717, 716, 716, 724, 720, 723, 722, 725, 725, 720, 724, 721, 719, 718, 727, 728, 726, 728, 731, 730, 730, 733, 732, 732, 740, 736, 739, 738, 741, 741, 736, 740, 737, 735, 734, 743, 744, 742, 745, 746, 744, 747, 748, 746, 748, 756, 752, 755, 754, 757, 757, 752, 756, 753, 751, 750, 759, 760, 758, 760, 763, 762, 763, 764, 762, 765, 766, 764, 766, 769, 768, 769, 770, 768, 773, 774, 772, 774, 777, 776, 777, 792, 776, 783, 782, 785, 785, 780, 784, 787, 779, 778, 789, 788, 791, 791, 786, 790, 781, 790, 786, 793, 795, 794, 794, 780, 793, 797, 798, 796, 799, 800, 798, 800, 803, 802, 803, 804, 802, 804, 807, 806, 809, 810, 808, 810, 813, 812, 813, 814, 812, 815, 816, 814, 816, 819, 818, 819, 820, 818, 823, 824, 822, 825, 826, 824, 826, 829, 828, 828, 836, 832, 835, 834, 837, 837, 832, 836, 833, 831, 830, 839, 840, 838, 840, 843, 842, 843, 844, 842, 845, 846, 844, 846, 849, 848, 849, 850, 848, 853, 854, 852, 854, 857, 856, 857, 858, 856, 859, 860, 858, 860, 863, 862, 863, 864, 862, 867, 868, 866, 868, 871, 870, 870, 873, 872, 872, 880, 876, 879, 878, 881, 881, 876, 880, 877, 875, 874, 883, 884, 882, 885, 886, 884, 887, 888, 886, 888, 896, 892, 895, 894, 897, 897, 892, 896, 893, 891, 890, 899, 900, 898, 900, 903, 902, 903, 904, 902, 905, 906, 904, 906, 909, 908, 909, 910, 908, 913, 914, 912, 914, 917, 916, 917, 918, 916, 919, 920, 918, 920, 923, 922, 923, 924, 922, 927, 928, 926, 929, 930, 928, 930, 933, 932, 932, 940, 936, 939, 938, 941, 941, 936, 940, 937, 935, 934, 943, 944, 942, 945, 946, 944, 947, 950, 946, 953, 952, 955, 952, 954, 955, 957, 949, 948, 959, 958, 961, 961, 956, 960, 951, 960, 956, 963, 964, 962, 964, 967, 966, 967, 968, 966, 969, 970, 968, 970, 973, 972, 973, 974, 972, 977, 978, 976, 978, 981, 980, 980, 983, 982, 982, 985, 984, 984, 987, 986, 989, 990, 988, 991, 992, 990, 992, 995, 994, 995, 996, 994, 996, 999, 998, 1001, 1002, 1000, 1002, 1005, 1004, 1005, 1006, 1004, 1007, 1008, 1006, 1008, 1011, 1010, 1013, 1014, 1012, 1014, 1017, 1016, 1017, 1018, 1016, 1019, 1020, 1018, 1020, 1023, 1022, 1025, 1026, 1024, 1026, 1029, 1028, 1028, 1031, 1030, 1030, 1038, 1034, 1037, 1036, 1039, 1039, 1034, 1038, 1035, 1033, 1032, 1041, 1042, 1040, 1043, 1044, 1042, 1045, 1046, 1044, 1046, 1054, 1050, 1053, 1052, 1055, 1055, 1050, 1054, 1051, 1049, 1048, 1057, 1058, 1056, 1059, 1060, 1058, 1060, 1063, 1062, 1062, 1070, 1066, 1069, 1068, 1071, 1071, 1066, 1070, 1067, 1065, 1064, 1073, 1074, 1072, 1074, 1077, 1076, 1076, 1079, 1078, 1078, 1081, 1080, 1080, 1083, 1082, 1085, 1086, 1084, 1087, 1088, 1086, 1088, 1091, 1090, 1091, 1092, 1090, 1092, 1095, 1094, 1097, 1098, 1096, 1098, 1101, 1100, 1101, 1102, 1100, 1103, 1104, 1102, 1104, 1107, 1106, 1109, 1110, 1108, 1110, 1113, 1112, 1113, 1114, 1112, 1115, 1116, 1114, 1116, 1119, 1118, 1121, 1122, 1120, 1122, 1125, 1124, 1124, 1127, 1126, 1126, 1134, 1130, 1133, 1132, 1135, 1135, 1130, 1134, 1131, 1129, 1128, 1137, 1138, 1136, 1139, 1140, 1138, 1141, 1142, 1140, 1142, 1150, 1146, 1149, 1148, 1151, 1151, 1146, 1150, 1147, 1145, 1144, 1153, 1154, 1152, 1154, 1157, 1156, 1156, 1167, 1164, 1158, 1161, 1160, 1161, 1162, 1160, 1166, 1164, 1167, 1166, 1158, 1165, 1169, 1170, 1168, 1170, 1173, 1172, 1172, 1183, 1180, 1174, 1177, 1176, 1177, 1178, 1176, 1182, 1180, 1183, 1182, 1174, 1181, 1185, 1186, 1184, 1186, 1189, 1188, 1188, 1199, 1196, 1190, 1193, 1192, 1193, 1194, 1192, 1198, 1196, 1199, 1198, 1190, 1197, 1201, 1202, 1200, 1202, 1205, 1204, 1204, 1207, 1206, 1206, 1209, 1208, 1208, 1211, 1210, 1213, 1214, 1212, 1215, 1216, 1214, 1216, 1219, 1218, 1219, 1220, 1218, 1220, 1223, 1222, 1225, 1226, 1224, 1226, 1229, 1228, 1229, 1230, 1228, 1231, 1232, 1230, 1232, 1235, 1234, 1237, 1238, 1236, 1238, 1241, 1240, 1241, 1242, 1240, 1243, 1244, 1242, 1244, 1247, 1246, 1249, 1250, 1248, 1251, 1252, 1250, 1253, 1256, 1252, 1259, 1258, 1261, 1258, 1260, 1261, 1263, 1255, 1254, 1265, 1264, 1267, 1267, 1262, 1266, 1257, 1266, 1262, 1269, 1270, 1268, 1270, 1273, 1272, 1272, 1283, 1280, 1274, 1277, 1276, 1277, 1278, 1276, 1282, 1280, 1283, 1282, 1274, 1281, 1285, 1286, 1284, 1287, 1288, 1286, 1289, 1292, 1288, 1295, 1294, 1297, 1294, 1296, 1297, 1299, 1291, 1290, 1301, 1300, 1303, 1303, 1298, 1302, 1293, 1302, 1298, 1305, 1306, 1304, 1306, 1309, 1308, 1309, 1310, 1308, 1311, 1312, 1310, 1312, 1315, 1314, 1315, 1316, 1314, 1319, 1320, 1318, 1320, 1323, 1322, 1322, 1325, 1324, 1324, 1327, 1326, 1326, 1329, 1328, 1331, 1332, 1330, 1333, 1334, 1332, 1334, 1337, 1336, 1337, 1338, 1336, 1338, 1341, 1340, 1343, 1344, 1342, 1344, 1347, 1346, 1347, 1348, 1346, 1349, 1350, 1348, 1350, 1353, 1352, 1355, 1356, 1354, 1356, 1359, 1358, 1359, 1360, 1358, 1361, 1362, 1360, 1362, 1365, 1364, 1367, 1368, 1366, 1369, 1370, 1368, 1370, 1373, 1372, 1372, 1380, 1376, 1379, 1378, 1381, 1381, 1376, 1380, 1377, 1375, 1374, 1383, 1384, 1382, 1384, 1387, 1386, 1386, 1389, 1388, 1388, 1396, 1392, 1395, 1394, 1397, 1397, 1392, 1396, 1393, 1391, 1390, 1399, 1400, 1398, 1401, 1402, 1400, 1403, 1404, 1402, 1404, 1412, 1408, 1411, 1410, 1413, 1413, 1408, 1412, 1409, 1407, 1406, 1415, 1416, 1414, 1417, 1418, 1416, 1418, 1421, 1420, 1420, 1428, 1424, 1427, 1426, 1429, 1429, 1424, 1428, 1425, 1423, 1422, 1431, 1432, 1430, 1432, 1435, 1434, 1435, 1450, 1434, 1441, 1440, 1443, 1443, 1438, 1442, 1445, 1437, 1436, 1447, 1446, 1449, 1449, 1444, 1448, 1439, 1448, 1444, 1451, 1453, 1452, 1452, 1438, 1451, 1455, 1456, 1454, 1457, 1458, 1456, 1459, 1468, 1458, 1465, 1464, 1467, 1467, 1462, 1466, 1463, 1461, 1460, 1469, 1471, 1470, 1470, 1462, 1469, 1473, 1474, 1472, 1475, 1476, 1474, 1477, 1478, 1476, 1479, 1480, 1478, 1481, 1482, 1480, 1485, 1486, 1484, 1487, 1488, 1486, 1488, 1491, 1490, 1491, 1492, 1490, 1492, 1495, 1494, 1497, 1498, 1496, 1499, 1500, 1498, 1501, 1510, 1500, 1507, 1506, 1509, 1509, 1504, 1508, 1505, 1503, 1502, 1511, 1513, 1512, 1512, 1504, 1511, 1515, 1516, 1514, 1516, 1519, 1518, 1519, 1520, 1518, 1521, 1522, 1520, 1522, 1525, 1524, 1525, 1526, 1524, 1529, 1530, 1528, 1530, 1533, 1532, 1533, 1534, 1532, 1535, 1536, 1534, 1536, 1539, 1538, 1539, 1540, 1538, 1543, 1544, 1542, 1544, 1547, 1546, 1546, 1549, 1548, 1548, 1551, 1550, 1550, 1553, 1552, 1552, 1555, 1554, 1557, 1558, 1556, 1558, 1561, 1560, 1560, 1571, 1568, 1562, 1565, 1564, 1565, 1566, 1564, 1570, 1568, 1571, 1570, 1562, 1569, 1, 3, 2, 2, 3, 5, 5, 7, 6, 7, 9, 8, 8, 9, 11, 11, 13, 12, 15, 17, 16, 17, 19, 18, 19, 26, 22, 25, 23, 24, 24, 22, 26, 29, 31, 21, 31, 29, 30, 33, 30, 28, 23, 25, 32, 35, 37, 36, 36, 37, 39, 39, 41, 40, 41, 43, 42, 42, 43, 45, 45, 47, 46, 49, 51, 50, 51, 53, 52, 53, 60, 56, 59, 57, 58, 58, 56, 60, 63, 65, 55, 65, 63, 64, 67, 64, 62, 57, 59, 66, 69, 71, 70, 71, 73, 72, 72, 73, 75, 75, 77, 76, 76, 77, 79, 81, 83, 82, 83, 85, 84, 84, 85, 87, 86, 87, 94, 93, 91, 92, 95, 92, 90, 91, 93, 89, 97, 99, 98, 99, 101, 100, 101, 113, 110, 107, 105, 106, 109, 106, 104, 105, 107, 103, 111, 110, 113, 112, 108, 104, 115, 117, 116, 116, 117, 119, 118, 119, 129, 120, 121, 123, 123, 125, 124, 128, 127, 126, 128, 121, 120, 131, 133, 132, 132, 133, 135, 134, 135, 137, 136, 137, 144, 143, 141, 142, 145, 142, 140, 141, 143, 139, 147, 149, 148, 148, 149, 151, 150, 151, 153, 152, 153, 155, 154, 155, 157, 159, 161, 160, 161, 163, 162, 162, 163, 165, 165, 167, 166, 166, 167, 169, 171, 173, 172, 172, 173, 175, 175, 177, 176, 177, 179, 178, 178, 179, 181, 183, 185, 184, 184, 185, 187, 187, 189, 188, 189, 191, 190, 190, 191, 193, 195, 197, 196, 197, 199, 198, 199, 211, 208, 205, 203, 204, 207, 204, 202, 203, 205, 201, 209, 208, 211, 210, 206, 202, 213, 215, 214, 215, 217, 216, 216, 217, 219, 218, 219, 226, 225, 223, 224, 227, 224, 222, 223, 225, 221, 229, 231, 230, 230, 231, 233, 232, 233, 235, 235, 237, 236, 237, 239, 238, 241, 243, 242, 243, 245, 244, 244, 245, 247, 247, 249, 248, 248, 249, 251, 253, 255, 254, 254, 255, 257, 257, 259, 258, 259, 261, 260, 260, 261, 263, 265, 267, 266, 266, 267, 269, 269, 271, 270, 271, 273, 272, 272, 273, 275, 277, 279, 278, 278, 279, 281, 281, 299, 296, 287, 285, 286, 289, 286, 284, 291, 293, 283, 293, 291, 292, 295, 292, 290, 285, 287, 294, 297, 296, 299, 298, 288, 284, 301, 303, 302, 302, 303, 305, 305, 307, 306, 307, 309, 308, 308, 309, 311, 311, 313, 312, 315, 317, 316, 316, 317, 319, 319, 321, 320, 321, 323, 322, 322, 323, 325, 327, 329, 328, 328, 329, 331, 331, 333, 332, 333, 335, 334, 334, 335, 337, 339, 341, 340, 340, 341, 343, 342, 343, 345, 344, 345, 347, 346, 347, 349, 351, 353, 352, 353, 355, 354, 354, 355, 357, 357, 359, 358, 358, 359, 361, 363, 365, 364, 364, 365, 367, 367, 369, 368, 369, 371, 370, 370, 371, 373, 375, 377, 376, 376, 377, 379, 379, 381, 380, 381, 383, 382, 382, 383, 385, 387, 389, 388, 388, 389, 391, 391, 393, 392, 393, 395, 394, 394, 395, 397, 399, 401, 400, 400, 401, 403, 403, 405, 404, 405, 407, 406, 406, 407, 409, 411, 413, 412, 413, 415, 414, 414, 415, 417, 416, 417, 424, 423, 421, 422, 425, 422, 420, 421, 423, 419, 427, 429, 428, 429, 431, 430, 431, 438, 434, 437, 435, 436, 436, 434, 438, 441, 443, 433, 443, 441, 442, 445, 442, 440, 435, 437, 444, 447, 449, 448, 449, 451, 450, 451, 453, 452, 453, 455, 454, 455, 457, 456, 459, 461, 460, 460, 461, 463, 463, 465, 464, 465, 467, 466, 466, 467, 469, 471, 473, 472, 472, 473, 475, 475, 477, 476, 477, 479, 478, 478, 479, 481, 483, 485, 484, 485, 487, 486, 486, 487, 489, 489, 491, 490, 491, 493, 492, 495, 497, 496, 497, 499, 498, 498, 499, 501, 501, 503, 502, 502, 503, 505, 507, 509, 508, 508, 509, 511, 511, 513, 512, 513, 515, 514, 514, 515, 517, 519, 521, 520, 520, 521, 523, 523, 525, 524, 525, 527, 526, 526, 527, 529, 531, 533, 532, 533, 535, 534, 535, 542, 538, 541, 539, 540, 540, 538, 542, 545, 547, 537, 547, 545, 546, 549, 546, 544, 539, 541, 548, 551, 553, 552, 552, 553, 555, 554, 555, 565, 556, 557, 559, 559, 561, 560, 564, 563, 562, 564, 557, 556, 567, 569, 568, 568, 569, 571, 571, 573, 572, 573, 575, 574, 574, 575, 577, 577, 579, 578, 581, 583, 582, 583, 585, 584, 585, 587, 586, 587, 589, 588, 589, 591, 590, 591, 593, 592, 595, 597, 596, 596, 597, 599, 598, 599, 601, 600, 601, 608, 607, 605, 606, 609, 606, 604, 605, 607, 603, 611, 613, 612, 613, 615, 614, 615, 617, 616, 616, 617, 624, 623, 621, 622, 625, 622, 620, 621, 623, 619, 627, 629, 628, 629, 631, 630, 631, 643, 640, 637, 635, 636, 639, 636, 634, 635, 637, 633, 641, 640, 643, 642, 638, 634, 645, 647, 646, 646, 647, 649, 648, 649, 651, 650, 651, 658, 657, 655, 656, 659, 656, 654, 655, 657, 653, 661, 663, 662, 663, 665, 664, 665, 667, 666, 666, 667, 674, 673, 671, 672, 675, 672, 670, 671, 673, 669, 677, 679, 678, 679, 681, 680, 680, 681, 683, 682, 683, 690, 689, 687, 688, 691, 688, 686, 687, 689, 685, 693, 695, 694, 695, 697, 696, 697, 709, 706, 703, 701, 702, 705, 702, 700, 701, 703, 699, 707, 706, 709, 708, 704, 700, 711, 713, 712, 713, 715, 714, 714, 715, 717, 716, 717, 724, 723, 721, 722, 725, 722, 720, 721, 723, 719, 727, 729, 728, 728, 729, 731, 730, 731, 733, 732, 733, 740, 739, 737, 738, 741, 738, 736, 737, 739, 735, 743, 745, 744, 745, 747, 746, 747, 749, 748, 748, 749, 756, 755, 753, 754, 757, 754, 752, 753, 755, 751, 759, 761, 760, 760, 761, 763, 763, 765, 764, 765, 767, 766, 766, 767, 769, 769, 771, 770, 773, 775, 774, 774, 775, 777, 777, 795, 792, 783, 781, 782, 785, 782, 780, 787, 789, 779, 789, 787, 788, 791, 788, 786, 781, 783, 790, 793, 792, 795, 794, 784, 780, 797, 799, 798, 799, 801, 800, 800, 801, 803, 803, 805, 804, 804, 805, 807, 809, 811, 810, 810, 811, 813, 813, 815, 814, 815, 817, 816, 816, 817, 819, 819, 821, 820, 823, 825, 824, 825, 827, 826, 826, 827, 829, 828, 829, 836, 835, 833, 834, 837, 834, 832, 833, 835, 831, 839, 841, 840, 840, 841, 843, 843, 845, 844, 845, 847, 846, 846, 847, 849, 849, 851, 850, 853, 855, 854, 854, 855, 857, 857, 859, 858, 859, 861, 860, 860, 861, 863, 863, 865, 864, 867, 869, 868, 868, 869, 871, 870, 871, 873, 872, 873, 880, 879, 877, 878, 881, 878, 876, 877, 879, 875, 883, 885, 884, 885, 887, 886, 887, 889, 888, 888, 889, 896, 895, 893, 894, 897, 894, 892, 893, 895, 891, 899, 901, 900, 900, 901, 903, 903, 905, 904, 905, 907, 906, 906, 907, 909, 909, 911, 910, 913, 915, 914, 914, 915, 917, 917, 919, 918, 919, 921, 920, 920, 921, 923, 923, 925, 924, 927, 929, 928, 929, 931, 930, 930, 931, 933, 932, 933, 940, 939, 937, 938, 941, 938, 936, 937, 939, 935, 943, 945, 944, 945, 947, 946, 947, 954, 950, 953, 951, 952, 952, 950, 954, 957, 959, 949, 959, 957, 958, 961, 958, 956, 951, 953, 960, 963, 965, 964, 964, 965, 967, 967, 969, 968, 969, 971, 970, 970, 971, 973, 973, 975, 974, 977, 979, 978, 978, 979, 981, 980, 981, 983, 982, 983, 985, 984, 985, 987, 989, 991, 990, 991, 993, 992, 992, 993, 995, 995, 997, 996, 996, 997, 999, 1001, 1003, 1002, 1002, 1003, 1005, 1005, 1007, 1006, 1007, 1009, 1008, 1008, 1009, 1011, 1013, 1015, 1014, 1014, 1015, 1017, 1017, 1019, 1018, 1019, 1021, 1020, 1020, 1021, 1023, 1025, 1027, 1026, 1026, 1027, 1029, 1028, 1029, 1031, 1030, 1031, 1038, 1037, 1035, 1036, 1039, 1036, 1034, 1035, 1037, 1033, 1041, 1043, 1042, 1043, 1045, 1044, 1045, 1047, 1046, 1046, 1047, 1054, 1053, 1051, 1052, 1055, 1052, 1050, 1051, 1053, 1049, 1057, 1059, 1058, 1059, 1061, 1060, 1060, 1061, 1063, 1062, 1063, 1070, 1069, 1067, 1068, 1071, 1068, 1066, 1067, 1069, 1065, 1073, 1075, 1074, 1074, 1075, 1077, 1076, 1077, 1079, 1078, 1079, 1081, 1080, 1081, 1083, 1085, 1087, 1086, 1087, 1089, 1088, 1088, 1089, 1091, 1091, 1093, 1092, 1092, 1093, 1095, 1097, 1099, 1098, 1098, 1099, 1101, 1101, 1103, 1102, 1103, 1105, 1104, 1104, 1105, 1107, 1109, 1111, 1110, 1110, 1111, 1113, 1113, 1115, 1114, 1115, 1117, 1116, 1116, 1117, 1119, 1121, 1123, 1122, 1122, 1123, 1125, 1124, 1125, 1127, 1126, 1127, 1134, 1133, 1131, 1132, 1135, 1132, 1130, 1131, 1133, 1129, 1137, 1139, 1138, 1139, 1141, 1140, 1141, 1143, 1142, 1142, 1143, 1150, 1149, 1147, 1148, 1151, 1148, 1146, 1147, 1149, 1145, 1153, 1155, 1154, 1154, 1155, 1157, 1156, 1157, 1167, 1158, 1159, 1161, 1161, 1163, 1162, 1166, 1165, 1164, 1166, 1159, 1158, 1169, 1171, 1170, 1170, 1171, 1173, 1172, 1173, 1183, 1174, 1175, 1177, 1177, 1179, 1178, 1182, 1181, 1180, 1182, 1175, 1174, 1185, 1187, 1186, 1186, 1187, 1189, 1188, 1189, 1199, 1190, 1191, 1193, 1193, 1195, 1194, 1198, 1197, 1196, 1198, 1191, 1190, 1201, 1203, 1202, 1202, 1203, 1205, 1204, 1205, 1207, 1206, 1207, 1209, 1208, 1209, 1211, 1213, 1215, 1214, 1215, 1217, 1216, 1216, 1217, 1219, 1219, 1221, 1220, 1220, 1221, 1223, 1225, 1227, 1226, 1226, 1227, 1229, 1229, 1231, 1230, 1231, 1233, 1232, 1232, 1233, 1235, 1237, 1239, 1238, 1238, 1239, 1241, 1241, 1243, 1242, 1243, 1245, 1244, 1244, 1245, 1247, 1249, 1251, 1250, 1251, 1253, 1252, 1253, 1260, 1256, 1259, 1257, 1258, 1258, 1256, 1260, 1263, 1265, 1255, 1265, 1263, 1264, 1267, 1264, 1262, 1257, 1259, 1266, 1269, 1271, 1270, 1270, 1271, 1273, 1272, 1273, 1283, 1274, 1275, 1277, 1277, 1279, 1278, 1282, 1281, 1280, 1282, 1275, 1274, 1285, 1287, 1286, 1287, 1289, 1288, 1289, 1296, 1292, 1295, 1293, 1294, 1294, 1292, 1296, 1299, 1301, 1291, 1301, 1299, 1300, 1303, 1300, 1298, 1293, 1295, 1302, 1305, 1307, 1306, 1306, 1307, 1309, 1309, 1311, 1310, 1311, 1313, 1312, 1312, 1313, 1315, 1315, 1317, 1316, 1319, 1321, 1320, 1320, 1321, 1323, 1322, 1323, 1325, 1324, 1325, 1327, 1326, 1327, 1329, 1331, 1333, 1332, 1333, 1335, 1334, 1334, 1335, 1337, 1337, 1339, 1338, 1338, 1339, 1341, 1343, 1345, 1344, 1344, 1345, 1347, 1347, 1349, 1348, 1349, 1351, 1350, 1350, 1351, 1353, 1355, 1357, 1356, 1356, 1357, 1359, 1359, 1361, 1360, 1361, 1363, 1362, 1362, 1363, 1365, 1367, 1369, 1368, 1369, 1371, 1370, 1370, 1371, 1373, 1372, 1373, 1380, 1379, 1377, 1378, 1381, 1378, 1376, 1377, 1379, 1375, 1383, 1385, 1384, 1384, 1385, 1387, 1386, 1387, 1389, 1388, 1389, 1396, 1395, 1393, 1394, 1397, 1394, 1392, 1393, 1395, 1391, 1399, 1401, 1400, 1401, 1403, 1402, 1403, 1405, 1404, 1404, 1405, 1412, 1411, 1409, 1410, 1413, 1410, 1408, 1409, 1411, 1407, 1415, 1417, 1416, 1417, 1419, 1418, 1418, 1419, 1421, 1420, 1421, 1428, 1427, 1425, 1426, 1429, 1426, 1424, 1425, 1427, 1423, 1431, 1433, 1432, 1432, 1433, 1435, 1435, 1453, 1450, 1441, 1439, 1440, 1443, 1440, 1438, 1445, 1447, 1437, 1447, 1445, 1446, 1449, 1446, 1444, 1439, 1441, 1448, 1451, 1450, 1453, 1452, 1442, 1438, 1455, 1457, 1456, 1457, 1459, 1458, 1459, 1471, 1468, 1465, 1463, 1464, 1467, 1464, 1462, 1463, 1465, 1461, 1469, 1468, 1471, 1470, 1466, 1462, 1473, 1475, 1474, 1475, 1477, 1476, 1477, 1479, 1478, 1479, 1481, 1480, 1481, 1483, 1482, 1485, 1487, 1486, 1487, 1489, 1488, 1488, 1489, 1491, 1491, 1493, 1492, 1492, 1493, 1495, 1497, 1499, 1498, 1499, 1501, 1500, 1501, 1513, 1510, 1507, 1505, 1506, 1509, 1506, 1504, 1505, 1507, 1503, 1511, 1510, 1513, 1512, 1508, 1504, 1515, 1517, 1516, 1516, 1517, 1519, 1519, 1521, 1520, 1521, 1523, 1522, 1522, 1523, 1525, 1525, 1527, 1526, 1529, 1531, 1530, 1530, 1531, 1533, 1533, 1535, 1534, 1535, 1537, 1536, 1536, 1537, 1539, 1539, 1541, 1540, 1543, 1545, 1544, 1544, 1545, 1547, 1546, 1547, 1549, 1548, 1549, 1551, 1550, 1551, 1553, 1552, 1553, 1555, 1557, 1559, 1558, 1558, 1559, 1561, 1560, 1561, 1571, 1562, 1563, 1565, 1565, 1567, 1566, 1570, 1569, 1568, 1570, 1563, 1562]
                    rel material:binding = </ReferenceTarget/XForms/World/Looks/plants_atlas_2_mat__001>
                    normal3f[] normals = [(-0.96943074, 0.14637296, -0.19692354), (-0.9871344, 0.11762374, -0.10830669), (-0.96943206, 0.14635955, -0.19692676), (-0.9871344, 0.11762374, -0.10830669), (-0.9731783, 0.14175145, -0.18119177), (-0.9731009, 0.14188497, -0.18150301), (-0.9731783, 0.14175145, -0.18119177), (-0.90602666, 0.20148192, -0.37218362), (-0.9731009, 0.14188497, -0.18150301), (-0.90540123, 0.20194857, -0.37345067), (-0.89876723, 0.2087712, -0.38552836), (-0.90602666, 0.20148192, -0.37218362), (-0.89876723, 0.2087712, -0.38552836), (-0.9243012, 0.18813843, -0.3320711), (-0.92480236, 0.18756555, -0.33099815), (-0.9243012, 0.18813843, -0.3320711), (-0.9395546, 0.17750861, -0.29279304), (-0.92480236, 0.18756555, -0.33099815), (-0.016078474, -0.99146044, -0.12941298), (-0.016378324, -0.99163526, -0.12802793), (-0.016078705, -0.9914604, -0.12941304), (-0.016487012, -0.99162596, -0.12808645), (-0.029352954, -0.9944463, -0.101069406), (-0.016378324, -0.99163526, -0.12802793), (-0.03026241, -0.9945296, -0.09997566), (-0.02870888, -0.99153167, -0.12665257), (-0.029352954, -0.9944463, -0.101069406), (0.053123128, -0.9232555, -0.38049597), (0.010852467, -0.96630657, -0.25716534), (0.010929542, -0.9658647, -0.2588165), (0.010852467, -0.96630657, -0.25716534), (-0.028029257, -0.99098724, -0.13099107), (0.010929542, -0.9658647, -0.2588165), (0.21924005, -0.67806613, -0.7015412), (0.20294113, -0.6263138, -0.75269246), (0.20142363, -0.62605256, -0.7533172), (0.21737877, -0.6836047, -0.6967288), (0.16860159, -0.7849906, -0.5961234), (0.16687241, -0.78770745, -0.5930182), (0.16687241, -0.78770745, -0.5930182), (0.110069685, -0.87232924, -0.47636798), (0.10969862, -0.8716165, -0.4777561), (0.054555126, -0.9225167, -0.382082), (0.10969862, -0.8716165, -0.4777561), (0.110069685, -0.87232924, -0.47636798), (-0.96567035, 0.2136623, 0.14774702), (-0.9544351, 0.21239825, 0.2096199), (-0.96567047, 0.21366206, 0.14774707), (-0.9544351, 0.21239825, 0.2096199), (-0.9074964, 0.20446312, 0.36694008), (-0.9074289, 0.20448034, 0.36709753), (-0.9074964, 0.20446312, 0.36694008), (-0.8722055, 0.19711801, 0.44766295), (-0.9074289, 0.20448034, 0.36709753), (-0.8724049, 0.19737108, 0.4471626), (-0.87227786, 0.20518596, 0.4438806), (-0.8722055, 0.19711801, 0.44766295), (-0.87227786, 0.20518596, 0.4438806), (-0.8980673, 0.2029385, 0.3902449), (-0.8989695, 0.20274001, 0.38826594), (-0.8980673, 0.2029385, 0.3902449), (-0.92371875, 0.20780839, 0.32180634), (-0.8989695, 0.20274001, 0.38826594), (-0.88150007, -0.3793006, -0.2812269), (-0.881875, -0.37944242, -0.2798569), (-0.8815002, -0.37930065, -0.2812269), (-0.8819126, -0.37932944, -0.27989164), (-0.8918434, -0.3758212, -0.2517417), (-0.881875, -0.37944242, -0.2798569), (-0.8923939, -0.37532747, -0.25052404), (-0.88745093, -0.36899066, -0.27618232), (-0.8918434, -0.3758212, -0.2517417), (-0.7746833, -0.35005188, -0.5266208), (-0.8393964, -0.36129537, -0.40605348), (-0.8388709, -0.36077696, -0.40759745), (-0.8393964, -0.36129537, -0.40605348), (-0.886403, -0.3683073, -0.28042713), (-0.8388709, -0.36077696, -0.40759745), (-0.46240628, -0.31264952, -0.8297172), (-0.42075235, -0.26400837, -0.8679096), (-0.42117098, -0.26242462, -0.86818683), (-0.46845973, -0.31455576, -0.8255908), (-0.58666927, -0.33964038, -0.7351623), (-0.5900507, -0.34004518, -0.73226327), (-0.5900507, -0.34004518, -0.73226327), (-0.6979265, -0.35482928, -0.62208897), (-0.6973782, -0.3538688, -0.62324995), (-0.7732839, -0.3506021, -0.52830875), (-0.6973782, -0.3538688, -0.62324995), (-0.6979265, -0.35482928, -0.62208897), (-0.196988, -0.6325508, -0.74904954), (-0.19470038, -0.654911, -0.7301941), (-0.1973024, -0.63244784, -0.74905366), (-0.19470996, -0.6554897, -0.729672), (-0.19217783, -0.6493314, -0.7358236), (-0.19470038, -0.654911, -0.7301941), (-0.19217783, -0.6493314, -0.7358236), (-0.0959438, -0.3120656, -0.94520354), (-0.09219398, -0.2987697, -0.9498615), (-0.0959438, -0.3120656, -0.94520354), (0.009715531, 0.04808186, -0.9987961), (-0.09219398, -0.2987697, -0.9498615), (0.009715531, 0.04808186, -0.9987961), (0.006827284, 0.040289156, -0.99916476), (0.0068097813, 0.040297467, -0.99916446), (-0.4410041, 0.8730587, 0.20804793), (-0.4410041, 0.8730587, 0.20804793), (-0.4410041, 0.8730587, 0.20804793), (-0.4643615, 0.7876443, 0.4049503), (-0.4643615, 0.7876443, 0.4049503), (-0.4643615, 0.7876443, 0.4049503), (-0.37554204, 0.35691094, 0.8553261), (-0.37554204, 0.35691094, 0.8553261), (-0.37554204, 0.35691094, 0.8553261), (-0.1956739, -0.11266902, 0.9741753), (-0.1956739, -0.11266902, 0.9741753), (-0.1956739, -0.11266902, 0.9741753), (0.20839554, -0.8212774, 0.531107), (0.20839554, -0.8212774, 0.531107), (0.20839554, -0.8212774, 0.531107), (-0.13114856, -0.25129518, 0.9589843), (-0.13114856, -0.25129518, 0.9589843), (-0.13114856, -0.25129518, 0.9589843), (0.3520078, -0.92863375, 0.11717527), (0.3520078, -0.92863375, 0.11717527), (0.3520078, -0.92863375, 0.11717527), (-0.99716985, -0.07471887, -0.0083284555), (-0.99342036, -0.10295041, 0.050170843), (-0.99719197, -0.07443107, -0.008253769), (-0.99348956, -0.1026793, 0.049349476), (-0.9805327, -0.12676519, 0.14995366), (-0.99342036, -0.10295041, 0.050170843), (-0.9802902, -0.12599209, 0.15217456), (-0.9921382, -0.08964506, 0.087324224), (-0.9805327, -0.12676519, 0.14995366), (0.09398342, 0.14775471, -0.98454845), (-0.37010774, 0.094743535, -0.924145), (-0.5617502, 0.06871639, -0.8244481), (-0.5617502, 0.06871639, -0.8244481), (-0.8907241, 0.005636698, -0.45450935), (-0.8973204, 0.0032455646, -0.44136792), (0.243437, 0.15944132, -0.9567219), (0.4067604, 0.24789071, -0.8792588), (0.40889156, 0.25382596, -0.87657285), (-0.98874277, -0.031512972, -0.14626932), (-0.9933555, -0.08578713, 0.07671674), (-0.9886658, -0.032005932, -0.14668195), (-0.9886658, -0.032005932, -0.14668195), (-0.8907241, 0.005636698, -0.45450935), (-0.98874277, -0.031512972, -0.14626932), (-0.4475612, 0.8858823, 0.122071885), (-0.4504875, 0.88986766, 0.07208664), (-0.44733918, 0.88599354, 0.1220783), (-0.4504875, 0.88986766, 0.07208664), (-0.44476458, 0.89358604, 0.060732994), (-0.4447224, 0.89332086, 0.06480633), (-0.4447224, 0.89332086, 0.06480633), (-0.44875523, 0.87764263, 0.16841055), (-0.4488352, 0.8761255, 0.17592883), (-0.43503293, 0.7678698, 0.47023645), (-0.44606802, 0.7678127, 0.45987716), (-0.44710767, 0.76828164, 0.45808077), (-0.44606802, 0.7678127, 0.45987716), (-0.454511, 0.8205463, 0.34658816), (-0.44710767, 0.76828164, 0.45808077), (-0.44794527, 0.8403837, 0.3051234), (-0.4488352, 0.8761255, 0.17592883), (-0.44875523, 0.87764263, 0.16841055), (-0.44794527, 0.8403837, 0.3051234), (-0.43503293, 0.7678698, 0.47023645), (-0.44794253, 0.839932, 0.30636847), (0.36718506, 0.87637407, 0.3116786), (0.37394714, 0.85715663, 0.35418376), (0.36706224, 0.8764119, 0.31171694), (0.37394714, 0.85715663, 0.35418376), (0.38789913, 0.71934783, 0.57625765), (0.3895826, 0.71448535, 0.58115065), (0.3895826, 0.71448535, 0.58115065), (0.38637498, 0.43241012, 0.8146999), (0.3864634, 0.42295155, 0.81960845), (0.3864634, 0.42295155, 0.81960845), (0.29156184, 0.033238035, 0.95597434), (0.27949676, -0.00017070571, 0.9601466), (-0.11116696, -0.7963563, 0.5945237), (0.03799257, -0.5668588, 0.82293844), (0.056145187, -0.5365729, 0.8419841), (0.056145187, -0.5365729, 0.8419841), (0.27949676, -0.00017070571, 0.9601466), (0.29156184, 0.033238035, 0.95597434), (-0.11294485, -0.7973324, 0.5928782), (-0.13990143, -0.80730695, 0.5733089), (-0.14065081, -0.8070412, 0.5734997), (-0.24899057, -0.96839195, -0.014855883), (-0.23803228, -0.9708356, -0.028614735), (-0.24930288, -0.96831024, -0.014946177), (-0.23803228, -0.9708356, -0.028614735), (-0.21165787, -0.9672806, -0.13989009), (-0.21091782, -0.96702456, -0.14274864), (-0.21091782, -0.96702456, -0.14274864), (-0.17308374, -0.9430697, -0.2840099), (-0.17225091, -0.9424163, -0.28667247), (-0.17225091, -0.9424163, -0.28667247), (-0.16046733, -0.93473303, -0.31705585), (-0.16067846, -0.9349989, -0.31616378), (-0.16067846, -0.9349989, -0.31616378), (-0.16611435, -0.9391662, -0.30062094), (-0.16614598, -0.9391583, -0.30062777), (-0.49969092, -0.15913308, -0.8514609), (-0.51996136, -0.17394298, -0.8362918), (-0.49977753, -0.1588156, -0.8514694), (-0.5205302, -0.17427008, -0.8358697), (-0.5130582, -0.17277099, -0.8407863), (-0.51996136, -0.17394298, -0.8362918), (-0.5130582, -0.17277099, -0.8407863), (-0.14861451, -0.060312662, -0.9870542), (-0.13489972, -0.055968236, -0.9892773), (-0.14861451, -0.060312662, -0.9870542), (0.21340536, 0.051675804, -0.97559613), (-0.13489972, -0.055968236, -0.9892773), (0.21340536, 0.051675804, -0.97559613), (0.20545584, 0.049873807, -0.97739476), (0.20545176, 0.04989499, -0.9773946), (0.45211792, -0.64212054, -0.61908865), (0.47011986, -0.59931093, -0.6479302), (0.45112064, -0.6425032, -0.619419), (0.47011986, -0.59931093, -0.6479302), (0.4581926, -0.5148004, -0.7245965), (0.4584199, -0.51635784, -0.72334343), (0.4581926, -0.5148004, -0.7245965), (0.42266914, -0.33975363, -0.84018946), (0.4584199, -0.51635784, -0.72334343), (0.41475075, -0.3144576, -0.85387254), (0.30741248, -0.105821215, -0.94567406), (0.42266914, -0.33975363, -0.84018946), (0.30741248, -0.105821215, -0.94567406), (0.25817212, -0.007789089, -0.9660675), (0.25814733, -0.007802176, -0.9660741), (-0.14382814, -0.47845137, -0.866255), (-0.15352815, -0.43001717, -0.8896709), (-0.14473803, -0.47894046, -0.865833), (-0.15352815, -0.43001717, -0.8896709), (-0.21909727, -0.33931565, -0.91480124), (-0.21799643, -0.3409654, -0.9144507), (-0.21909727, -0.33931565, -0.91480124), (-0.27351698, -0.2457466, -0.9299447), (-0.21799643, -0.3409654, -0.9144507), (-0.2777077, -0.23993748, -0.93021953), (-0.31873083, -0.23670444, -0.9178135), (-0.27351698, -0.2457466, -0.9299447), (-0.31873083, -0.23670444, -0.9178135), (-0.30452967, -0.24622674, -0.92012715), (-0.3044124, -0.24615753, -0.9201845), (-0.47893262, -0.8147212, -0.3268835), (-0.4837422, -0.83413696, -0.26496986), (-0.4791826, -0.8145617, -0.32691494), (-0.48359483, -0.8339565, -0.26580554), (-0.5056917, -0.8468398, -0.1647367), (-0.4837422, -0.83413696, -0.26496986), (-0.50712687, -0.8463313, -0.16292822), (-0.5095072, -0.8275311, -0.23578547), (-0.5056917, -0.8468398, -0.1647367), (0.39713755, 0.24043088, -0.88570577), (0.15770127, -0.15516582, -0.9752199), (0.027483568, -0.32679963, -0.9446939), (0.027483568, -0.32679963, -0.9446939), (-0.27414152, -0.64810216, -0.7104998), (-0.28201878, -0.65569043, -0.7003823), (0.45638776, 0.3608372, -0.81333065), (0.44599417, 0.5367752, -0.7162133), (0.4417059, 0.5419716, -0.71495634), (-0.44176722, -0.77044016, -0.45963442), (-0.50802994, -0.82522386, -0.2468019), (-0.44118714, -0.7706624, -0.45981872), (-0.44118714, -0.7706624, -0.45981872), (-0.27414152, -0.64810216, -0.7104998), (-0.44176722, -0.77044016, -0.45963442), (-0.9491482, 0.25515935, -0.18442142), (-0.9491482, 0.25515935, -0.18442142), (-0.9491482, 0.25515935, -0.18442142), (-0.97099715, 0.2372496, 0.029618852), (-0.97099715, 0.2372496, 0.029618852), (-0.97099715, 0.2372496, 0.029618852), (-0.7679144, 0.15956977, 0.6203586), (-0.7679144, 0.15956977, 0.6203586), (-0.7679144, 0.15956977, 0.6203586), (-0.3704357, 0.03977043, 0.92800623), (-0.3704357, 0.03977043, 0.92800623), (-0.3704357, 0.03977043, 0.92800623), (0.51968694, -0.20452555, 0.82951474), (0.51968694, -0.20452555, 0.82951474), (0.51968694, -0.20452555, 0.82951474), (-0.22917157, -0.00019088946, 0.973386), (-0.22917157, -0.00019088946, 0.973386), (-0.22917157, -0.00019088946, 0.973386), (0.82193875, -0.27054778, 0.501219), (0.82193875, -0.27054778, 0.501219), (0.82193875, -0.27054778, 0.501219), (0.48101312, -0.86164343, 0.16185465), (0.4880842, -0.8602295, 0.14757694), (0.48071945, -0.86180574, 0.16186309), (0.4880842, -0.8602295, 0.14757694), (0.48513424, -0.8735704, 0.03898203), (0.48497382, -0.8737957, 0.035798363), (0.48497382, -0.8737957, 0.035798363), (0.48085064, -0.876433, -0.02545388), (0.48080826, -0.8764044, -0.02718237), (0.48085064, -0.876433, -0.02545388), (0.48133624, -0.8749272, 0.053082895), (0.48080826, -0.8764044, -0.02718237), (0.48185888, -0.87390006, 0.06411367), (0.49849945, -0.8604004, 0.10587468), (0.48133624, -0.8749272, 0.053082895), (-0.39439473, -0.6751869, -0.62335825), (-0.39604273, -0.6941799, -0.6010529), (-0.3946749, -0.67501277, -0.6233694), (-0.3961497, -0.6946492, -0.6004397), (-0.39270717, -0.69033027, -0.6076391), (-0.39604273, -0.6941799, -0.6010529), (-0.39270717, -0.69033027, -0.6076391), (-0.23594475, -0.42377108, -0.8744988), (-0.22953944, -0.41268033, -0.8814798), (-0.23594475, -0.42377108, -0.8744988), (-0.053170778, -0.11313069, -0.9921564), (-0.22953944, -0.41268033, -0.8814798), (-0.053170778, -0.11313069, -0.9921564), (-0.057815377, -0.11998711, -0.99109054), (-0.057830468, -0.11997593, -0.991091), (0.6515449, -0.36309248, -0.6660728), (0.63012755, -0.32919374, -0.7032573), (0.6510399, -0.36408985, -0.66602224), (0.63012755, -0.32919374, -0.7032573), (0.5506912, -0.29772905, -0.7798054), (0.5521339, -0.2983516, -0.7785464), (0.5506912, -0.29772905, -0.7798054), (0.38598022, -0.22670247, -0.89421767), (0.5521339, -0.2983516, -0.7785464), (0.3607242, -0.21729596, -0.9070064), (0.12621811, -0.15987663, -0.9790345), (0.38598022, -0.22670247, -0.89421767), (0.12621811, -0.15987663, -0.9790345), (0.02079785, -0.12555875, -0.9918682), (0.020787345, -0.12558645, -0.9918649), (0.073614486, -0.6886341, -0.72136253), (0.02963875, -0.66638654, -0.7450172), (0.07337417, -0.6894351, -0.72062165), (0.02963875, -0.66638654, -0.7450172), (-0.08319759, -0.6489904, -0.7562339), (-0.08123023, -0.6493996, -0.7560965), (-0.08319759, -0.6489904, -0.7562339), (-0.18827003, -0.6195227, -0.76206696), (-0.08123023, -0.6493996, -0.7560965), (-0.19525133, -0.61801004, -0.76153827), (-0.22446078, -0.6377014, -0.73685426), (-0.18827003, -0.6195227, -0.76206696), (-0.22446078, -0.6377014, -0.73685426), (-0.20823024, -0.63635033, -0.742764), (-0.20820282, -0.6362423, -0.74286425), (0.8190705, -0.4789269, -0.31583616), (0.83544916, -0.4832734, -0.26167095), (0.81906843, -0.47893047, -0.31583622), (0.83544916, -0.4832734, -0.26167095), (0.83807456, -0.48556605, -0.24870972), (0.83818656, -0.48537377, -0.2487077), (0.83807456, -0.48556605, -0.24870972), (0.7429416, -0.46011093, -0.48614368), (0.83818656, -0.48537377, -0.2487077), (-0.7057872, 0.3491514, -0.61640716), (-0.3642135, 0.13866389, -0.92093474), (-0.29635796, 0.09822312, -0.95001274), (-0.29635796, 0.09822312, -0.95001274), (0.1572092, -0.16179611, -0.97422135), (0.16255924, -0.16447777, -0.9728934), (-0.8450688, 0.48108956, 0.23326308), (-0.820657, 0.47646397, 0.31544286), (-0.8206333, 0.4765104, 0.31543428), (-0.85095847, 0.48221502, 0.20817888), (-0.8777212, 0.4790878, -0.008963248), (-0.8776049, 0.47428626, -0.069729775), (-0.8776049, 0.47428626, -0.069729775), (-0.8492015, 0.4430688, -0.2873096), (-0.8384176, 0.43449765, -0.32904077), (-0.7413365, 0.3721699, -0.5584887), (-0.8384176, 0.43449765, -0.32904077), (-0.8492015, 0.4430688, -0.2873096), (0.48534873, -0.3428387, -0.80429983), (0.7399567, -0.4589881, -0.4917255), (0.47766194, -0.33794883, -0.81094366), (0.47766194, -0.33794883, -0.81094366), (0.1572092, -0.16179611, -0.97422135), (0.48534873, -0.3428387, -0.80429983), (-0.20788918, -0.9707313, -0.120261356), (-0.22245897, -0.9745781, -0.026634749), (-0.20787643, -0.9707345, -0.12025826), (-0.22245897, -0.9745781, -0.026634749), (-0.21100332, -0.9719607, -0.10377781), (-0.21097822, -0.97192925, -0.10412264), (-0.21100332, -0.9719607, -0.10377781), (-0.17281835, -0.9355089, -0.3081507), (-0.21097822, -0.97192925, -0.10412264), (-0.17259791, -0.9350843, -0.3095601), (-0.17249158, -0.9301566, -0.32412234), (-0.17281835, -0.9355089, -0.3081507), (-0.17249158, -0.9301566, -0.32412234), (-0.18082015, -0.9473213, -0.2643604), (-0.18084446, -0.94766974, -0.26309192), (-0.18082015, -0.9473213, -0.2643604), (-0.19036518, -0.9560786, -0.22287852), (-0.18084446, -0.94766974, -0.26309192), (-0.7118908, 0.30849662, -0.6309051), (-0.68688303, 0.28029644, -0.67054135), (-0.711528, 0.30955142, -0.6307977), (-0.68688303, 0.28029644, -0.67054135), (-0.60572565, 0.2651558, -0.7501925), (-0.6072088, 0.26549137, -0.7488738), (-0.60572565, 0.2651558, -0.7501925), (-0.4355757, 0.22520998, -0.87152416), (-0.6072088, 0.26549137, -0.7488738), (-0.4095812, 0.220265, -0.88528335), (-0.1711799, 0.20105231, -0.9645079), (-0.4355757, 0.22520998, -0.87152416), (-0.1711799, 0.20105231, -0.9645079), (-0.062353414, 0.1827513, -0.9811799), (-0.062346827, 0.18277952, -0.9811751), (-0.18652605, 0.7149203, -0.6738673), (-0.14047049, 0.70056844, -0.6996227), (-0.18638158, 0.7157005, -0.6730786), (-0.14047049, 0.70056844, -0.6996227), (-0.026623065, 0.6999501, -0.71369535), (-0.028624058, 0.70006853, -0.7135017), (-0.026623065, 0.6999501, -0.71369535), (0.08136176, 0.6859987, -0.7230395), (-0.028624058, 0.70006853, -0.7135017), (0.08849843, 0.6854538, -0.7227179), (0.11527125, 0.70748013, -0.69726926), (0.08136176, 0.6859987, -0.7230395), (0.11527125, 0.70748013, -0.69726926), (0.09925293, 0.7042403, -0.70298964), (0.0992384, 0.70413625, -0.703096), (-0.75701225, 0.59183323, 0.27688602), (-0.76392955, 0.59073645, 0.2596961), (-0.7567986, 0.5920897, 0.27692166), (-0.76392955, 0.59073645, 0.2596961), (-0.77103484, 0.6234303, 0.1297689), (-0.771059, 0.62464297, 0.12364912), (-0.771059, 0.62464297, 0.12364912), (-0.7574197, 0.6502171, -0.059438337), (-0.7563414, 0.6507335, -0.06703508), (-0.7563414, 0.6507335, -0.06703508), (-0.7532595, 0.6505456, -0.09690526), (-0.7539964, 0.650268, -0.09295656), (-0.7539964, 0.650268, -0.09295656), (-0.7584417, 0.64947516, -0.054296248), (-0.7583721, 0.6495579, -0.054279942), (0.09335042, 0.85225534, -0.5147296), (0.08884722, 0.8672341, -0.4899093), (0.093672134, 0.85220057, -0.51476187), (0.08879993, 0.86762017, -0.48923397), (0.08691338, 0.8633737, -0.4970232), (0.08884722, 0.8672341, -0.4899093), (0.08691338, 0.8633737, -0.4970232), (0.02840438, 0.59738284, -0.80145305), (0.02624284, 0.5857964, -0.81003326), (0.02840438, 0.59738284, -0.80145305), (-0.031952977, 0.26066053, -0.9649016), (0.02624284, 0.5857964, -0.81003326), (-0.031952977, 0.26066053, -0.9649016), (-0.029927975, 0.2684946, -0.9628162), (-0.029904397, 0.268489, -0.96281844), (-0.76554966, 0.18510559, -0.6161734), (-0.73468876, 0.16699363, -0.6575299), (-0.76544464, 0.1862021, -0.6159735), (-0.73468876, 0.16699363, -0.6575299), (-0.6523885, 0.17796125, -0.73669463), (-0.65390813, 0.17782632, -0.7353788), (-0.6523885, 0.17796125, -0.73669463), (-0.47783569, 0.18930064, -0.85781014), (-0.65390813, 0.17782632, -0.7353788), (-0.45143145, 0.19175027, -0.87145936), (-0.21531759, 0.23555559, -0.9477087), (-0.47783569, 0.18930064, -0.85781014), (-0.21531759, 0.23555559, -0.9477087), (-0.105275504, 0.24475434, -0.9638529), (-0.10527586, 0.24478412, -0.96384525), (-0.35034093, 0.70533, -0.61625546), (-0.3022628, 0.70437133, -0.6422602), (-0.3503819, 0.7060533, -0.61540335), (-0.3022628, 0.70437133, -0.6422602), (-0.19147067, 0.7315944, -0.6543002), (-0.19344302, 0.7312237, -0.6541342), (-0.19147067, 0.7315944, -0.6543002), (-0.08325223, 0.74415374, -0.6628003), (-0.19344302, 0.7312237, -0.6541342), (-0.076186664, 0.74526966, -0.66239625), (-0.055286113, 0.77071947, -0.6347715), (-0.08325223, 0.74415374, -0.6628003), (-0.055286113, 0.77071947, -0.6347715), (-0.07010918, 0.7643324, -0.64099973), (-0.07009904, 0.7642376, -0.6411139), (-0.5934925, 0.53914195, -0.59757227), (-0.59693146, 0.49580023, -0.6307575), (-0.5926365, 0.53982633, -0.5978038), (-0.59693146, 0.49580023, -0.6307575), (-0.55747926, 0.42583054, -0.7126607), (-0.55820733, 0.42713282, -0.7113101), (-0.55747926, 0.42583054, -0.7126607), (-0.46727407, 0.280007, -0.83860064), (-0.55820733, 0.42713282, -0.7113101), (-0.45171043, 0.25945216, -0.8536055), (-0.28409454, 0.10009218, -0.9535575), (-0.46727407, 0.280007, -0.83860064), (-0.28409454, 0.10009218, -0.9535575), (-0.20753247, 0.022696493, -0.97796476), (-0.20751469, 0.022714993, -0.97796816), (0.034275286, 0.5779302, -0.81536615), (0.05868354, 0.5367146, -0.8417207), (0.03498528, 0.5786208, -0.81484604), (0.05868354, 0.5367146, -0.8417207), (0.14902903, 0.47156832, -0.8691454), (0.14748111, 0.4727922, -0.8687444), (0.14902903, 0.47156832, -0.8691454), (0.22904056, 0.39947474, -0.88767135), (0.14748111, 0.4727922, -0.8687444), (0.23475398, 0.39517358, -0.8881039), (0.27439478, 0.40278748, -0.8731952), (0.22904056, 0.39947474, -0.88767135), (0.27439478, 0.40278748, -0.8731952), (0.25808427, 0.4079832, -0.8757523), (0.2579934, 0.40788886, -0.8758231), (0.9701281, 0.13575378, -0.20105296), (0.9701281, 0.13575378, -0.20105296), (0.9701281, 0.13575378, -0.20105296), (0.9913742, 0.13034116, 0.0137261255), (0.9913742, 0.13034116, 0.0137261255), (0.9913742, 0.13034116, 0.0137261255), (0.7944621, 0.04567551, 0.60559386), (0.7944621, 0.04567551, 0.60559386), (0.7944621, 0.04567551, 0.60559386), (0.39145675, -0.031346176, 0.9196625), (0.39145675, -0.031346176, 0.9196625), (0.39145675, -0.031346176, 0.9196625), (-0.5295209, -0.1162291, 0.84029657), (-0.5295209, -0.1162291, 0.84029657), (-0.5295209, -0.1162291, 0.84029657), (0.24696451, -0.05221838, 0.96761656), (0.24696451, -0.05221838, 0.96761656), (0.24696451, -0.05221838, 0.96761656), (-0.8462893, -0.11951656, 0.51914376), (-0.8462893, -0.11951656, 0.51914376), (-0.8462893, -0.11951656, 0.51914376), (-0.13824905, 0.97851294, 0.15296942), (-0.13859761, 0.97825015, 0.15432836), (-0.13824911, 0.9785129, 0.15296942), (-0.13847502, 0.9782678, 0.15432696), (-0.13909669, 0.9730497, 0.18391953), (-0.13859761, 0.97825015, 0.15432836), (-0.13877222, 0.97283596, 0.18529025), (-0.12827908, 0.9785496, 0.16119954), (-0.13909669, 0.9730497, 0.18391953), (-0.07931841, 0.99082345, -0.10944162), (-0.10295188, 0.9943527, 0.025760813), (-0.102232195, 0.9944659, 0.02421276), (-0.10295188, 0.9943527, 0.025760813), (-0.12693751, 0.97939587, 0.1570687), (-0.102232195, 0.9944659, 0.02421276), (-0.039519046, 0.85219616, -0.5217278), (0.0072407965, 0.8210677, -0.5707849), (0.008898783, 0.8211276, -0.57067525), (-0.04105918, 0.85598844, -0.51536185), (-0.06154745, 0.9223699, -0.38137332), (-0.06189589, 0.92404485, -0.37723994), (-0.06189589, 0.92404485, -0.37723994), (-0.07856732, 0.9699575, -0.23023807), (-0.077506274, 0.9697607, -0.23142377), (-0.07976016, 0.9905426, -0.11164082), (-0.077506274, 0.9697607, -0.23142377), (-0.07856732, 0.9699575, -0.23023807), (-0.8943513, 0.35813436, 0.2680962), (-0.9036011, 0.35426855, 0.24082935), (-0.8942286, 0.35844654, 0.26808825), (-0.9037916, 0.35398555, 0.24053024), (-0.9289852, 0.3664361, 0.052068163), (-0.9036011, 0.35426855, 0.24082935), (-0.9291698, 0.366287, 0.049773917), (-0.9087025, 0.36344063, -0.20535499), (-0.9289852, 0.3664361, 0.052068163), (-0.9057998, 0.36258253, -0.21922716), (-0.8986057, 0.35921985, -0.2519302), (-0.9087025, 0.36344063, -0.20535499), (-0.90341455, 0.36034143, -0.23237109), (-0.91378146, 0.3692709, -0.16924065), (-0.8986057, 0.35921985, -0.2519302), (-0.80733883, -0.13918844, -0.5734376), (-0.77390605, -0.15184733, -0.6148267), (-0.8075787, -0.13809803, -0.5733635), (-0.77390605, -0.15184733, -0.6148267), (-0.70232594, -0.12587819, -0.7006375), (-0.7036748, -0.12631083, -0.6992049), (-0.70232594, -0.12587819, -0.7006375), (-0.544981, -0.07627225, -0.834972), (-0.7036748, -0.12631083, -0.6992049), (-0.5212342, -0.06749123, -0.85074073), (-0.3141158, 0.037383735, -0.9486484), (-0.544981, -0.07627225, -0.834972), (-0.3141158, 0.037383735, -0.9486484), (-0.21332867, 0.07810956, -0.973853), (-0.21333829, 0.07813861, -0.97384864), (-0.57822174, 0.4797266, -0.65994096), (-0.5333111, 0.49049506, -0.68919796), (-0.5784576, 0.48050064, -0.6591707), (-0.5333111, 0.49049506, -0.68919796), (-0.43735287, 0.54894304, -0.71230894), (-0.43909934, 0.5480037, -0.7119577), (-0.43735287, 0.54894304, -0.71230894), (-0.339048, 0.59321606, -0.7301651), (-0.43909934, 0.5480037, -0.7119577), (-0.3326887, 0.59650403, -0.7304116), (-0.31988573, 0.63041115, -0.707287), (-0.339048, 0.59321606, -0.7301651), (-0.31988573, 0.63041115, -0.707287), (-0.33215326, 0.6190189, -0.7116809), (-0.33211794, 0.61891836, -0.71178496), (-0.17353858, -0.9808198, -0.08875097), (-0.16757786, -0.98398715, -0.06071973), (-0.17390715, -0.9807492, -0.08881158), (-0.16736804, -0.9840544, -0.060206663), (-0.15584567, -0.97537833, -0.15604196), (-0.16757786, -0.98398715, -0.06071973), (-0.15584567, -0.97537833, -0.15604196), (-0.09569234, -0.8730804, -0.47809377), (-0.09678227, -0.8689742, -0.48530075), (-0.09569234, -0.8730804, -0.47809377), (0.15185142, -0.47849205, -0.86486214), (-0.09678227, -0.8689742, -0.48530075), (0.16617395, -0.43043703, -0.88719225), (0.14347436, -0.061979007, -0.9877113), (0.15185142, -0.47849205, -0.86486214), (-0.560223, -0.114179984, -0.8204348), (-0.57778025, -0.13225688, -0.8054056), (-0.56033427, -0.11387339, -0.82040143), (-0.57827944, -0.1326763, -0.80497813), (-0.5714292, -0.13000742, -0.8102881), (-0.57778025, -0.13225688, -0.8054056), (-0.5714292, -0.13000742, -0.8102881), (-0.23220871, 0.02987629, -0.972207), (-0.21913631, 0.03566902, -0.97504205), (-0.23220871, 0.02987629, -0.972207), (0.118983984, 0.17260145, -0.97777885), (-0.21913631, 0.03566902, -0.97504205), (0.118983984, 0.17260145, -0.97777885), (0.11110776, 0.1702281, -0.9791208), (0.11110271, 0.17024733, -0.979118), (0.4450206, -0.53000647, -0.7218378), (0.45676753, -0.4829488, -0.74707687), (0.4440324, -0.530442, -0.7221264), (0.45676753, -0.4829488, -0.74707687), (0.43103218, -0.39234692, -0.8125732), (0.43149856, -0.39400184, -0.81152415), (0.43103218, -0.39234692, -0.8125732), (0.37097582, -0.21014386, -0.90455323), (0.43149856, -0.39400184, -0.81152415), (0.35980675, -0.18438463, -0.91462636), (0.22784436, 0.022021333, -0.9734485), (0.37097582, -0.21014386, -0.90455323), (0.22784436, 0.022021333, -0.9734485), (0.16914707, 0.11679057, -0.97864664), (0.16912432, 0.116776995, -0.9786521), (-0.18233076, -0.39640695, -0.8997872), (-0.19798799, -0.34686252, -0.9167808), (-0.18315776, -0.39701903, -0.8993492), (-0.19798799, -0.34686252, -0.9167808), (-0.2728259, -0.26043165, -0.9261433), (-0.2715698, -0.26200214, -0.92606956), (-0.2728259, -0.26043165, -0.9261433), (-0.33584368, -0.17113082, -0.92624146), (-0.2715698, -0.26200214, -0.92606956), (-0.34049863, -0.16573447, -0.925523), (-0.38032854, -0.16754095, -0.90954953), (-0.33584368, -0.17113082, -0.92624146), (-0.38032854, -0.16754095, -0.90954953), (-0.36559075, -0.17544836, -0.9140904), (-0.36548313, -0.17536348, -0.9141497), (-0.09955236, 0.97344804, 0.20612672), (-0.09928766, 0.97318244, 0.20750397), (-0.099552535, 0.97344804, 0.20612678), (-0.09917755, 0.9732048, 0.20745161), (-0.087160535, 0.9681908, 0.23454118), (-0.09928766, 0.97318244, 0.20750397), (-0.08628426, 0.9680005, 0.23564833), (-0.087057166, 0.9739401, 0.20943193), (-0.087160535, 0.9681908, 0.23454118), (-0.15630034, 0.986078, -0.05674943), (-0.121335775, 0.98969984, 0.075972594), (-0.12133457, 0.9898295, 0.07426659), (-0.121335775, 0.98969984, 0.075972594), (-0.087600544, 0.9748073, 0.20512635), (-0.12133457, 0.9898295, 0.07426659), (-0.2872204, 0.84600174, -0.44920552), (-0.26408938, 0.8163671, -0.5136162), (-0.26254126, 0.81649303, -0.5142094), (-0.28610268, 0.8497793, -0.442742), (-0.25123858, 0.91631836, -0.3118333), (-0.24989085, 0.91800994, -0.30791613), (-0.24989085, 0.91800994, -0.30791613), (-0.20532751, 0.9643428, -0.16698375), (-0.20485325, 0.9641788, -0.16850635), (-0.15761034, 0.9857632, -0.058565453), (-0.20485325, 0.9641788, -0.16850635), (-0.20532751, 0.9643428, -0.16698375), (-0.8291953, 0.5192292, 0.20696923), (-0.83765656, 0.5229667, 0.15759867), (-0.8290627, 0.51943934, 0.20697309), (-0.83765656, 0.5229667, 0.15759867), (-0.83557755, 0.5295387, 0.14628367), (-0.83508635, 0.52918285, 0.15032066), (-0.83508635, 0.52918285, 0.15032066), (-0.8223408, 0.5098531, 0.25259712), (-0.82104045, 0.5082351, 0.25998017), (-0.73042184, 0.41205448, 0.5446971), (-0.74061894, 0.4066559, 0.5348968), (-0.74188817, 0.40658307, 0.5331905), (-0.74061894, 0.4066559, 0.5348968), (-0.78388524, 0.45148087, 0.42624992), (-0.74188817, 0.40658307, 0.5331905), (-0.79175115, 0.47337753, 0.38606206), (-0.82104045, 0.5082351, 0.25998017), (-0.8223408, 0.5098531, 0.25259712), (-0.79175115, 0.47337753, 0.38606206), (-0.73042184, 0.41205448, 0.5446971), (-0.7914204, 0.47294474, 0.3872687), (0.936372, -0.21065947, 0.28076708), (0.9047522, -0.2107037, 0.37017214), (0.93637425, -0.21064653, 0.2807692), (0.9047522, -0.2107037, 0.37017214), (0.9312921, -0.21120903, 0.2967924), (0.9313912, -0.21123771, 0.29646093), (0.9312921, -0.21120903, 0.2967924), (0.97455204, -0.20517717, 0.09028076), (0.9313912, -0.21123771, 0.29646093), (0.97468764, -0.20518006, 0.08879876), (0.97549164, -0.20736146, 0.0736023), (0.97455204, -0.20517717, 0.09028076), (0.97549164, -0.20736146, 0.0736023), (0.9690072, -0.20623301, 0.13598917), (0.96886164, -0.20605883, 0.13728423), (0.9690072, -0.20623301, 0.13598917), (0.9614114, -0.20919684, 0.17867494), (0.96886164, -0.20605883, 0.13728423), (0.9933702, 0.086802274, -0.075372644), (0.99670666, 0.04605076, 0.06674632), (0.9933673, 0.086850636, -0.075354084), (0.99630255, 0.043814786, 0.073901474), (0.99835527, 0.055980116, 0.012365093), (0.99670666, 0.04605076, 0.06674632), (0.9976443, 0.06529072, -0.02104708), (0.92381793, 0.15478484, -0.3501458), (0.99835527, 0.055980116, 0.012365093), (0.9100903, 0.16290595, -0.38104755), (0.7997352, 0.20880987, -0.5628694), (0.92381793, 0.15478484, -0.3501458), (0.7905712, 0.21211447, -0.57446027), (0.7409634, 0.23224054, -0.63010913), (0.7997352, 0.20880987, -0.5628694), (0.74118495, 0.2324087, -0.62978643), (0.74474204, 0.23140205, -0.6259492), (0.7409634, 0.23224054, -0.63010913), (0.58578074, -0.80568546, 0.08793096), (0.5790708, -0.8040964, 0.13455871), (0.5858877, -0.8056061, 0.087945215), (0.5790708, -0.8040964, 0.13455871), (0.5258741, -0.75763535, 0.38658118), (0.5225137, -0.7567735, 0.39277637), (0.5225137, -0.7567735, 0.39277637), (0.367527, -0.6185955, 0.694452), (0.36138943, -0.61390835, 0.7017936), (0.36138943, -0.61390835, 0.7017936), (0.1427173, -0.33337387, 0.93193007), (0.12393805, -0.30547643, 0.94409937), (-0.40109476, 0.48040745, 0.77995616), (-0.23425812, 0.21410255, 0.9483054), (-0.21459149, 0.18107179, 0.9597726), (-0.21459149, 0.18107179, 0.9597726), (0.12393805, -0.30547643, 0.94409937), (0.1427173, -0.33337387, 0.93193007), (-0.40138078, 0.4825479, 0.7784863), (-0.40034115, 0.511986, 0.75999826), (-0.39967135, 0.51245534, 0.76003444), (0.64339125, -0.42376816, 0.63754857), (0.6006057, -0.43152025, 0.6730995), (0.6433936, -0.42375147, 0.6375573), (0.5982914, -0.43220317, 0.6747206), (0.27705243, -0.47700304, 0.8340923), (0.6006057, -0.43152025, 0.6730995), (0.24689123, -0.4834116, 0.83985585), (-0.15206373, -0.5087033, 0.84740645), (0.27705243, -0.47700304, 0.8340923), (-0.15206373, -0.5087033, 0.84740645), (-0.315334, -0.4027883, 0.85925907), (-0.3618076, -0.37668896, 0.8527606), (-0.69731736, -0.029349176, 0.7161614), (-0.59789646, -0.18498868, 0.77993524), (-0.5121964, -0.24248935, 0.8239258), (-0.5121964, -0.24248935, 0.8239258), (-0.3618076, -0.37668896, 0.8527606), (-0.315334, -0.4027883, 0.85925907), (-0.7169206, -0.010379763, 0.6970776), (-0.7335293, -0.04676587, 0.67804706), (-0.7334712, -0.048317697, 0.67800105), (-0.41465092, 0.8894981, 0.19198325), (-0.4244006, 0.86938524, 0.25308782), (-0.41437945, 0.88962024, 0.19200386), (-0.42438304, 0.8696353, 0.2522568), (-0.4167564, 0.8383453, 0.35141307), (-0.4244006, 0.86938524, 0.25308782), (-0.41542196, 0.8381899, 0.35335848), (-0.40269923, 0.8694781, 0.28607887), (-0.4167564, 0.8383453, 0.35141307), (-0.077885695, 0.069788106, -0.9945167), (-0.2714388, 0.47030702, -0.8397216), (-0.33657104, 0.62652665, -0.7029824), (-0.33657104, 0.62652665, -0.7029824), (-0.4157328, 0.8674893, -0.27318215), (-0.4169182, 0.8713119, -0.2588335), (-0.008710835, -0.0660424, -0.99777883), (0.14702338, -0.19055225, -0.9706049), (0.15379676, -0.19053328, -0.9695585), (-0.40684268, 0.91217285, 0.04919007), (-0.40225965, 0.8731402, 0.2753422), (-0.40736496, 0.9119568, 0.048873574), (-0.40736496, 0.9119568, 0.048873574), (-0.4157328, 0.8674893, -0.27318215), (-0.40684268, 0.91217285, 0.04919007), (0.937951, -0.34266034, 0.053213894), (0.9295968, -0.3553577, 0.09783027), (0.93799245, -0.34254053, 0.05325733), (0.9295968, -0.3553577, 0.09783027), (0.8488507, -0.4029206, 0.3422098), (0.84534764, -0.4054499, 0.34784716), (0.84534764, -0.4054499, 0.34784716), (0.62663317, -0.4465346, 0.63869995), (0.61861646, -0.4477785, 0.64560676), (0.61861646, -0.4477785, 0.64560676), (0.26906458, -0.39398548, 0.8788514), (0.23718287, -0.3846384, 0.8920749), (-0.6365398, -0.0075181434, 0.7712072), (-0.3542517, -0.16624796, 0.920254), (-0.31968635, -0.18443024, 0.9294009), (-0.31968635, -0.18443024, 0.9294009), (0.23718287, -0.3846384, 0.8920749), (0.26906458, -0.39398548, 0.8788514), (-0.6379416, -0.005632945, 0.7700642), (-0.65323657, 0.022644816, 0.7568152), (-0.65296066, 0.023383614, 0.7570307), (0.7426493, -0.124869384, 0.6579359), (0.7106161, -0.16257146, 0.6845402), (0.7426421, -0.124857545, 0.6579464), (0.70904773, -0.16475795, 0.68564284), (0.46547684, -0.41355187, 0.7824999), (0.7106161, -0.16257146, 0.6845402), (0.44427347, -0.43664312, 0.78228116), (0.1323134, -0.67932194, 0.7218136), (0.46547684, -0.41355187, 0.7824999), (0.1323134, -0.67932194, 0.7218136), (-0.062497094, -0.6871473, 0.7238251), (-0.11520378, -0.69045794, 0.71414006), (-0.5833006, -0.56687415, 0.58173364), (-0.41524822, -0.65102977, 0.6353968), (-0.3140064, -0.65949816, 0.6829803), (-0.3140064, -0.65949816, 0.6829803), (-0.11520378, -0.69045794, 0.71414006), (-0.062497094, -0.6871473, 0.7238251), (-0.6094278, -0.55826944, 0.562968), (-0.60125947, -0.5925365, 0.5360854), (-0.600317, -0.59374213, 0.5358075), (-0.17689428, -0.94836366, -0.26327735), (-0.17689428, -0.94836366, -0.26327735), (-0.17689428, -0.94836366, -0.26327735), (-0.19294566, -0.9799192, -0.050304107), (-0.19294566, -0.9799192, -0.050304107), (-0.19294566, -0.9799192, -0.050304107), (-0.22182441, -0.8030248, 0.5531232), (-0.22182441, -0.8030248, 0.5531232), (-0.22182441, -0.8030248, 0.5531232), (-0.17239052, -0.416618, 0.8925867), (-0.17239052, -0.416618, 0.8925867), (-0.17239052, -0.416618, 0.8925867), (0.042489674, 0.4862293, 0.8727976), (0.042489674, 0.4862293, 0.8727976), (0.042489674, 0.4862293, 0.8727976), (-0.14701256, -0.27626908, 0.94976985), (-0.14701256, -0.27626908, 0.94976985), (-0.14701256, -0.27626908, 0.94976985), (0.14661118, 0.8065382, 0.5727139), (0.14661118, 0.8065382, 0.5727139), (0.14661118, 0.8065382, 0.5727139), (-0.96243304, -0.27116838, 0.013799617), (-0.953445, -0.29216233, 0.07472426), (-0.9625122, -0.27088448, 0.013846037), (-0.95356256, -0.29199332, 0.073881306), (-0.93658423, -0.30294827, 0.17615989), (-0.953445, -0.29216233, 0.07472426), (-0.9365112, -0.30192605, 0.17829041), (-0.9550169, -0.2752475, 0.11036926), (-0.93658423, -0.30294827, 0.17615989), (0.06770974, 0.06512087, -0.9955776), (-0.37691548, -0.07250079, -0.9234059), (-0.5600776, -0.12595272, -0.81880945), (-0.5600776, -0.12595272, -0.81880945), (-0.8718305, -0.21594055, -0.43963748), (-0.8778875, -0.21827266, -0.42622834), (0.21172978, 0.108876, -0.9712449), (0.3538475, 0.23516265, -0.90525717), (0.35474417, 0.24163936, -0.90319824), (-0.9620581, -0.24104966, -0.12782493), (-0.95692253, -0.27277872, 0.09945349), (-0.9618827, -0.2415562, -0.12818854), (-0.9618827, -0.2415562, -0.12818854), (-0.8718305, -0.21594055, -0.43963748), (-0.9620581, -0.24104966, -0.12782493), (0.8519608, 0.51294637, -0.10511417), (0.8519608, 0.51294637, -0.10511417), (0.8519608, 0.51294637, -0.10511417), (0.8431283, 0.5263019, 0.11018612), (0.8431283, 0.5263019, 0.11018612), (0.8431283, 0.5263019, 0.11018612), (0.61556274, 0.39465567, 0.68215066), (0.61556274, 0.39465567, 0.68215066), (0.61556274, 0.39465567, 0.68215066), (0.23748921, 0.17300805, 0.9558594), (0.23748921, 0.17300805, 0.9558594), (0.23748921, 0.17300805, 0.9558594), (-0.55093116, -0.28586903, 0.78406227), (-0.55093116, -0.28586903, 0.78406227), (-0.55093116, -0.28586903, 0.78406227), (0.10833673, 0.0968186, 0.9893884), (0.10833673, 0.0968186, 0.9893884), (0.10833673, 0.0968186, 0.9893884), (-0.7911342, -0.43320474, 0.43178737), (-0.7911342, -0.43320474, 0.43178737), (-0.7911342, -0.43320474, 0.43178737), (-0.01630484, -0.9444803, -0.3281633), (-0.014402516, -0.95891356, -0.28333268), (-0.016170561, -0.94448096, -0.32816762), (-0.014402516, -0.95891356, -0.28333268), (0.005555578, -0.99965775, -0.02556373), (0.0042657447, -0.99981827, -0.018581614), (0.0042657447, -0.99981827, -0.018581614), (0.0064955903, -0.93944925, 0.34262648), (0.0054950784, -0.9357669, 0.35257643), (0.0054950784, -0.9357669, 0.35257643), (0.03438641, -0.706026, 0.70735055), (0.038158543, -0.68031657, 0.73192436), (0.08001165, 0.24923943, 0.965131), (0.07215612, -0.10617882, 0.99172556), (0.0691222, -0.14589061, 0.986883), (0.0691222, -0.14589061, 0.986883), (0.038158543, -0.68031657, 0.73192436), (0.03438641, -0.706026, 0.70735055), (0.08088697, 0.25160265, 0.96444464), (0.09703966, 0.28085634, 0.95483136), (0.09785309, 0.2808526, 0.95474946), (0.33333215, -0.9105754, 0.24442196), (0.29980895, -0.9090245, 0.2894636), (0.33334485, -0.91056794, 0.24443269), (0.29779387, -0.90901667, 0.2915604), (0.03979723, -0.843303, 0.5359629), (0.29980895, -0.9090245, 0.2894636), (0.013046857, -0.8350456, 0.55002606), (-0.31432045, -0.65263176, 0.68940145), (0.03979723, -0.843303, 0.5359629), (-0.31432045, -0.65263176, 0.68940145), (-0.37676385, -0.49382305, 0.78370136), (-0.39830002, -0.44763482, 0.8006124), (-0.46949473, 0.042512268, 0.8819112), (-0.47723058, -0.1520811, 0.8655185), (-0.43892536, -0.25743067, 0.86085653), (-0.43892536, -0.25743067, 0.86085653), (-0.39830002, -0.44763482, 0.8006124), (-0.37676385, -0.49382305, 0.78370136), (-0.4759351, 0.07469234, 0.8763029), (-0.5135259, 0.063514, 0.8557203), (-0.5144257, 0.062331203, 0.8552667), (0.9684033, 0.23590113, -0.0809068), (0.97101736, 0.23832183, -0.018109512), (0.96840334, 0.23590033, -0.080906846), (0.97101736, 0.23832183, -0.018109512), (0.9595611, 0.24077798, 0.14583704), (0.95954293, 0.24074739, 0.1460068), (0.9595611, 0.24077798, 0.14583704), (0.94244725, 0.24021879, 0.23256879), (0.95954293, 0.24074739, 0.1460068), (0.9426274, 0.24002828, 0.23203486), (0.94526064, 0.23262501, 0.2288405), (0.94244725, 0.24021879, 0.23256879), (0.94526064, 0.23262501, 0.2288405), (0.9555436, 0.240413, 0.17069846), (0.955829, 0.24078289, 0.16856585), (0.9555436, 0.240413, 0.17069846), (0.965722, 0.240304, 0.09815795), (0.955829, 0.24078289, 0.16856585), (0.2593053, 0.9640333, -0.058314737), (0.2582689, 0.9660718, -0.0016069236), (0.25930956, 0.9640321, -0.05831504), (0.2582689, 0.9660718, -0.0016069236), (0.2595706, 0.9656527, 0.011746152), (0.2593561, 0.96571016, 0.011759936), (0.2595706, 0.9656527, 0.011746152), (0.26387572, 0.93338466, -0.24323344), (0.2593561, 0.96571016, 0.011759936), (-0.14497757, -0.5806334, -0.8011532), (-0.02312701, -0.13035564, -0.9911975), (-0.0008504172, -0.049536396, -0.99877197), (-0.0008504172, -0.049536396, -0.99877197), (0.13483398, 0.44324848, -0.8862001), (0.13603243, 0.44854087, -0.8833494), (-0.25315553, -0.96702, -0.02801055), (-0.256508, -0.96481526, 0.057751317), (-0.25655854, -0.96480215, 0.05774511), (-0.25225347, -0.966166, -0.053771257), (-0.23820782, -0.93304557, -0.269598), (-0.2324302, -0.91572505, -0.32775584), (-0.2324302, -0.91572505, -0.32775584), (-0.2053558, -0.82418054, -0.52778345), (-0.19903213, -0.8010143, -0.56459045), (-0.15923697, -0.6346903, -0.7561825), (-0.19903213, -0.8010143, -0.56459045), (-0.2053558, -0.82418054, -0.52778345), (0.2225566, 0.7485462, -0.62461764), (0.26366037, 0.93180066, -0.24946067), (0.2199245, 0.74193966, -0.633371), (0.2199245, 0.74193966, -0.633371), (0.13483398, 0.44324848, -0.8862001), (0.2225566, 0.7485462, -0.62461764), (-0.62801915, 0.31773186, -0.710379), (-0.6505039, 0.30799013, -0.6942527), (-0.62795687, 0.3180436, -0.71029466), (-0.6510956, 0.3077949, -0.6937844), (-0.6444649, 0.30774683, -0.6999692), (-0.6505039, 0.30799013, -0.6942527), (-0.6444649, 0.30774683, -0.6999692), (-0.29116735, 0.31023732, -0.9049721), (-0.27736267, 0.309412, -0.90957916), (-0.29116735, 0.31023732, -0.9049721), (0.080999866, 0.26447746, -0.96098423), (-0.27736267, 0.309412, -0.90957916), (0.080999866, 0.26447746, -0.96098423), (0.07290236, 0.26648661, -0.9610776), (0.072907805, 0.2665053, -0.961072), (0.3392677, -0.92673975, 0.16140279), (0.3123098, -0.9160323, 0.2516888), (0.33927992, -0.9267345, 0.16140714), (0.3123098, -0.9160323, 0.2516888), (0.33433607, -0.92559916, 0.17744191), (0.33440232, -0.9256398, 0.17710426), (0.33433607, -0.92559916, 0.17744191), (0.38429198, -0.9227983, -0.027622784), (0.33440232, -0.9256398, 0.17710426), (0.3845121, -0.9226615, -0.029088264), (0.38468012, -0.9219793, -0.04444577), (0.38429198, -0.9227983, -0.027622784), (0.38468012, -0.9219793, -0.04444577), (0.37577453, -0.92654616, 0.017483534), (0.37570608, -0.92654824, 0.018797293), (0.37577453, -0.92654616, 0.017483534), (0.3648077, -0.92918295, 0.059451308), (0.37570608, -0.92654824, 0.018797293), (0.7653011, -0.59323865, -0.24976397), (0.7653011, -0.59323865, -0.24976397), (0.7653011, -0.59323865, -0.24976397), (0.73788726, -0.6729925, -0.05102294), (0.73788726, -0.6729925, -0.05102294), (0.73788726, -0.6729925, -0.05102294), (0.44479412, -0.7418625, 0.501795), (0.44479412, -0.7418625, 0.501795), (0.44479412, -0.7418625, 0.501795), (0.07165151, -0.572683, 0.81663966), (0.07165151, -0.572683, 0.81663966), (0.07165151, -0.572683, 0.81663966), (-0.5754559, 0.09285163, 0.81254494), (-0.5754559, 0.09285163, 0.81254494), (-0.5754559, 0.09285163, 0.81254494), (-0.045933478, -0.4897927, 0.870628), (-0.045933478, -0.4897927, 0.870628), (-0.045933478, -0.4897927, 0.870628), (-0.7279693, 0.41996264, 0.54193366), (-0.7279693, 0.41996264, 0.54193366), (-0.7279693, 0.41996264, 0.54193366), (0.06473772, -0.9964967, 0.052946918), (0.05060984, -0.9921809, 0.11408635), (0.06473776, -0.9964967, 0.052946847), (0.05060984, -0.9921809, 0.11408635), (0.01350399, -0.96236956, 0.27140817), (0.01343618, -0.9623272, 0.27156162), (0.01350399, -0.96236956, 0.27140817), (-0.005856581, -0.93546706, 0.35336527), (0.01343618, -0.9623272, 0.27156162), (-0.0059355046, -0.93567485, 0.3528135), (-0.012634397, -0.93743545, 0.34792975), (-0.005856581, -0.93546706, 0.35336527), (-0.012634397, -0.93743545, 0.34792975), (0.007582202, -0.9554966, 0.29490444), (0.00842115, -0.9560831, 0.2929748), (0.007582202, -0.9554966, 0.29490444), (0.023970578, -0.97385365, 0.22590816), (0.00842115, -0.9560831, 0.2929748), (0.54278946, 0.73621696, 0.40418348), (0.50754994, 0.7099553, 0.4882177), (0.5427785, 0.7362253, 0.40418285), (0.50754994, 0.7099553, 0.4882177), (0.5371963, 0.7317868, 0.4194142), (0.5373421, 0.7318553, 0.41910774), (0.5371963, 0.7317868, 0.4194142), (0.5999364, 0.7688302, 0.22130616), (0.5373421, 0.7318553, 0.41910774), (0.60034704, 0.7689193, 0.21987861), (0.606132, 0.7683178, 0.20564975), (0.5999364, 0.7688302, 0.22130616), (0.606132, 0.7683178, 0.20564975), (0.58763534, 0.7643386, 0.26546392), (0.58711606, 0.7643172, 0.266672), (0.58763534, 0.7643386, 0.26546392), (0.5767932, 0.7570448, 0.30690867), (0.58711606, 0.7643172, 0.266672), (0.7637841, 0.63644296, 0.10758358), (0.7596788, 0.631727, 0.15430245), (0.7636979, 0.6365457, 0.1075879), (0.7596788, 0.631727, 0.15430245), (0.7006924, 0.5871157, 0.40537032), (0.69963986, 0.58398926, 0.411656), (0.69963986, 0.58398926, 0.411656), (0.5520027, 0.43456152, 0.7116525), (0.5472268, 0.4284863, 0.71898705), (0.5472268, 0.4284863, 0.71898705), (0.26585644, 0.203814, 0.9422209), (0.23837343, 0.18395281, 0.95359296), (-0.5044019, -0.39411035, 0.768281), (-0.25911057, -0.20424683, 0.9440048), (-0.22803523, -0.18213762, 0.9564653), (-0.22803523, -0.18213762, 0.9564653), (0.23837343, 0.18395281, 0.95359296), (0.26585644, 0.203814, 0.9422209), (-0.5064257, -0.39459074, 0.76670146), (-0.53465354, -0.39615476, 0.74646294), (-0.5351613, -0.39551395, 0.7464389), (0.345641, 0.6954235, 0.63001454), (0.35357738, 0.6548039, 0.6679932), (0.3456247, 0.69542533, 0.63002163), (0.35428807, 0.6526098, 0.66976136), (0.40735802, 0.3420538, 0.8467932), (0.35357738, 0.6548039, 0.6679932), (0.41511187, 0.31261662, 0.8543728), (0.46269128, -0.08336853, 0.8825908), (0.40735802, 0.3420538, 0.8467932), (0.46269128, -0.08336853, 0.8825908), (0.365774, -0.25201038, 0.8959353), (0.34283435, -0.30021283, 0.89013296), (0.024425648, -0.66172093, 0.7493522), (0.16989265, -0.5503915, 0.8174385), (0.21953249, -0.45952544, 0.86060554), (0.21953249, -0.45952544, 0.86060554), (0.34283435, -0.30021283, 0.89013296), (0.365774, -0.25201038, 0.8959353), (0.007829815, -0.6832609, 0.73013234), (0.04621107, -0.69849527, 0.714121), (0.04775652, -0.6983465, 0.71416485), (-0.91424716, 0.40508458, -0.00765972), (-0.92085385, 0.38641936, 0.052040856), (-0.9142469, 0.40508488, -0.007659648), (-0.92085385, 0.38641936, 0.052040856), (-0.92113984, 0.32999077, 0.20641568), (-0.9211161, 0.3299525, 0.20658255), (-0.92113984, 0.32999077, 0.20641568), (-0.91128993, 0.295186, 0.2870817), (-0.9211161, 0.3299525, 0.20658255), (-0.9112955, 0.2955917, 0.28664637), (-0.90886927, 0.30367562, 0.28589797), (-0.91128993, 0.295186, 0.2870817), (-0.90886927, 0.30367562, 0.28589797), (-0.91889745, 0.32070988, 0.22972314), (-0.9192415, 0.3212178, 0.22762716), (-0.91889745, 0.32070988, 0.22972314), (-0.9234542, 0.34790033, 0.16185653), (-0.9192415, 0.3212178, 0.22762716), (-0.5112103, 0.83126295, 0.21832518), (-0.5133961, 0.8009189, 0.30814514), (-0.5112219, 0.8312562, 0.2183239), (-0.5133961, 0.8009189, 0.30814514), (-0.51158893, 0.8266152, 0.23448664), (-0.5115488, 0.8267323, 0.23416148), (-0.51158893, 0.8266152, 0.23448664), (-0.49194002, 0.87014997, 0.028880345), (-0.5115488, 0.8267323, 0.23416148), (-0.4916539, 0.87035847, 0.027434573), (-0.48677763, 0.87342644, 0.013182529), (-0.49194002, 0.87014997, 0.028880345), (-0.48677763, 0.87342644, 0.013182529), (-0.49905327, 0.863416, 0.07388291), (-0.4994117, 0.86310285, 0.07510927), (-0.49905327, 0.863416, 0.07388291), (-0.50269085, 0.8565609, 0.11664213), (-0.4994117, 0.86310285, 0.07510927), (-0.3068304, 0.9469952, -0.09515909), (-0.3068304, 0.9469952, -0.09515909), (-0.3068304, 0.9469952, -0.09515909), (-0.3265027, 0.9375948, 0.11963269), (-0.3265027, 0.9375948, 0.11963269), (-0.3265027, 0.9375948, 0.11963269), (-0.2616143, 0.67627394, 0.68863016), (-0.2616143, 0.67627394, 0.68863016), (-0.2616143, 0.67627394, 0.68863016), (-0.13623206, 0.25336877, 0.9577292), (-0.13623206, 0.25336877, 0.9577292), (-0.13623206, 0.25336877, 0.9577292), (0.13816546, -0.614722, 0.7765481), (0.13816546, -0.614722, 0.7765481), (0.13816546, -0.614722, 0.7765481), (-0.091632105, 0.1098447, 0.989716), (-0.091632105, 0.1098447, 0.989716), (-0.091632105, 0.1098447, 0.989716), (0.23563422, -0.87559545, 0.42167428), (0.23563422, -0.87559545, 0.42167428), (0.23563422, -0.87559545, 0.42167428), (0.97440547, 0.22422221, -0.01607451), (0.9745285, 0.22377987, -0.014721769), (0.97440547, 0.22422197, -0.016074628), (0.9745502, 0.22368085, -0.0147932675), (0.9780432, 0.20812818, 0.01069062), (0.9745285, 0.22377987, -0.014721769), (0.9782466, 0.20711666, 0.011673616), (0.97723275, 0.21165265, -0.01481229), (0.9780432, 0.20812818, 0.01069062), (0.91323817, 0.31065875, -0.2636044), (0.954486, 0.26234537, -0.14188522), (0.9541795, 0.2625517, -0.14355548), (0.954486, 0.26234537, -0.14188522), (0.97691154, 0.21279071, -0.019076338), (0.9541795, 0.2625517, -0.14355548), (0.663745, 0.4607634, -0.58918566), (0.6218335, 0.44057658, -0.64746845), (0.62199247, 0.43914083, -0.6482906), (0.66913956, 0.4595368, -0.584019), (0.7703099, 0.42115462, -0.47880203), (0.7730863, 0.41966218, -0.4756272), (0.7730863, 0.41966218, -0.4756272), (0.8585725, 0.36755913, -0.35742632), (0.85808784, 0.3672348, -0.35892037), (0.9123184, 0.31209573, -0.26508752), (0.85808784, 0.3672348, -0.35892037), (0.8585725, 0.36755913, -0.35742632), (0.87830096, 0.47541633, -0.05066319), (0.886066, 0.4615761, 0.042831514), (0.878295, 0.47542772, -0.050659798), (0.886066, 0.4615761, 0.042831514), (0.8804359, 0.47293273, -0.034165524), (0.8804125, 0.47295123, -0.034512337), (0.8804359, 0.47293273, -0.034165524), (0.8380267, 0.48989075, -0.24024612), (0.8804125, 0.47295123, -0.034512337), (0.8376305, 0.48986295, -0.24168058), (0.8345369, 0.48756754, -0.25656593), (0.8380267, 0.48989075, -0.24024612), (0.8345369, 0.48756754, -0.25656593), (0.85004205, 0.4889715, -0.19579439), (0.85026014, 0.4891075, -0.19450374), (0.85004205, 0.4889715, -0.19579439), (0.8608652, 0.48500288, -0.15389368), (0.85026014, 0.4891075, -0.19450374), (-0.3176664, 0.947443, 0.037943617), (-0.32698417, 0.94474834, 0.023060812), (-0.31735316, 0.9475502, 0.03788851), (-0.32698417, 0.94474834, 0.023060812), (-0.33761054, 0.93691665, -0.09058863), (-0.33784622, 0.9365436, -0.09351948), (-0.33784622, 0.9365436, -0.09351948), (-0.3444044, 0.9079493, -0.23877536), (-0.34451815, 0.9071765, -0.24153243), (-0.34451815, 0.9071765, -0.24153243), (-0.34759218, 0.8969434, -0.2732623), (-0.3476364, 0.89720505, -0.27234548), (-0.3476364, 0.89720505, -0.27234548), (-0.3467015, 0.902315, -0.2561751), (-0.34667084, 0.90232587, -0.2561783), (0.40288287, 0.47379392, -0.7830739), (0.41045502, 0.4958533, -0.76528174), (0.40312892, 0.4735746, -0.78307986), (0.41071472, 0.49639758, -0.76478946), (0.40569514, 0.4915432, -0.7705821), (0.41045502, 0.4958533, -0.76528174), (0.40569514, 0.4915432, -0.7705821), (0.1750703, 0.21342559, -0.9611451), (0.16615734, 0.20257269, -0.9650679), (0.1750703, 0.21342559, -0.9611451), (-0.067125015, -0.076312885, -0.9948219), (0.16615734, 0.20257269, -0.9650679), (-0.067125015, -0.076312885, -0.9948219), (-0.061410457, -0.07035623, -0.9956298), (-0.061398122, -0.07037124, -0.99562955), (-0.6740993, 0.34732568, -0.65188575), (-0.66340995, 0.3041346, -0.68365884), (-0.67344606, 0.3482118, -0.65208805), (-0.66340995, 0.3041346, -0.68365884), (-0.60097325, 0.24609736, -0.76043886), (-0.6021175, 0.24717852, -0.75918204), (-0.60097325, 0.24609736, -0.76043886), (-0.46629187, 0.12804009, -0.87531567), (-0.6021175, 0.24717852, -0.75918204), (-0.44476864, 0.1122381, -0.88858515), (-0.23385179, 0.0027329698, -0.9722684), (-0.46629187, 0.12804009, -0.87531567), (-0.23385179, 0.0027329698, -0.9722684), (-0.13762806, -0.051247563, -0.9891573), (-0.1376126, -0.051221903, -0.9891609), (-0.06660067, 0.5514067, -0.83157384), (-0.030193722, 0.5179267, -0.854892), (-0.066141695, 0.55227286, -0.8310355), (-0.030193722, 0.5179267, -0.854892), (0.07606062, 0.47928572, -0.87435687), (0.07421419, 0.48005033, -0.87409616), (0.07606062, 0.47928572, -0.87435687), (0.17363393, 0.43133014, -0.885328), (0.07421419, 0.48005033, -0.87409616), (0.1803106, 0.4287366, -0.8852531), (0.21526903, 0.44705018, -0.8682197), (0.17363393, 0.43133014, -0.885328), (0.21526903, 0.44705018, -0.8682197), (0.19836201, 0.4475261, -0.87199366), (0.19830494, 0.44740817, -0.87206703), (0.5434659, -0.8354755, -0.08139727), (0.5455178, -0.8373952, -0.034346074), (0.5435783, -0.8354023, -0.08139766), (0.5455178, -0.8373952, -0.034346074), (0.54223907, -0.8093, 0.2258547), (0.5401282, -0.8087965, 0.23261508), (0.5401282, -0.8087965, 0.23261508), (0.4514923, -0.688874, 0.5671043), (0.44709206, -0.6845307, 0.5757833), (0.44709206, -0.6845307, 0.5757833), (0.29122823, -0.41420686, 0.8623333), (0.27667627, -0.38658643, 0.8797733), (-0.22230688, 0.43268025, 0.873709), (-0.043434225, 0.14636606, 0.98827654), (-0.023985106, 0.1116734, 0.99345547), (-0.023985106, 0.1116734, 0.99345547), (0.27667627, -0.38658643, 0.8797733), (0.29122823, -0.41420686, 0.8623333), (-0.22272973, 0.4349451, 0.8724759), (-0.22337131, 0.4657133, 0.8562805), (-0.22268014, 0.46614772, 0.85622424), (0.7232496, -0.5025378, 0.4736727), (0.6873268, -0.51123375, 0.51596695), (0.72325444, -0.5025225, 0.47368136), (0.6853124, -0.5119424, 0.51794004), (0.39665616, -0.55522305, 0.7310207), (0.6873268, -0.51123375, 0.51596695), (0.36773401, -0.56072974, 0.7418583), (-0.023861555, -0.56874454, 0.82216805), (0.39665616, -0.55522305, 0.7310207), (-0.023861555, -0.56874454, 0.82216805), (-0.17566459, -0.45697802, 0.8719593), (-0.2209265, -0.42839023, 0.8761697), (-0.5547191, -0.056456275, 0.83012015), (-0.45464146, -0.22111057, 0.86279273), (-0.36588463, -0.2857509, 0.8857058), (-0.36588463, -0.2857509, 0.8857058), (-0.2209265, -0.42839023, 0.8761697), (-0.17566459, -0.45697802, 0.8719593), (-0.5763375, -0.035134595, 0.81645614), (-0.5982725, -0.06908923, 0.7983086), (-0.5983155, -0.070633724, 0.79814136), (0.035659153, 0.99919295, 0.01848585), (0.035659153, 0.99919295, 0.01848585), (0.035659153, 0.99919295, 0.01848585), (0.011712133, 0.97278416, 0.23141702), (0.011712133, 0.97278416, 0.23141702), (0.011712133, 0.97278416, 0.23141702), (-0.02242386, 0.6423277, 0.76610196), (-0.02242386, 0.6423277, 0.76610196), (-0.02242386, 0.6423277, 0.76610196), (-0.051648945, 0.17440793, 0.983318), (-0.051648945, 0.17440793, 0.983318), (-0.051648945, 0.17440793, 0.983318), (-0.087978974, -0.708802, 0.6998997), (-0.087978974, -0.708802, 0.6998997), (-0.087978974, -0.708802, 0.6998997), (-0.0590199, 0.021630276, 0.9980224), (-0.0590199, 0.021630276, 0.9980224), (-0.0590199, 0.021630276, 0.9980224), (-0.08164493, -0.9452999, 0.31581983), (-0.08164493, -0.9452999, 0.31581983), (-0.08164493, -0.9452999, 0.31581983), (0.03539417, -0.990297, -0.13438424), (0.04711928, -0.9879363, -0.14751808), (0.03507477, -0.9902944, -0.13448718), (0.04711928, -0.9879363, -0.14751808), (0.075623035, -0.9638033, -0.25566453), (0.07636867, -0.96300906, -0.25842106), (0.07636867, -0.96300906, -0.25842106), (0.111227475, -0.91263396, -0.39335433), (0.11194236, -0.9114589, -0.3958682), (0.11194236, -0.9114589, -0.3958682), (0.12222244, -0.8972038, -0.42436647), (0.12206136, -0.89762354, -0.42352447), (0.12206136, -0.89762354, -0.42352447), (0.11744694, -0.90497696, -0.40892896), (0.11741504, -0.9049775, -0.40893716), (-0.40169406, -0.18673119, -0.896534), (-0.41754362, -0.20827417, -0.8844654), (-0.4018655, -0.1864518, -0.8965154), (-0.41801172, -0.2087937, -0.8841218), (-0.4110672, -0.20472005, -0.88832057), (-0.41754362, -0.20827417, -0.8844654), (-0.4110672, -0.20472005, -0.88832057), (-0.087960176, 0.020813106, -0.9959065), (-0.07593378, 0.02902677, -0.9966903), (-0.087960176, 0.020813106, -0.9959065), (0.22698338, 0.22622405, -0.94725984), (-0.07593378, 0.02902677, -0.9966903), (0.22698338, 0.22622405, -0.94725984), (0.2199789, 0.22250003, -0.949791), (0.21997005, 0.22251838, -0.94978887), (0.63822436, -0.4125102, -0.65000385), (0.644494, -0.36321226, -0.6728331), (0.6373883, -0.41311136, -0.6504423), (0.644494, -0.36321226, -0.6728331), (0.6121044, -0.27666909, -0.74079853), (0.61271554, -0.27824488, -0.7397023), (0.6121044, -0.27666909, -0.74079853), (0.53300184, -0.105576254, -0.83950156), (0.61271554, -0.27824488, -0.7397023), (0.5187899, -0.08199391, -0.8509607), (0.3604336, 0.09836825, -0.9275835), (0.53300184, -0.105576254, -0.83950156), (0.3604336, 0.09836825, -0.9275835), (0.28635332, 0.18074183, -0.94092196), (0.2863346, 0.18072425, -0.940931), (0.030095667, -0.39115027, -0.91983455), (0.008081469, -0.3447703, -0.9386522), (0.02934246, -0.391921, -0.91953087), (0.008081469, -0.3447703, -0.9386522), (-0.07950136, -0.27341697, -0.9586045), (-0.0779955, -0.2747315, -0.9583523), (-0.07950136, -0.27341697, -0.9586045), (-0.1574641, -0.19736636, -0.9676009), (-0.0779955, -0.2747315, -0.9583523), (-0.16310918, -0.19295153, -0.96755624), (-0.203814, -0.2027053, -0.95779455), (-0.1574641, -0.19736636, -0.9676009), (-0.203814, -0.2027053, -0.95779455), (-0.18747346, -0.20756856, -0.960088), (-0.1873796, -0.20746289, -0.9601292), (0.075260036, 0.9853276, 0.15318406), (0.06915372, 0.97750306, 0.19926228), (0.07512738, 0.98534, 0.15317015), (0.06915372, 0.97750306, 0.19926228), (0.023974184, 0.8958146, 0.44378093), (0.024545697, 0.8926378, 0.45010597), (0.024545697, 0.8926378, 0.45010597), (-0.016310604, 0.6724987, 0.73991853), (-0.016433893, 0.6645747, 0.74704117), (-0.016433893, 0.6645747, 0.74704117), (-0.08770184, 0.29960918, 0.95002246), (-0.0946638, 0.26579863, 0.9593695), (-0.18516697, -0.6606283, 0.7275187), (-0.17053993, -0.35932064, 0.91749924), (-0.1659591, -0.3222033, 0.93200994), (-0.1659591, -0.3222033, 0.93200994), (-0.0946638, 0.26579863, 0.9593695), (-0.08770184, 0.29960918, 0.95002246), (-0.18602976, -0.66233784, 0.72574204), (-0.20190383, -0.68259436, 0.70235306), (-0.202705, -0.682495, 0.70221895), (-0.3320228, 0.7157431, 0.6143881), (-0.30334106, 0.6911626, 0.65595615), (-0.332037, 0.715732, 0.6143933), (-0.3015541, 0.6900425, 0.6579563), (-0.071857005, 0.50053984, 0.86272615), (-0.30334106, 0.6911626, 0.65595615), (-0.04689909, 0.48480815, 0.87336224), (0.25945207, 0.23576842, 0.93653506), (-0.071857005, 0.50053984, 0.86272615), (0.25945207, 0.23576842, 0.93653506), (0.30759266, 0.04733399, 0.9503401), (0.32603294, -0.002850908, 0.9453541), (0.37531307, -0.47875598, 0.793683), (0.38992536, -0.29972437, 0.87070286), (0.35514817, -0.20171814, 0.91278666), (0.35514817, -0.20171814, 0.91278666), (0.32603294, -0.002850908, 0.9453541), (0.30759266, 0.04733399, 0.9503401), (0.38142586, -0.50507087, 0.7742207), (0.42124972, -0.4883405, 0.76424617), (0.42222387, -0.48714894, 0.7644691), (-0.7661896, 0.61352426, -0.19115824), (-0.7591604, 0.6049805, -0.24015422), (-0.7660342, 0.6137181, -0.19115897), (-0.7591604, 0.6049805, -0.24015422), (-0.7529063, 0.6082318, -0.2513685), (-0.75367785, 0.60889673, -0.2474156), (-0.75367785, 0.60889673, -0.2474156), (-0.7744805, 0.6157865, -0.14486843), (-0.77565527, 0.61604357, -0.13729268), (-0.7878221, 0.5904249, 0.17531307), (-0.79539317, 0.5834214, 0.16422272), (-0.7961034, 0.5830021, 0.16225885), (-0.79539317, 0.5834214, 0.16422272), (-0.7977511, 0.6016365, 0.040330015), (-0.7961034, 0.5830021, 0.16225885), (-0.7901248, 0.6129325, -0.0040609064), (-0.77565527, 0.61604357, -0.13729268), (-0.7744805, 0.6157865, -0.14486843), (-0.7901248, 0.6129325, -0.0040609064), (-0.7878221, 0.5904249, 0.17531307), (-0.7902297, 0.6128047, -0.0027462798), (0.9732624, -0.06776072, -0.21947375), (0.96118087, -0.06500977, -0.26815125), (0.9732453, -0.068009585, -0.2194726), (0.96118087, -0.06500977, -0.26815125), (0.95757186, -0.07132733, -0.2792285), (0.9587006, -0.07141209, -0.27530608), (0.9587006, -0.07141209, -0.27530608), (0.9827181, -0.06463441, -0.17345722), (0.9840514, -0.06413334, -0.1659209), (0.98860884, -0.034395806, 0.14652503), (0.99050117, -0.02440127, 0.13532212), (0.990787, -0.02366329, 0.13334611), (0.99050117, -0.02440127, 0.13532212), (0.9991866, -0.03873833, 0.011202928), (0.990787, -0.02366329, 0.13334611), (0.99806774, -0.052580826, -0.033107318), (0.9840514, -0.06413334, -0.1659209), (0.9827181, -0.06463441, -0.17345722), (0.99806774, -0.052580826, -0.033107318), (0.98860884, -0.034395806, 0.14652503), (0.99811935, -0.0524095, -0.031794783), (0.97266376, -0.0605825, 0.22417611), (0.98309565, -0.046997804, 0.17695777), (0.97266227, -0.060824156, 0.22411744), (0.98309565, -0.046997804, 0.17695777), (0.9850975, -0.05063066, 0.16437621), (0.98438823, -0.051598772, 0.16827777), (0.98438823, -0.051598772, 0.16827777), (0.9607124, -0.06776471, 0.26914635), (0.95856273, -0.06894049, 0.27641404), (0.82347405, -0.1068637, 0.55719894), (0.82952803, -0.09478903, 0.55036193), (0.8306111, -0.09365863, 0.54892), (0.82952803, -0.09478903, 0.55036193), (0.8927447, -0.08259656, 0.44292736), (0.8306111, -0.09365863, 0.54892), (0.9120269, -0.086629935, 0.40087685), (0.95856273, -0.06894049, 0.27641404), (0.9607124, -0.06776471, 0.26914635), (0.9120269, -0.086629935, 0.40087685), (0.82347405, -0.1068637, 0.55719894), (0.9114863, -0.08674298, 0.4020799), (-0.82531387, -0.55240697, -0.11706175), (-0.82008594, -0.556438, -0.13355032), (-0.8255018, -0.55212986, -0.1170446), (-0.82008594, -0.556438, -0.13355032), (-0.8088805, -0.53437984, -0.24525617), (-0.80843735, -0.5337306, -0.2481142), (-0.80843735, -0.5337306, -0.2481142), (-0.7781489, -0.49415988, -0.38767293), (-0.7773557, -0.4933389, -0.39030117), (-0.7773557, -0.4933389, -0.39030117), (-0.7664557, -0.4851788, -0.42088872), (-0.7667016, -0.48552918, -0.42003575), (-0.7667016, -0.48552918, -0.42003575), (-0.7719858, -0.49024457, -0.40459633), (-0.77200466, -0.49021798, -0.4045925), (-0.56026095, 0.45641065, -0.6912286), (-0.58367485, 0.4530041, -0.67387754), (-0.56011695, 0.4566978, -0.6911557), (-0.5842725, 0.45297432, -0.67337954), (-0.5781881, 0.45112762, -0.67983997), (-0.58367485, 0.4530041, -0.67387754), (-0.5781881, 0.45112762, -0.67983997), (-0.24647951, 0.35965085, -0.899944), (-0.23357132, 0.35523653, -0.90512514), (-0.24647951, 0.35965085, -0.899944), (0.09846816, 0.21911632, -0.9707173), (-0.23357132, 0.35523653, -0.90512514), (0.09846816, 0.21911632, -0.9707173), (0.09116766, 0.22318283, -0.9705039), (0.091178305, 0.22320096, -0.9704988), (-0.14610912, -0.5453919, -0.82534826), (-0.10720517, -0.51582897, -0.8499573), (-0.1471401, -0.54496336, -0.8254483), (-0.10720517, -0.51582897, -0.8499573), (-0.067888066, -0.422489, -0.90382206), (-0.06862434, -0.42416447, -0.90298134), (-0.067888066, -0.422489, -0.90382206), (0.009750159, -0.23636374, -0.9716157), (-0.06862434, -0.42416447, -0.90298134), (0.01918465, -0.20874615, -0.97778165), (0.06769772, 0.037747435, -0.9969915), (0.009750159, -0.23636374, -0.9716157), (0.06769772, 0.037747435, -0.9969915), (0.09355427, 0.14561936, -0.9849074), (0.093525164, 0.145627, -0.98490906), (-0.50673586, 0.012843085, -0.8620057), (-0.48426944, 0.06152511, -0.87275296), (-0.5076981, 0.012901998, -0.8614384), (-0.48426944, 0.06152511, -0.87275296), (-0.47596055, 0.1754116, -0.86179596), (-0.47619823, 0.17342867, -0.862066), (-0.47596055, 0.1754116, -0.86179596), (-0.4562526, 0.28145623, -0.84416574), (-0.47619823, 0.17342867, -0.862066), (-0.4555742, 0.28831583, -0.84221494), (-0.48290002, 0.31152514, -0.81838846), (-0.4562526, 0.28145623, -0.84416574), (-0.48290002, 0.31152514, -0.81838846), (-0.47874287, 0.29667246, -0.82631147), (-0.47861403, 0.29666904, -0.8263874), (-0.9749764, -0.03636976, -0.21931323), (-0.97526395, -0.036750123, -0.21796715), (-0.9749763, -0.03636988, -0.21931326), (-0.975268, -0.036626134, -0.2179695), (-0.9813289, -0.03792942, -0.18856026), (-0.97526395, -0.036750123, -0.21796715), (-0.98160195, -0.037635542, -0.18719323), (-0.9770755, -0.026483448, -0.21123923), (-0.9813289, -0.03792942, -0.18856026), (-0.8847159, 0.024820259, -0.4654694), (-0.93972087, 0.0010131799, -0.3419409), (-0.9391908, 0.001747552, -0.34339115), (-0.93972087, 0.0010131799, -0.3419409), (-0.9762193, -0.025042033, -0.21533425), (-0.9391908, 0.001747552, -0.34339115), (-0.6016862, 0.0520471, -0.7970351), (-0.55046904, 0.09556049, -0.8293685), (-0.550407, 0.09721527, -0.8292173), (-0.6076745, 0.050878547, -0.7925548), (-0.7201219, 0.036743406, -0.69287395), (-0.7232188, 0.036550507, -0.6896511), (-0.7232188, 0.036550507, -0.6896511), (-0.82111365, 0.024009746, -0.5702595), (-0.82039636, 0.025049873, -0.5712464), (-0.88369226, 0.024362307, -0.4674338), (-0.82039636, 0.025049873, -0.5712464), (-0.82111365, 0.024009746, -0.5702595), (-0.5790683, 0.8070211, 0.11574485), (-0.57330173, 0.81661844, 0.066778615), (-0.5788685, 0.8071556, 0.11580556), (-0.57330173, 0.81661844, 0.066778615), (-0.5661662, 0.8223054, 0.057180703), (-0.5668349, 0.82155967, 0.061138626), (-0.5668349, 0.82155967, 0.061138626), (-0.587593, 0.79319257, 0.15993752), (-0.58884335, 0.79078317, 0.16710931), (-0.6145459, 0.65028185, 0.44661716), (-0.6233972, 0.65018433, 0.4343228), (-0.6241451, 0.6507421, 0.43240917), (-0.6233972, 0.65018433, 0.4343228), (-0.61807394, 0.7148053, 0.3271665), (-0.6241451, 0.6507421, 0.43240917), (-0.6067819, 0.7401138, 0.28990936), (-0.58884335, 0.79078317, 0.16710931), (-0.587593, 0.79319257, 0.15993752), (-0.6067819, 0.7401138, 0.28990936), (-0.6145459, 0.65028185, 0.44661716), (-0.60694975, 0.7395169, 0.2910786), (0.5746797, -0.8171517, -0.04479205), (0.57474875, -0.81718004, -0.043366894), (0.57467973, -0.8171517, -0.04479205), (0.5746498, -0.81724805, -0.04339794), (0.57029825, -0.8213194, -0.013937934), (0.57474875, -0.81718004, -0.043366894), (0.569801, -0.8216853, -0.012653999), (0.5652941, -0.8239639, -0.039064962), (0.57029825, -0.8213194, -0.013937934), (0.5502703, -0.7754487, -0.30964813), (0.56165224, -0.80825925, -0.1768152), (0.56120116, -0.8082099, -0.17846565), (0.56165224, -0.80825925, -0.1768152), (0.5648584, -0.8240422, -0.04346866), (0.56120116, -0.8082099, -0.17846565), (0.48288542, -0.5526623, -0.67925406), (0.43113974, -0.53197485, -0.7287807), (0.42970937, -0.53277886, -0.7290381), (0.48552337, -0.5571035, -0.67372304), (0.52419895, -0.64435625, -0.55679476), (0.5249679, -0.64685273, -0.55316377), (0.5249679, -0.64685273, -0.55316377), (0.5494936, -0.72221553, -0.42007315), (0.54856837, -0.7221574, -0.42138037), (0.5507025, -0.77436507, -0.3115855), (0.54856837, -0.7221574, -0.42138037), (0.5494936, -0.72221553, -0.42007315), (-0.7994529, -0.58376765, -0.14174049), (-0.79036367, -0.610494, -0.051207814), (-0.7994447, -0.5837784, -0.14174317), (-0.79036367, -0.610494, -0.051207814), (-0.79860574, -0.58859235, -0.12564993), (-0.79864913, -0.58846503, -0.12597005), (-0.79860574, -0.58859235, -0.12564993), (-0.79589707, -0.51239985, -0.32248148), (-0.79864913, -0.58846503, -0.12597005), (-0.79579943, -0.5117188, -0.3238012), (-0.7960421, -0.5030696, -0.33650866), (-0.79589707, -0.51239985, -0.32248148), (-0.7960421, -0.5030696, -0.33650866), (-0.79889256, -0.5318766, -0.28085217), (-0.79883087, -0.5325601, -0.27973023), (-0.79889256, -0.5318766, -0.28085217), (-0.80163467, -0.5473727, -0.24034332), (-0.79883087, -0.5325601, -0.27973023), (0.6779094, -0.7239363, 0.12788711), (0.6873531, -0.7191967, 0.10149818), (0.6776904, -0.7241505, 0.12783548), (0.6873531, -0.7191967, 0.10149818), (0.6985709, -0.7152055, -0.021905331), (0.69884497, -0.71474975, -0.027360871), (0.69884497, -0.71474975, -0.027360871), (0.69953936, -0.6915153, -0.18014227), (0.6994047, -0.69060236, -0.18412343), (0.6994047, -0.69060236, -0.18412343), (0.70062524, -0.68163925, -0.21093175), (0.7008288, -0.6819678, -0.20918666), (0.7008288, -0.6819678, -0.20918666), (0.70287645, -0.6883132, -0.17941459), (0.70288664, -0.6883033, -0.17941323), (-0.12040628, -0.6520196, -0.7485805), (-0.11939492, -0.6739265, -0.72908705), (-0.12071871, -0.6519232, -0.7486141), (-0.119439855, -0.6744941, -0.72855467), (-0.11651036, -0.668412, -0.73460925), (-0.11939492, -0.6739265, -0.72908705), (-0.11651036, -0.668412, -0.73460925), (-0.008975048, -0.3337245, -0.9426279), (-0.0050847735, -0.32044917, -0.94725204), (-0.008975048, -0.3337245, -0.9426279), (0.094141126, 0.02731258, -0.9951842), (-0.0050847735, -0.32044917, -0.94725204), (0.094141126, 0.02731258, -0.9951842), (0.09146102, 0.019446056, -0.9956188), (0.09144389, 0.019453745, -0.9956202), (0.7980429, -0.08045842, -0.59720516), (0.7726015, -0.047945183, -0.63307834), (0.7978272, -0.0815485, -0.5973455), (0.7726015, -0.047945183, -0.63307834), (0.6969279, -0.026681272, -0.7166447), (0.69833076, -0.027096376, -0.7152622), (0.6969279, -0.026681272, -0.7166447), (0.5333601, 0.016274106, -0.8457317), (0.69833076, -0.027096376, -0.7152622), (0.5081372, 0.020729987, -0.86102664), (0.2767661, 0.026506409, -0.9605717), (0.5333601, 0.016274106, -0.8457317), (0.2767661, 0.026506409, -0.9605717), (0.16816977, 0.034269672, -0.98516214), (0.1681664, 0.034239367, -0.98516387), (0.34144923, -0.53066385, -0.7757631), (0.29609144, -0.5170764, -0.8030951), (0.34135342, -0.5316021, -0.7751625), (0.29609144, -0.5170764, -0.8030951), (0.18486401, -0.52758455, -0.82914406), (0.18683848, -0.52749306, -0.82875955), (0.18486401, -0.52758455, -0.82914406), (0.07712996, -0.5254092, -0.8473466), (0.18683848, -0.52749306, -0.82875955), (0.06998994, -0.52582663, -0.84770733), (0.044639573, -0.5557827, -0.83012825), (0.07712996, -0.5254092, -0.8473466), (0.044639573, -0.5557827, -0.83012825), (0.06045485, -0.5494974, -0.83330536), (0.06046316, -0.5493729, -0.83338684), (0.98316437, 0.15951781, 0.08911702), (0.98316437, 0.15951781, 0.08911702), (0.98316437, 0.15951781, 0.08911702), (0.9398555, 0.16219272, 0.30060768), (0.9398555, 0.16219272, 0.30060768), (0.9398555, 0.16219272, 0.30060768), (0.5780061, 0.09174124, 0.81085914), (0.5780061, 0.09174124, 0.81085914), (0.5780061, 0.09174124, 0.81085914), (0.10162502, 0.012787292, 0.99474055), (0.10162502, 0.012787292, 0.99474055), (0.10162502, 0.012787292, 0.99474055), (-0.752465, -0.103998, 0.6503697), (-0.752465, -0.103998, 0.6503697), (-0.752465, -0.103998, 0.6503697), (-0.05012987, -0.011004603, 0.9986821), (-0.05012987, -0.011004603, 0.9986821), (-0.05012987, -0.011004603, 0.9986821), (-0.9595931, -0.1284178, 0.25037944), (-0.9595931, -0.1284178, 0.25037944), (-0.9595931, -0.1284178, 0.25037944), (0.89028054, -0.36187774, -0.27648705), (0.8979821, -0.37413377, -0.23162898), (0.8903366, -0.36175865, -0.27646253), (0.8979821, -0.37413377, -0.23162898), (0.9078224, -0.41854054, 0.026121788), (0.90648925, -0.42096382, 0.032661177), (0.90648925, -0.42096382, 0.032661177), (0.80373514, -0.4557868, 0.38245028), (0.79864836, -0.45682454, 0.39175516), (0.79864836, -0.45682454, 0.39175516), (0.5548464, -0.39436868, 0.73254263), (0.5298417, -0.38427573, 0.75604224), (-0.32360867, 0.010314413, 0.94613475), (-0.009708284, -0.1533914, 0.9881178), (0.025535861, -0.1722377, 0.9847244), (0.025535861, -0.1722377, 0.9847244), (0.5298417, -0.38427573, 0.75604224), (0.5548464, -0.39436868, 0.73254263), (-0.32529044, 0.012220522, 0.9455352), (-0.34377497, 0.040734667, 0.9381681), (-0.34342787, 0.041468814, 0.9382632), (0.9246923, -0.13651174, 0.35539952), (0.9034539, -0.17340162, 0.3920497), (0.92468905, -0.13649873, 0.35541278), (0.90233785, -0.1755473, 0.3936617), (0.70427233, -0.41859618, 0.5733915), (0.9034539, -0.17340162, 0.3920497), (0.68394727, -0.4412458, 0.5809632), (0.36652648, -0.6777063, 0.6374735), (0.70427233, -0.41859618, 0.5733915), (0.36652648, -0.6777063, 0.6374735), (0.18484756, -0.6814314, 0.7081543), (0.13204934, -0.68369406, 0.71772236), (-0.35040444, -0.5511199, 0.757287), (-0.17573856, -0.63846076, 0.74932224), (-0.064390674, -0.64876884, 0.75825644), (-0.064390674, -0.64876884, 0.75825644), (0.13204934, -0.68369406, 0.71772236), (0.18484756, -0.6814314, 0.7081543), (-0.3813168, -0.5420848, 0.7488268), (-0.38378158, -0.57675546, 0.7211553), (-0.38301978, -0.57798463, 0.72057587), (0.76542974, 0.61601734, 0.18611799), (0.76542974, 0.61601734, 0.18611799), (0.76542974, 0.61601734, 0.18611799), (0.73622257, 0.5527394, 0.3904556), (0.73622257, 0.5527394, 0.3904556), (0.73622257, 0.5527394, 0.3904556), (0.48446622, 0.20461059, 0.85054505), (0.48446622, 0.20461059, 0.85054505), (0.48446622, 0.20461059, 0.85054505), (0.12445269, -0.14193134, 0.9820219), (0.12445269, -0.14193134, 0.9820219), (0.12445269, -0.14193134, 0.9820219), (-0.5634196, -0.60401195, 0.5636736), (-0.5634196, -0.60401195, 0.5636736), (-0.5634196, -0.60401195, 0.5636736), (0.006661074, -0.23995815, 0.9707603), (0.006661074, -0.23995815, 0.9707603), (0.006661074, -0.23995815, 0.9707603), (-0.7461698, -0.6477978, 0.15358567), (-0.7461698, -0.6477978, 0.15358567), (-0.7461698, -0.6477978, 0.15358567), (0.8712136, 0.45732984, 0.17842712), (0.86873573, 0.43776563, 0.2316451), (0.87121534, 0.4573271, 0.17842577), (0.86873573, 0.43776563, 0.2316451), (0.8685849, 0.43156272, 0.24354458), (0.8684748, 0.4317388, 0.2436249), (0.8685849, 0.43156272, 0.24354458), (0.8630598, 0.5050946, -0.0027012513), (0.8684748, 0.4317388, 0.2436249), (-0.4695247, 0.03465399, -0.882239), (-0.05286497, 0.30960518, -0.94939446), (0.020701997, 0.34860316, -0.93704176), (0.020701997, 0.34860316, -0.93704176), (0.4601689, 0.52617955, -0.7151082), (0.46461368, 0.52763885, -0.71114784), (-0.8641497, -0.43057525, -0.26048115), (-0.86979175, -0.45947838, -0.17983858), (-0.86981785, -0.45943287, -0.17982839), (-0.86145234, -0.42085603, -0.2842183), (-0.81582326, -0.32737195, -0.47671798), (-0.7961526, -0.29821736, -0.526505), (-0.7961526, -0.29821736, -0.526505), (-0.70068735, -0.18258058, -0.6897112), (-0.67768204, -0.15820731, -0.71813476), (-0.52054447, -0.00702154, -0.85380566), (-0.67768204, -0.15820731, -0.71813476), (-0.70068735, -0.18258058, -0.6897112), (0.7241322, 0.56085044, -0.40134716), (0.8621343, 0.5066019, -0.008881631), (0.7180835, 0.56176937, -0.41081786), (0.7180835, 0.56176937, -0.41081786), (0.4601689, 0.52617955, -0.7151082), (0.7241322, 0.56085044, -0.40134716), (0.083424, -0.9767465, -0.19750135), (0.077199295, -0.9880074, -0.13372228), (0.08313947, -0.9767527, -0.19759041), (0.077394195, -0.9878787, -0.13455799), (0.045668982, -0.99831504, -0.03579697), (0.077199295, -0.9880074, -0.13372228), (0.043853298, -0.9984494, -0.034288913), (0.046548057, -0.99291646, -0.10931771), (0.045668982, -0.99831504, -0.03579697), (0.3823478, 0.3076876, -0.8712855), (0.4034626, -0.16192164, -0.900555), (0.37698352, -0.37151223, -0.84844685), (0.37698352, -0.37151223, -0.84844685), (0.24425574, -0.7737377, -0.58452463), (0.23958863, -0.78308904, -0.57390666), (0.3556573, 0.44871745, -0.81985396), (0.23737542, 0.601285, -0.7629608), (0.2308744, 0.60344213, -0.7632527), (0.11782528, -0.9358656, -0.33207345), (0.048764363, -0.9915313, -0.12036515), (0.11845972, -0.93575865, -0.3321489), (0.11845972, -0.93575865, -0.3321489), (0.24425574, -0.7737377, -0.58452463), (0.11782528, -0.9358656, -0.33207345), (0.5541899, -0.8148142, -0.17015097), (0.5660596, -0.8129331, -0.13680802), (0.55389535, -0.8150148, -0.17014946), (0.5668622, -0.8130064, -0.13299541), (0.57244086, -0.8120122, -0.1137883), (0.5660596, -0.8129331, -0.13680802), (0.5718158, -0.8116298, -0.1195151), (0.5674534, -0.80909896, -0.15282509), (0.57244086, -0.8120122, -0.1137883), (0.56552947, -0.80756515, -0.16737682), (0.5651032, -0.79159886, -0.23244286), (0.5674534, -0.80909896, -0.15282509), (0.5600101, -0.78771853, -0.25668707), (0.54323, -0.78753656, -0.29101086), (0.5651032, -0.79159886, -0.23244286), (-0.4496415, -0.5098128, -0.73342586), (-0.44637367, -0.5343942, -0.7177558), (-0.44992885, -0.50967455, -0.73334557), (-0.44634756, -0.53502625, -0.71730113), (-0.4444205, -0.52851, -0.72330326), (-0.44637367, -0.5343942, -0.7177558), (-0.4444205, -0.52851, -0.72330326), (-0.351269, -0.18196495, -0.9184219), (-0.34682107, -0.1687219, -0.9226311), (-0.351269, -0.18196495, -0.9184219), (-0.21040799, 0.16718315, -0.9632125), (-0.34682107, -0.1687219, -0.9226311), (-0.21040799, 0.16718315, -0.9632125), (-0.21446939, 0.159873, -0.9635577), (-0.21448767, 0.15988295, -0.96355206), (-0.67440665, 0.7234773, 0.14750022), (-0.6866944, 0.69722193, 0.2057486), (-0.6741874, 0.72366804, 0.14756654), (-0.6866294, 0.69752455, 0.20493796), (-0.6847428, 0.66272163, 0.30319518), (-0.6866944, 0.69722193, 0.2057486), (-0.6837144, 0.6628069, 0.305322), (-0.67091346, 0.7010252, 0.24174096), (-0.6847428, 0.66272163, 0.30319518), (0.049438275, 0.11488819, -0.9921475), (-0.27056193, 0.43396348, -0.85934395), (-0.39654815, 0.55594546, -0.73053), (-0.39654815, 0.55594546, -0.73053), (-0.60219496, 0.7346812, -0.31241757), (-0.6064757, 0.73700756, -0.2983405), (0.15421735, 0.004209995, -0.988028), (0.3334567, -0.07368777, -0.9398812), (0.33972272, -0.07185977, -0.9377764), (-0.65291953, 0.757381, 0.008380351), (-0.669996, 0.70540893, 0.23130843), (-0.65330607, 0.75705177, 0.0079791695), (-0.65330607, 0.75705177, 0.0079791695), (-0.60219496, 0.7346812, -0.31241757), (-0.65291953, 0.757381, 0.008380351), (0.94089794, -0.2926443, -0.17050016), (0.94562477, -0.31561643, -0.078613274), (0.9409022, -0.29263294, -0.17049639), (0.94562477, -0.31561643, -0.078613274), (0.942223, -0.29728833, -0.15438725), (0.9421856, -0.29723036, -0.154727), (0.942223, -0.29728833, -0.15438725), (0.9046694, -0.23799331, -0.35345772), (0.9421856, -0.29723036, -0.154727), (0.9042337, -0.23760954, -0.3548283), (0.89897746, -0.23572937, -0.36914945), (0.9046694, -0.23799331, -0.35345772), (0.89897746, -0.23572937, -0.36914945), (0.91671735, -0.25091237, -0.31092173), (0.9170936, -0.25108138, -0.30967313), (0.91671735, -0.25091237, -0.31092173), (0.92549074, -0.26490274, -0.2707275), (0.9170936, -0.25108138, -0.30967313), (0.49288473, 0.8682945, -0.055939835), (0.49431995, 0.8692523, 0.0069340444), (0.49288476, 0.8682944, -0.055939846), (0.49431995, 0.8692523, 0.0069340444), (0.4882585, 0.85585374, 0.17063999), (0.48827142, 0.85581297, 0.17080718), (0.4882585, 0.85585374, 0.17063999), (0.47881284, 0.83945847, 0.2569978), (0.48827142, 0.85581297, 0.17080718), (0.47906327, 0.83948046, 0.25645873), (0.48617402, 0.8364431, 0.25297755), (0.47881284, 0.83945847, 0.2569978), (0.48617402, 0.8364431, 0.25297755), (0.48631886, 0.8516533, 0.19539893), (0.48619983, 0.8522029, 0.19328709), (0.48631886, 0.8516533, 0.19539893), (0.49182352, 0.8619514, 0.12308293), (0.48619983, 0.8522029, 0.19328709), (-0.1257791, -0.99192953, 0.015984114), (-0.13565612, -0.98793614, 0.07469666), (-0.12577909, -0.9919295, 0.015984118), (-0.13565612, -0.98793614, 0.07469666), (-0.15967114, -0.95903957, 0.23398335), (-0.16028836, -0.95774883, 0.23879875), (-0.16028836, -0.95774883, 0.23879875), (-0.17268926, -0.9244052, 0.34007853), (-0.17323644, -0.9242719, 0.34016252), (-0.17323644, -0.9242719, 0.34016252), (-0.19357546, -0.9017476, 0.38649702), (-0.19481535, -0.89788175, 0.39478523), (-0.19481535, -0.89788175, 0.39478523), (-0.18060294, -0.91573775, 0.35889694), (-0.17750296, -0.92377144, 0.3393216), (-0.17750296, -0.92377144, 0.3393216), (-0.16562109, -0.95412266, 0.24943855), (-0.16564138, -0.95412016, 0.24943465), (0.93713015, -0.341348, 0.072585024), (0.9407936, -0.33822665, 0.022586478), (0.9370457, -0.3415818, 0.07257483), (0.9407936, -0.33822665, 0.022586478), (0.93892735, -0.34394658, 0.010782091), (0.9388122, -0.34410864, 0.014859301), (0.9388122, -0.34410864, 0.014859301), (0.9334423, -0.3382666, 0.11941951), (0.9326373, -0.33771566, 0.1270274), (0.8552113, -0.29251415, 0.42784226), (0.8629328, -0.28404063, 0.4179329), (0.86396646, -0.2835196, 0.41614738), (0.8629328, -0.28404063, 0.4179329), (0.90261304, -0.30728734, 0.30143705), (0.86396646, -0.2835196, 0.41614738), (0.91050583, -0.32281652, 0.2583964), (0.9326373, -0.33771566, 0.1270274), (0.9334423, -0.3382666, 0.11941951), (0.91050583, -0.32281652, 0.2583964), (0.8552113, -0.29251415, 0.42784226), (0.9102227, -0.3225912, 0.25967184), (-0.96943074, 0.14637296, -0.19692354), (-0.9870725, 0.1177652, -0.108715765), (-0.9871344, 0.11762374, -0.10830669), (-0.9871344, 0.11762374, -0.10830669), (-0.9870725, 0.1177652, -0.108715765), (-0.9731783, 0.14175145, -0.18119177), (-0.9731783, 0.14175145, -0.18119177), (-0.90540123, 0.20194857, -0.37345067), (-0.90602666, 0.20148192, -0.37218362), (-0.90540123, 0.20194857, -0.37345067), (-0.8988158, 0.20895757, -0.38531405), (-0.89876723, 0.2087712, -0.38552836), (-0.89876723, 0.2087712, -0.38552836), (-0.8988158, 0.20895757, -0.38531405), (-0.9243012, 0.18813843, -0.3320711), (-0.9243012, 0.18813843, -0.3320711), (-0.93954635, 0.1775935, -0.29276818), (-0.9395546, 0.17750861, -0.29279304), (-0.016078474, -0.99146044, -0.12941298), (-0.016487012, -0.99162596, -0.12808645), (-0.016378324, -0.99163526, -0.12802793), (-0.016487012, -0.99162596, -0.12808645), (-0.03026241, -0.9945296, -0.09997566), (-0.029352954, -0.9944463, -0.101069406), (-0.03026241, -0.9945296, -0.09997566), (-0.028029257, -0.99098724, -0.13099107), (-0.02870888, -0.99153167, -0.12665257), (0.053123128, -0.9232555, -0.38049597), (0.054555126, -0.9225167, -0.382082), (0.010852467, -0.96630657, -0.25716534), (0.010852467, -0.96630657, -0.25716534), (-0.02870888, -0.99153167, -0.12665257), (-0.028029257, -0.99098724, -0.13099107), (0.21924005, -0.67806613, -0.7015412), (0.21737877, -0.6836047, -0.6967288), (0.20294113, -0.6263138, -0.75269246), (0.21737877, -0.6836047, -0.6967288), (0.21924005, -0.67806613, -0.7015412), (0.16860159, -0.7849906, -0.5961234), (0.16687241, -0.78770745, -0.5930182), (0.16860159, -0.7849906, -0.5961234), (0.110069685, -0.87232924, -0.47636798), (0.054555126, -0.9225167, -0.382082), (0.053123128, -0.9232555, -0.38049597), (0.10969862, -0.8716165, -0.4777561), (-0.96567035, 0.2136623, 0.14774702), (-0.9544829, 0.21241947, 0.20938094), (-0.9544351, 0.21239825, 0.2096199), (-0.9544351, 0.21239825, 0.2096199), (-0.9544829, 0.21241947, 0.20938094), (-0.9074964, 0.20446312, 0.36694008), (-0.9074964, 0.20446312, 0.36694008), (-0.8724049, 0.19737108, 0.4471626), (-0.8722055, 0.19711801, 0.44766295), (-0.8724049, 0.19737108, 0.4471626), (-0.8721755, 0.20565264, 0.44386578), (-0.87227786, 0.20518596, 0.4438806), (-0.87227786, 0.20518596, 0.4438806), (-0.8721755, 0.20565264, 0.44386578), (-0.8980673, 0.2029385, 0.3902449), (-0.8980673, 0.2029385, 0.3902449), (-0.9237098, 0.2078523, 0.32180354), (-0.92371875, 0.20780839, 0.32180634), (-0.88150007, -0.3793006, -0.2812269), (-0.8819126, -0.37932944, -0.27989164), (-0.881875, -0.37944242, -0.2798569), (-0.8819126, -0.37932944, -0.27989164), (-0.8923939, -0.37532747, -0.25052404), (-0.8918434, -0.3758212, -0.2517417), (-0.8923939, -0.37532747, -0.25052404), (-0.886403, -0.3683073, -0.28042713), (-0.88745093, -0.36899066, -0.27618232), (-0.7746833, -0.35005188, -0.5266208), (-0.7732839, -0.3506021, -0.52830875), (-0.8393964, -0.36129537, -0.40605348), (-0.8393964, -0.36129537, -0.40605348), (-0.88745093, -0.36899066, -0.27618232), (-0.886403, -0.3683073, -0.28042713), (-0.46240628, -0.31264952, -0.8297172), (-0.46845973, -0.31455576, -0.8255908), (-0.42075235, -0.26400837, -0.8679096), (-0.46845973, -0.31455576, -0.8255908), (-0.46240628, -0.31264952, -0.8297172), (-0.58666927, -0.33964038, -0.7351623), (-0.5900507, -0.34004518, -0.73226327), (-0.58666927, -0.33964038, -0.7351623), (-0.6979265, -0.35482928, -0.62208897), (-0.7732839, -0.3506021, -0.52830875), (-0.7746833, -0.35005188, -0.5266208), (-0.6973782, -0.3538688, -0.62324995), (-0.196988, -0.6325508, -0.74904954), (-0.19470996, -0.6554897, -0.729672), (-0.19470038, -0.654911, -0.7301941), (-0.19470996, -0.6554897, -0.729672), (-0.19240132, -0.65012467, -0.73506445), (-0.19217783, -0.6493314, -0.7358236), (-0.19217783, -0.6493314, -0.7358236), (-0.19240132, -0.65012467, -0.73506445), (-0.0959438, -0.3120656, -0.94520354), (-0.0959438, -0.3120656, -0.94520354), (0.010013694, 0.048907176, -0.99875313), (0.009715531, 0.04808186, -0.9987961), (0.009715531, 0.04808186, -0.9987961), (0.010013694, 0.048907176, -0.99875313), (0.006827284, 0.040289156, -0.99916476), (-0.4383848, 0.8742236, 0.20869066), (-0.4383848, 0.8742236, 0.20869066), (-0.4383848, 0.8742236, 0.20869066), (-0.45951852, 0.7899162, 0.40604812), (-0.45951852, 0.7899162, 0.40604812), (-0.45951852, 0.7899162, 0.40604812), (-0.40542328, 0.34931663, 0.84475434), (-0.40542328, 0.34931663, 0.84475434), (-0.40542328, 0.34931663, 0.84475434), (-0.20000234, -0.113663964, 0.97318023), (-0.20000234, -0.113663964, 0.97318023), (-0.20000234, -0.113663964, 0.97318023), (0.19733836, -0.82497823, 0.5295929), (0.19733836, -0.82497823, 0.5295929), (0.19733836, -0.82497823, 0.5295929), (-0.14988086, -0.25642443, 0.9548729), (-0.14988086, -0.25642443, 0.9548729), (-0.14988086, -0.25642443, 0.9548729), (0.3584249, -0.9259231, 0.11915519), (0.3584249, -0.9259231, 0.11915519), (0.3584249, -0.9259231, 0.11915519), (-0.99716985, -0.07471887, -0.0083284555), (-0.99348956, -0.1026793, 0.049349476), (-0.99342036, -0.10295041, 0.050170843), (-0.99348956, -0.1026793, 0.049349476), (-0.9802902, -0.12599209, 0.15217456), (-0.9805327, -0.12676519, 0.14995366), (-0.9802902, -0.12599209, 0.15217456), (-0.9933555, -0.08578713, 0.07671674), (-0.9921382, -0.08964506, 0.087324224), (0.09398342, 0.14775471, -0.98454845), (0.243437, 0.15944132, -0.9567219), (-0.37010774, 0.094743535, -0.924145), (-0.5617502, 0.06871639, -0.8244481), (-0.37010774, 0.094743535, -0.924145), (-0.8907241, 0.005636698, -0.45450935), (0.243437, 0.15944132, -0.9567219), (0.09398342, 0.14775471, -0.98454845), (0.4067604, 0.24789071, -0.8792588), (-0.98874277, -0.031512972, -0.14626932), (-0.9921382, -0.08964506, 0.087324224), (-0.9933555, -0.08578713, 0.07671674), (-0.9886658, -0.032005932, -0.14668195), (-0.8973204, 0.0032455646, -0.44136792), (-0.8907241, 0.005636698, -0.45450935), (-0.4475612, 0.8858823, 0.122071885), (-0.45080328, 0.8897496, 0.071568795), (-0.4504875, 0.88986766, 0.07208664), (-0.4504875, 0.88986766, 0.07208664), (-0.45080328, 0.8897496, 0.071568795), (-0.44476458, 0.89358604, 0.060732994), (-0.4447224, 0.89332086, 0.06480633), (-0.44476458, 0.89358604, 0.060732994), (-0.44875523, 0.87764263, 0.16841055), (-0.43503293, 0.7678698, 0.47023645), (-0.4344363, 0.76946014, 0.46818393), (-0.44606802, 0.7678127, 0.45987716), (-0.44606802, 0.7678127, 0.45987716), (-0.45471233, 0.8204496, 0.34655333), (-0.454511, 0.8205463, 0.34658816), (-0.44794527, 0.8403837, 0.3051234), (-0.44794253, 0.839932, 0.30636847), (-0.4488352, 0.8761255, 0.17592883), (-0.44794527, 0.8403837, 0.3051234), (-0.4344363, 0.76946014, 0.46818393), (-0.43503293, 0.7678698, 0.47023645), (0.36718506, 0.87637407, 0.3116786), (0.37398025, 0.8569407, 0.35467082), (0.37394714, 0.85715663, 0.35418376), (0.37394714, 0.85715663, 0.35418376), (0.37398025, 0.8569407, 0.35467082), (0.38789913, 0.71934783, 0.57625765), (0.3895826, 0.71448535, 0.58115065), (0.38789913, 0.71934783, 0.57625765), (0.38637498, 0.43241012, 0.8146999), (0.3864634, 0.42295155, 0.81960845), (0.38637498, 0.43241012, 0.8146999), (0.29156184, 0.033238035, 0.95597434), (-0.11116696, -0.7963563, 0.5945237), (-0.11294485, -0.7973324, 0.5928782), (0.03799257, -0.5668588, 0.82293844), (0.056145187, -0.5365729, 0.8419841), (0.03799257, -0.5668588, 0.82293844), (0.27949676, -0.00017070571, 0.9601466), (-0.11294485, -0.7973324, 0.5928782), (-0.11116696, -0.7963563, 0.5945237), (-0.13990143, -0.80730695, 0.5733089), (-0.24899057, -0.96839195, -0.014855883), (-0.23780426, -0.9708912, -0.028623043), (-0.23803228, -0.9708356, -0.028614735), (-0.23803228, -0.9708356, -0.028614735), (-0.23780426, -0.9708912, -0.028623043), (-0.21165787, -0.9672806, -0.13989009), (-0.21091782, -0.96702456, -0.14274864), (-0.21165787, -0.9672806, -0.13989009), (-0.17308374, -0.9430697, -0.2840099), (-0.17225091, -0.9424163, -0.28667247), (-0.17308374, -0.9430697, -0.2840099), (-0.16046733, -0.93473303, -0.31705585), (-0.16067846, -0.9349989, -0.31616378), (-0.16046733, -0.93473303, -0.31705585), (-0.16611435, -0.9391662, -0.30062094), (-0.49969092, -0.15913308, -0.8514609), (-0.5205302, -0.17427008, -0.8358697), (-0.51996136, -0.17394298, -0.8362918), (-0.5205302, -0.17427008, -0.8358697), (-0.5139582, -0.17304555, -0.8401799), (-0.5130582, -0.17277099, -0.8407863), (-0.5130582, -0.17277099, -0.8407863), (-0.5139582, -0.17304555, -0.8401799), (-0.14861451, -0.060312662, -0.9870542), (-0.14861451, -0.060312662, -0.9870542), (0.21423717, 0.051879667, -0.97540295), (0.21340536, 0.051675804, -0.97559613), (0.21340536, 0.051675804, -0.97559613), (0.21423717, 0.051879667, -0.97540295), (0.20545584, 0.049873807, -0.97739476), (0.45211792, -0.64212054, -0.61908865), (0.47062087, -0.6004741, -0.64648813), (0.47011986, -0.59931093, -0.6479302), (0.47011986, -0.59931093, -0.6479302), (0.47062087, -0.6004741, -0.64648813), (0.4581926, -0.5148004, -0.7245965), (0.4581926, -0.5148004, -0.7245965), (0.41475075, -0.3144576, -0.85387254), (0.42266914, -0.33975363, -0.84018946), (0.41475075, -0.3144576, -0.85387254), (0.30430534, -0.10021477, -0.94728833), (0.30741248, -0.105821215, -0.94567406), (0.30741248, -0.105821215, -0.94567406), (0.30430534, -0.10021477, -0.94728833), (0.25817212, -0.007789089, -0.9660675), (-0.14382814, -0.47845137, -0.866255), (-0.15211248, -0.4312644, -0.88931036), (-0.15352815, -0.43001717, -0.8896709), (-0.15352815, -0.43001717, -0.8896709), (-0.15211248, -0.4312644, -0.88931036), (-0.21909727, -0.33931565, -0.91480124), (-0.21909727, -0.33931565, -0.91480124), (-0.2777077, -0.23993748, -0.93021953), (-0.27351698, -0.2457466, -0.9299447), (-0.2777077, -0.23993748, -0.93021953), (-0.3195747, -0.23655328, -0.917559), (-0.31873083, -0.23670444, -0.9178135), (-0.31873083, -0.23670444, -0.9178135), (-0.3195747, -0.23655328, -0.917559), (-0.30452967, -0.24622674, -0.92012715), (-0.47893262, -0.8147212, -0.3268835), (-0.48359483, -0.8339565, -0.26580554), (-0.4837422, -0.83413696, -0.26496986), (-0.48359483, -0.8339565, -0.26580554), (-0.50712687, -0.8463313, -0.16292822), (-0.5056917, -0.8468398, -0.1647367), (-0.50712687, -0.8463313, -0.16292822), (-0.50802994, -0.82522386, -0.2468019), (-0.5095072, -0.8275311, -0.23578547), (0.39713755, 0.24043088, -0.88570577), (0.45638776, 0.3608372, -0.81333065), (0.15770127, -0.15516582, -0.9752199), (0.027483568, -0.32679963, -0.9446939), (0.15770127, -0.15516582, -0.9752199), (-0.27414152, -0.64810216, -0.7104998), (0.45638776, 0.3608372, -0.81333065), (0.39713755, 0.24043088, -0.88570577), (0.44599417, 0.5367752, -0.7162133), (-0.44176722, -0.77044016, -0.45963442), (-0.5095072, -0.8275311, -0.23578547), (-0.50802994, -0.82522386, -0.2468019), (-0.44118714, -0.7706624, -0.45981872), (-0.28201878, -0.65569043, -0.7003823), (-0.27414152, -0.64810216, -0.7104998), (-0.9484037, 0.25802234, -0.18426825), (-0.9484037, 0.25802234, -0.18426825), (-0.9484037, 0.25802234, -0.18426825), (-0.9696872, 0.2425291, 0.02977176), (-0.9696872, 0.2425291, 0.02977176), (-0.9696872, 0.2425291, 0.02977176), (-0.7791187, 0.12981506, 0.61328787), (-0.7791187, 0.12981506, 0.61328787), (-0.7791187, 0.12981506, 0.61328787), (-0.37230942, 0.03564982, 0.92742383), (-0.37230942, 0.03564982, 0.92742383), (-0.37230942, 0.03564982, 0.92742383), (0.51536274, -0.21545576, 0.82944566), (0.51536274, -0.21545576, 0.82944566), (0.51536274, -0.21545576, 0.82944566), (-0.23676604, -0.018418621, 0.97139204), (-0.23676604, -0.018418621, 0.97139204), (-0.23676604, -0.018418621, 0.97139204), (0.8237083, -0.26358545, 0.5020232), (0.8237083, -0.26358545, 0.5020232), (0.8237083, -0.26358545, 0.5020232), (0.48101312, -0.86164343, 0.16185465), (0.48829243, -0.86012155, 0.14751725), (0.4880842, -0.8602295, 0.14757694), (0.4880842, -0.8602295, 0.14757694), (0.48829243, -0.86012155, 0.14751725), (0.48513424, -0.8735704, 0.03898203), (0.48497382, -0.8737957, 0.035798363), (0.48513424, -0.8735704, 0.03898203), (0.48085064, -0.876433, -0.02545388), (0.48085064, -0.876433, -0.02545388), (0.48185888, -0.87390006, 0.06411367), (0.48133624, -0.8749272, 0.053082895), (0.48185888, -0.87390006, 0.06411367), (0.49902806, -0.8601129, 0.10572005), (0.49849945, -0.8604004, 0.10587468), (-0.39439473, -0.6751869, -0.62335825), (-0.3961497, -0.6946492, -0.6004397), (-0.39604273, -0.6941799, -0.6010529), (-0.3961497, -0.6946492, -0.6004397), (-0.39305487, -0.69091505, -0.60674894), (-0.39270717, -0.69033027, -0.6076391), (-0.39270717, -0.69033027, -0.6076391), (-0.39305487, -0.69091505, -0.60674894), (-0.23594475, -0.42377108, -0.8744988), (-0.23594475, -0.42377108, -0.8744988), (-0.052685596, -0.11240602, -0.9922646), (-0.053170778, -0.11313069, -0.9921564), (-0.053170778, -0.11313069, -0.9921564), (-0.052685596, -0.11240602, -0.9922646), (-0.057815377, -0.11998711, -0.99109054), (0.6515449, -0.36309248, -0.6660728), (0.6315279, -0.32930332, -0.70194864), (0.63012755, -0.32919374, -0.7032573), (0.63012755, -0.32919374, -0.7032573), (0.6315279, -0.32930332, -0.70194864), (0.5506912, -0.29772905, -0.7798054), (0.5506912, -0.29772905, -0.7798054), (0.3607242, -0.21729596, -0.9070064), (0.38598022, -0.22670247, -0.89421767), (0.3607242, -0.21729596, -0.9070064), (0.11990617, -0.1582247, -0.9800956), (0.12621811, -0.15987663, -0.9790345), (0.12621811, -0.15987663, -0.9790345), (0.11990617, -0.1582247, -0.9800956), (0.02079785, -0.12555875, -0.9918682), (0.073614486, -0.6886341, -0.72136253), (0.031556856, -0.6662991, -0.7450166), (0.02963875, -0.66638654, -0.7450172), (0.02963875, -0.66638654, -0.7450172), (0.031556856, -0.6662991, -0.7450166), (-0.08319759, -0.6489904, -0.7562339), (-0.08319759, -0.6489904, -0.7562339), (-0.19525133, -0.61801004, -0.76153827), (-0.18827003, -0.6195227, -0.76206696), (-0.19525133, -0.61801004, -0.76153827), (-0.22511923, -0.6380454, -0.73635554), (-0.22446078, -0.6377014, -0.73685426), (-0.22446078, -0.6377014, -0.73685426), (-0.22511923, -0.6380454, -0.73635554), (-0.20823024, -0.63635033, -0.742764), (0.8190705, -0.4789269, -0.31583616), (0.8354094, -0.48322913, -0.26187912), (0.83544916, -0.4832734, -0.26167095), (0.83544916, -0.4832734, -0.26167095), (0.8354094, -0.48322913, -0.26187912), (0.83807456, -0.48556605, -0.24870972), (0.83807456, -0.48556605, -0.24870972), (0.7399567, -0.4589881, -0.4917255), (0.7429416, -0.46011093, -0.48614368), (-0.7057872, 0.3491514, -0.61640716), (-0.7413365, 0.3721699, -0.5584887), (-0.3642135, 0.13866389, -0.92093474), (-0.29635796, 0.09822312, -0.95001274), (-0.3642135, 0.13866389, -0.92093474), (0.1572092, -0.16179611, -0.97422135), (-0.8450688, 0.48108956, 0.23326308), (-0.85095847, 0.48221502, 0.20817888), (-0.820657, 0.47646397, 0.31544286), (-0.85095847, 0.48221502, 0.20817888), (-0.8450688, 0.48108956, 0.23326308), (-0.8777212, 0.4790878, -0.008963248), (-0.8776049, 0.47428626, -0.069729775), (-0.8777212, 0.4790878, -0.008963248), (-0.8492015, 0.4430688, -0.2873096), (-0.7413365, 0.3721699, -0.5584887), (-0.7057872, 0.3491514, -0.61640716), (-0.8384176, 0.43449765, -0.32904077), (0.48534873, -0.3428387, -0.80429983), (0.7429416, -0.46011093, -0.48614368), (0.7399567, -0.4589881, -0.4917255), (0.47766194, -0.33794883, -0.81094366), (0.16255924, -0.16447777, -0.9728934), (0.1572092, -0.16179611, -0.97422135), (-0.20788918, -0.9707313, -0.120261356), (-0.22240257, -0.97457916, -0.027067916), (-0.22245897, -0.9745781, -0.026634749), (-0.22245897, -0.9745781, -0.026634749), (-0.22240257, -0.97457916, -0.027067916), (-0.21100332, -0.9719607, -0.10377781), (-0.21100332, -0.9719607, -0.10377781), (-0.17259791, -0.9350843, -0.3095601), (-0.17281835, -0.9355089, -0.3081507), (-0.17259791, -0.9350843, -0.3095601), (-0.17275509, -0.93014747, -0.32400823), (-0.17249158, -0.9301566, -0.32412234), (-0.17249158, -0.9301566, -0.32412234), (-0.17275509, -0.93014747, -0.32400823), (-0.18082015, -0.9473213, -0.2643604), (-0.18082015, -0.9473213, -0.2643604), (-0.1904487, -0.9560582, -0.22289465), (-0.19036518, -0.9560786, -0.22287852), (-0.7118908, 0.30849662, -0.6309051), (-0.68825275, 0.2801253, -0.66920704), (-0.68688303, 0.28029644, -0.67054135), (-0.68688303, 0.28029644, -0.67054135), (-0.68825275, 0.2801253, -0.66920704), (-0.60572565, 0.2651558, -0.7501925), (-0.60572565, 0.2651558, -0.7501925), (-0.4095812, 0.220265, -0.88528335), (-0.4355757, 0.22520998, -0.87152416), (-0.4095812, 0.220265, -0.88528335), (-0.16472407, 0.20037429, -0.96577233), (-0.1711799, 0.20105231, -0.9645079), (-0.1711799, 0.20105231, -0.9645079), (-0.16472407, 0.20037429, -0.96577233), (-0.062353414, 0.1827513, -0.9811799), (-0.18652605, 0.7149203, -0.6738673), (-0.14235568, 0.70021194, -0.69959855), (-0.14047049, 0.70056844, -0.6996227), (-0.14047049, 0.70056844, -0.6996227), (-0.14235568, 0.70021194, -0.69959855), (-0.026623065, 0.6999501, -0.71369535), (-0.026623065, 0.6999501, -0.71369535), (0.08849843, 0.6854538, -0.7227179), (0.08136176, 0.6859987, -0.7230395), (0.08849843, 0.6854538, -0.7227179), (0.11588724, 0.70788145, -0.69675964), (0.11527125, 0.70748013, -0.69726926), (0.11527125, 0.70748013, -0.69726926), (0.11588724, 0.70788145, -0.69675964), (0.09925293, 0.7042403, -0.70298964), (-0.75701225, 0.59183323, 0.27688602), (-0.7640709, 0.59057343, 0.25965086), (-0.76392955, 0.59073645, 0.2596961), (-0.76392955, 0.59073645, 0.2596961), (-0.7640709, 0.59057343, 0.25965086), (-0.77103484, 0.6234303, 0.1297689), (-0.771059, 0.62464297, 0.12364912), (-0.77103484, 0.6234303, 0.1297689), (-0.7574197, 0.6502171, -0.059438337), (-0.7563414, 0.6507335, -0.06703508), (-0.7574197, 0.6502171, -0.059438337), (-0.7532595, 0.6505456, -0.09690526), (-0.7539964, 0.650268, -0.09295656), (-0.7532595, 0.6505456, -0.09690526), (-0.7584417, 0.64947516, -0.054296248), (0.09335042, 0.85225534, -0.5147296), (0.08879993, 0.86762017, -0.48923397), (0.08884722, 0.8672341, -0.4899093), (0.08879993, 0.86762017, -0.48923397), (0.08705827, 0.8639166, -0.49605343), (0.08691338, 0.8633737, -0.4970232), (0.08691338, 0.8633737, -0.4970232), (0.08705827, 0.8639166, -0.49605343), (0.02840438, 0.59738284, -0.80145305), (0.02840438, 0.59738284, -0.80145305), (-0.032138612, 0.25983047, -0.9651193), (-0.031952977, 0.26066053, -0.9649016), (-0.031952977, 0.26066053, -0.9649016), (-0.032138612, 0.25983047, -0.9651193), (-0.029927975, 0.2684946, -0.9628162), (-0.76554966, 0.18510559, -0.6161734), (-0.7359775, 0.1663969, -0.6562386), (-0.73468876, 0.16699363, -0.6575299), (-0.73468876, 0.16699363, -0.6575299), (-0.7359775, 0.1663969, -0.6562386), (-0.6523885, 0.17796125, -0.73669463), (-0.6523885, 0.17796125, -0.73669463), (-0.45143145, 0.19175027, -0.87145936), (-0.47783569, 0.18930064, -0.85781014), (-0.45143145, 0.19175027, -0.87145936), (-0.20888676, 0.23651512, -0.94890827), (-0.21531759, 0.23555559, -0.9477087), (-0.21531759, 0.23555559, -0.9477087), (-0.20888676, 0.23651512, -0.94890827), (-0.105275504, 0.24475434, -0.9638529), (-0.35034093, 0.70533, -0.61625546), (-0.30401337, 0.7035825, -0.64229864), (-0.3022628, 0.70437133, -0.6422602), (-0.3022628, 0.70437133, -0.6422602), (-0.30401337, 0.7035825, -0.64229864), (-0.19147067, 0.7315944, -0.6543002), (-0.19147067, 0.7315944, -0.6543002), (-0.076186664, 0.74526966, -0.66239625), (-0.08325223, 0.74415374, -0.6628003), (-0.076186664, 0.74526966, -0.66239625), (-0.05478226, 0.77120906, -0.63422036), (-0.055286113, 0.77071947, -0.6347715), (-0.055286113, 0.77071947, -0.6347715), (-0.05478226, 0.77120906, -0.63422036), (-0.07010918, 0.7643324, -0.64099973), (-0.5934925, 0.53914195, -0.59757227), (-0.5978138, 0.4966299, -0.6292674), (-0.59693146, 0.49580023, -0.6307575), (-0.59693146, 0.49580023, -0.6307575), (-0.5978138, 0.4966299, -0.6292674), (-0.55747926, 0.42583054, -0.7126607), (-0.55747926, 0.42583054, -0.7126607), (-0.45171043, 0.25945216, -0.8536055), (-0.46727407, 0.280007, -0.83860064), (-0.45171043, 0.25945216, -0.8536055), (-0.2794161, 0.095799014, -0.95537907), (-0.28409454, 0.10009218, -0.9535575), (-0.28409454, 0.10009218, -0.9535575), (-0.2794161, 0.095799014, -0.95537907), (-0.20753247, 0.022696493, -0.97796476), (0.034275286, 0.5779302, -0.81536615), (0.0569501, 0.5374589, -0.84136474), (0.05868354, 0.5367146, -0.8417207), (0.05868354, 0.5367146, -0.8417207), (0.0569501, 0.5374589, -0.84136474), (0.14902903, 0.47156832, -0.8691454), (0.14902903, 0.47156832, -0.8691454), (0.23475398, 0.39517358, -0.8881039), (0.22904056, 0.39947474, -0.88767135), (0.23475398, 0.39517358, -0.8881039), (0.27523416, 0.40286356, -0.8728958), (0.27439478, 0.40278748, -0.8731952), (0.27439478, 0.40278748, -0.8731952), (0.27523416, 0.40286356, -0.8728958), (0.25808427, 0.4079832, -0.8757523), (0.970478, 0.13281834, -0.2013246), (0.970478, 0.13281834, -0.2013246), (0.970478, 0.13281834, -0.2013246), (0.992074, 0.12496984, 0.013099832), (0.992074, 0.12496984, 0.013099832), (0.992074, 0.12496984, 0.013099832), (0.79386777, 0.07815152, 0.60304743), (0.79386777, 0.07815152, 0.60304743), (0.79386777, 0.07815152, 0.60304743), (0.39168984, -0.026799448, 0.91970694), (0.39168984, -0.026799448, 0.91970694), (0.39168984, -0.026799448, 0.91970694), (-0.52945966, -0.104567565, 0.8418659), (-0.52945966, -0.104567565, 0.8418659), (-0.52945966, -0.104567565, 0.8418659), (0.24736615, -0.03239973, 0.9683802), (0.24736615, -0.03239973, 0.9683802), (0.24736615, -0.03239973, 0.9683802), (-0.8453846, -0.12670226, 0.51891375), (-0.8453846, -0.12670226, 0.51891375), (-0.8453846, -0.12670226, 0.51891375), (-0.13824905, 0.97851294, 0.15296942), (-0.13847502, 0.9782678, 0.15432696), (-0.13859761, 0.97825015, 0.15432836), (-0.13847502, 0.9782678, 0.15432696), (-0.13877222, 0.97283596, 0.18529025), (-0.13909669, 0.9730497, 0.18391953), (-0.13877222, 0.97283596, 0.18529025), (-0.12693751, 0.97939587, 0.1570687), (-0.12827908, 0.9785496, 0.16119954), (-0.07931841, 0.99082345, -0.10944162), (-0.07976016, 0.9905426, -0.11164082), (-0.10295188, 0.9943527, 0.025760813), (-0.10295188, 0.9943527, 0.025760813), (-0.12827908, 0.9785496, 0.16119954), (-0.12693751, 0.97939587, 0.1570687), (-0.039519046, 0.85219616, -0.5217278), (-0.04105918, 0.85598844, -0.51536185), (0.0072407965, 0.8210677, -0.5707849), (-0.04105918, 0.85598844, -0.51536185), (-0.039519046, 0.85219616, -0.5217278), (-0.06154745, 0.9223699, -0.38137332), (-0.06189589, 0.92404485, -0.37723994), (-0.06154745, 0.9223699, -0.38137332), (-0.07856732, 0.9699575, -0.23023807), (-0.07976016, 0.9905426, -0.11164082), (-0.07931841, 0.99082345, -0.10944162), (-0.077506274, 0.9697607, -0.23142377), (-0.8943513, 0.35813436, 0.2680962), (-0.9037916, 0.35398555, 0.24053024), (-0.9036011, 0.35426855, 0.24082935), (-0.9037916, 0.35398555, 0.24053024), (-0.9291698, 0.366287, 0.049773917), (-0.9289852, 0.3664361, 0.052068163), (-0.9291698, 0.366287, 0.049773917), (-0.9057998, 0.36258253, -0.21922716), (-0.9087025, 0.36344063, -0.20535499), (-0.9057998, 0.36258253, -0.21922716), (-0.90341455, 0.36034143, -0.23237109), (-0.8986057, 0.35921985, -0.2519302), (-0.90341455, 0.36034143, -0.23237109), (-0.91369814, 0.36950323, -0.1691832), (-0.91378146, 0.3692709, -0.16924065), (-0.80733883, -0.13918844, -0.5734376), (-0.77489036, -0.15264805, -0.61338687), (-0.77390605, -0.15184733, -0.6148267), (-0.77390605, -0.15184733, -0.6148267), (-0.77489036, -0.15264805, -0.61338687), (-0.70232594, -0.12587819, -0.7006375), (-0.70232594, -0.12587819, -0.7006375), (-0.5212342, -0.06749123, -0.85074073), (-0.544981, -0.07627225, -0.834972), (-0.5212342, -0.06749123, -0.85074073), (-0.308374, 0.040127136, -0.95041853), (-0.3141158, 0.037383735, -0.9486484), (-0.3141158, 0.037383735, -0.9486484), (-0.308374, 0.040127136, -0.95041853), (-0.21332867, 0.07810956, -0.973853), (-0.57822174, 0.4797266, -0.65994096), (-0.534721, 0.48920667, -0.6890212), (-0.5333111, 0.49049506, -0.68919796), (-0.5333111, 0.49049506, -0.68919796), (-0.534721, 0.48920667, -0.6890212), (-0.43735287, 0.54894304, -0.71230894), (-0.43735287, 0.54894304, -0.71230894), (-0.3326887, 0.59650403, -0.7304116), (-0.339048, 0.59321606, -0.7301651), (-0.3326887, 0.59650403, -0.7304116), (-0.31954122, 0.63109773, -0.7068303), (-0.31988573, 0.63041115, -0.707287), (-0.31988573, 0.63041115, -0.707287), (-0.31954122, 0.63109773, -0.7068303), (-0.33215326, 0.6190189, -0.7116809), (-0.17353858, -0.9808198, -0.08875097), (-0.16736804, -0.9840544, -0.060206663), (-0.16757786, -0.98398715, -0.06071973), (-0.16736804, -0.9840544, -0.060206663), (-0.15680704, -0.97616506, -0.15004422), (-0.15584567, -0.97537833, -0.15604196), (-0.15584567, -0.97537833, -0.15604196), (-0.15680704, -0.97616506, -0.15004422), (-0.09569234, -0.8730804, -0.47809377), (-0.09569234, -0.8730804, -0.47809377), (0.16617395, -0.43043703, -0.88719225), (0.15185142, -0.47849205, -0.86486214), (0.16617395, -0.43043703, -0.88719225), (0.13874593, -0.061487086, -0.9884174), (0.14347436, -0.061979007, -0.9877113), (-0.560223, -0.114179984, -0.8204348), (-0.57827944, -0.1326763, -0.80497813), (-0.57778025, -0.13225688, -0.8054056), (-0.57827944, -0.1326763, -0.80497813), (-0.5722459, -0.1304256, -0.8096442), (-0.5714292, -0.13000742, -0.8102881), (-0.5714292, -0.13000742, -0.8102881), (-0.5722459, -0.1304256, -0.8096442), (-0.23220871, 0.02987629, -0.972207), (-0.23220871, 0.02987629, -0.972207), (0.11980989, 0.17286007, -0.9776323), (0.118983984, 0.17260145, -0.97777885), (0.118983984, 0.17260145, -0.97777885), (0.11980989, 0.17286007, -0.9776323), (0.11110776, 0.1702281, -0.9791208), (0.4450206, -0.53000647, -0.7218378), (0.4574913, -0.48420557, -0.7458195), (0.45676753, -0.4829488, -0.74707687), (0.45676753, -0.4829488, -0.74707687), (0.4574913, -0.48420557, -0.7458195), (0.43103218, -0.39234692, -0.8125732), (0.43103218, -0.39234692, -0.8125732), (0.35980675, -0.18438463, -0.91462636), (0.37097582, -0.21014386, -0.90455323), (0.35980675, -0.18438463, -0.91462636), (0.2241542, 0.027458375, -0.9741668), (0.22784436, 0.022021333, -0.9734485), (0.22784436, 0.022021333, -0.9734485), (0.2241542, 0.027458375, -0.9741668), (0.16914707, 0.11679057, -0.97864664), (-0.18233076, -0.39640695, -0.8997872), (-0.19644836, -0.34800276, -0.91668), (-0.19798799, -0.34686252, -0.9167808), (-0.19798799, -0.34686252, -0.9167808), (-0.19644836, -0.34800276, -0.91668), (-0.2728259, -0.26043165, -0.9261433), (-0.2728259, -0.26043165, -0.9261433), (-0.34049863, -0.16573447, -0.925523), (-0.33584368, -0.17113082, -0.92624146), (-0.34049863, -0.16573447, -0.925523), (-0.38115397, -0.16749461, -0.90921247), (-0.38032854, -0.16754095, -0.90954953), (-0.38032854, -0.16754095, -0.90954953), (-0.38115397, -0.16749461, -0.90921247), (-0.36559075, -0.17544836, -0.9140904), (-0.09955236, 0.97344804, 0.20612672), (-0.09917755, 0.9732048, 0.20745161), (-0.09928766, 0.97318244, 0.20750397), (-0.09917755, 0.9732048, 0.20745161), (-0.08628426, 0.9680005, 0.23564833), (-0.087160535, 0.9681908, 0.23454118), (-0.08628426, 0.9680005, 0.23564833), (-0.087600544, 0.9748073, 0.20512635), (-0.087057166, 0.9739401, 0.20943193), (-0.15630034, 0.986078, -0.05674943), (-0.15761034, 0.9857632, -0.058565453), (-0.121335775, 0.98969984, 0.075972594), (-0.121335775, 0.98969984, 0.075972594), (-0.087057166, 0.9739401, 0.20943193), (-0.087600544, 0.9748073, 0.20512635), (-0.2872204, 0.84600174, -0.44920552), (-0.28610268, 0.8497793, -0.442742), (-0.26408938, 0.8163671, -0.5136162), (-0.28610268, 0.8497793, -0.442742), (-0.2872204, 0.84600174, -0.44920552), (-0.25123858, 0.91631836, -0.3118333), (-0.24989085, 0.91800994, -0.30791613), (-0.25123858, 0.91631836, -0.3118333), (-0.20532751, 0.9643428, -0.16698375), (-0.15761034, 0.9857632, -0.058565453), (-0.15630034, 0.986078, -0.05674943), (-0.20485325, 0.9641788, -0.16850635), (-0.8291953, 0.5192292, 0.20696923), (-0.8379056, 0.5227209, 0.15708925), (-0.83765656, 0.5229667, 0.15759867), (-0.83765656, 0.5229667, 0.15759867), (-0.8379056, 0.5227209, 0.15708925), (-0.83557755, 0.5295387, 0.14628367), (-0.83508635, 0.52918285, 0.15032066), (-0.83557755, 0.5295387, 0.14628367), (-0.8223408, 0.5098531, 0.25259712), (-0.73042184, 0.41205448, 0.5446971), (-0.7308935, 0.4137993, 0.5427384), (-0.74061894, 0.4066559, 0.5348968), (-0.74061894, 0.4066559, 0.5348968), (-0.7840103, 0.4512941, 0.42621785), (-0.78388524, 0.45148087, 0.42624992), (-0.79175115, 0.47337753, 0.38606206), (-0.7914204, 0.47294474, 0.3872687), (-0.82104045, 0.5082351, 0.25998017), (-0.79175115, 0.47337753, 0.38606206), (-0.7308935, 0.4137993, 0.5427384), (-0.73042184, 0.41205448, 0.5446971), (0.936372, -0.21065947, 0.28076708), (0.9049156, -0.21071377, 0.36976683), (0.9047522, -0.2107037, 0.37017214), (0.9047522, -0.2107037, 0.37017214), (0.9049156, -0.21071377, 0.36976683), (0.9312921, -0.21120903, 0.2967924), (0.9312921, -0.21120903, 0.2967924), (0.97468764, -0.20518006, 0.08879876), (0.97455204, -0.20517717, 0.09028076), (0.97468764, -0.20518006, 0.08879876), (0.9754294, -0.20760436, 0.073742166), (0.97549164, -0.20736146, 0.0736023), (0.97549164, -0.20736146, 0.0736023), (0.9754294, -0.20760436, 0.073742166), (0.9690072, -0.20623301, 0.13598917), (0.9690072, -0.20623301, 0.13598917), (0.96139485, -0.2092814, 0.17866492), (0.9614114, -0.20919684, 0.17867494), (0.9933702, 0.086802274, -0.075372644), (0.99630255, 0.043814786, 0.073901474), (0.99670666, 0.04605076, 0.06674632), (0.99630255, 0.043814786, 0.073901474), (0.9976443, 0.06529072, -0.02104708), (0.99835527, 0.055980116, 0.012365093), (0.9976443, 0.06529072, -0.02104708), (0.9100903, 0.16290595, -0.38104755), (0.92381793, 0.15478484, -0.3501458), (0.9100903, 0.16290595, -0.38104755), (0.7905712, 0.21211447, -0.57446027), (0.7997352, 0.20880987, -0.5628694), (0.7905712, 0.21211447, -0.57446027), (0.74118495, 0.2324087, -0.62978643), (0.7409634, 0.23224054, -0.63010913), (0.74118495, 0.2324087, -0.62978643), (0.744742, 0.2314038, -0.62594867), (0.74474204, 0.23140205, -0.6259492), (0.58578074, -0.80568546, 0.08793096), (0.57902133, -0.80404323, 0.13508794), (0.5790708, -0.8040964, 0.13455871), (0.5790708, -0.8040964, 0.13455871), (0.57902133, -0.80404323, 0.13508794), (0.5258741, -0.75763535, 0.38658118), (0.5225137, -0.7567735, 0.39277637), (0.5258741, -0.75763535, 0.38658118), (0.367527, -0.6185955, 0.694452), (0.36138943, -0.61390835, 0.7017936), (0.367527, -0.6185955, 0.694452), (0.1427173, -0.33337387, 0.93193007), (-0.40109476, 0.48040745, 0.77995616), (-0.40138078, 0.4825479, 0.7784863), (-0.23425812, 0.21410255, 0.9483054), (-0.21459149, 0.18107179, 0.9597726), (-0.23425812, 0.21410255, 0.9483054), (0.12393805, -0.30547643, 0.94409937), (-0.40138078, 0.4825479, 0.7784863), (-0.40109476, 0.48040745, 0.77995616), (-0.40034115, 0.511986, 0.75999826), (0.64339125, -0.42376816, 0.63754857), (0.5982914, -0.43220317, 0.6747206), (0.6006057, -0.43152025, 0.6730995), (0.5982914, -0.43220317, 0.6747206), (0.24689123, -0.4834116, 0.83985585), (0.27705243, -0.47700304, 0.8340923), (0.24689123, -0.4834116, 0.83985585), (-0.13977078, -0.5183251, 0.8436843), (-0.15206373, -0.5087033, 0.84740645), (-0.15206373, -0.5087033, 0.84740645), (-0.13977078, -0.5183251, 0.8436843), (-0.315334, -0.4027883, 0.85925907), (-0.69731736, -0.029349176, 0.7161614), (-0.7169206, -0.010379763, 0.6970776), (-0.59789646, -0.18498868, 0.77993524), (-0.5121964, -0.24248935, 0.8239258), (-0.59789646, -0.18498868, 0.77993524), (-0.3618076, -0.37668896, 0.8527606), (-0.7169206, -0.010379763, 0.6970776), (-0.69731736, -0.029349176, 0.7161614), (-0.7335293, -0.04676587, 0.67804706), (-0.41465092, 0.8894981, 0.19198325), (-0.42438304, 0.8696353, 0.2522568), (-0.4244006, 0.86938524, 0.25308782), (-0.42438304, 0.8696353, 0.2522568), (-0.41542196, 0.8381899, 0.35335848), (-0.4167564, 0.8383453, 0.35141307), (-0.41542196, 0.8381899, 0.35335848), (-0.40225965, 0.8731402, 0.2753422), (-0.40269923, 0.8694781, 0.28607887), (-0.077885695, 0.069788106, -0.9945167), (-0.008710835, -0.0660424, -0.99777883), (-0.2714388, 0.47030702, -0.8397216), (-0.33657104, 0.62652665, -0.7029824), (-0.2714388, 0.47030702, -0.8397216), (-0.4157328, 0.8674893, -0.27318215), (-0.008710835, -0.0660424, -0.99777883), (-0.077885695, 0.069788106, -0.9945167), (0.14702338, -0.19055225, -0.9706049), (-0.40684268, 0.91217285, 0.04919007), (-0.40269923, 0.8694781, 0.28607887), (-0.40225965, 0.8731402, 0.2753422), (-0.40736496, 0.9119568, 0.048873574), (-0.4169182, 0.8713119, -0.2588335), (-0.4157328, 0.8674893, -0.27318215), (0.937951, -0.34266034, 0.053213894), (0.9295037, -0.35545865, 0.09834629), (0.9295968, -0.3553577, 0.09783027), (0.9295968, -0.3553577, 0.09783027), (0.9295037, -0.35545865, 0.09834629), (0.8488507, -0.4029206, 0.3422098), (0.84534764, -0.4054499, 0.34784716), (0.8488507, -0.4029206, 0.3422098), (0.62663317, -0.4465346, 0.63869995), (0.61861646, -0.4477785, 0.64560676), (0.62663317, -0.4465346, 0.63869995), (0.26906458, -0.39398548, 0.8788514), (-0.6365398, -0.0075181434, 0.7712072), (-0.6379416, -0.005632945, 0.7700642), (-0.3542517, -0.16624796, 0.920254), (-0.31968635, -0.18443024, 0.9294009), (-0.3542517, -0.16624796, 0.920254), (0.23718287, -0.3846384, 0.8920749), (-0.6379416, -0.005632945, 0.7700642), (-0.6365398, -0.0075181434, 0.7712072), (-0.65323657, 0.022644816, 0.7568152), (0.7426493, -0.124869384, 0.6579359), (0.70904773, -0.16475795, 0.68564284), (0.7106161, -0.16257146, 0.6845402), (0.70904773, -0.16475795, 0.68564284), (0.44427347, -0.43664312, 0.78228116), (0.46547684, -0.41355187, 0.7824999), (0.44427347, -0.43664312, 0.78228116), (0.14804111, -0.6794369, 0.71864414), (0.1323134, -0.67932194, 0.7218136), (0.1323134, -0.67932194, 0.7218136), (0.14804111, -0.6794369, 0.71864414), (-0.062497094, -0.6871473, 0.7238251), (-0.5833006, -0.56687415, 0.58173364), (-0.6094278, -0.55826944, 0.562968), (-0.41524822, -0.65102977, 0.6353968), (-0.3140064, -0.65949816, 0.6829803), (-0.41524822, -0.65102977, 0.6353968), (-0.11520378, -0.69045794, 0.71414006), (-0.6094278, -0.55826944, 0.562968), (-0.5833006, -0.56687415, 0.58173364), (-0.60125947, -0.5925365, 0.5360854), (-0.17977238, -0.947742, -0.26356602), (-0.17977238, -0.947742, -0.26356602), (-0.17977238, -0.947742, -0.26356602), (-0.1982378, -0.9788278, -0.050968856), (-0.1982378, -0.9788278, -0.050968856), (-0.1982378, -0.9788278, -0.050968856), (-0.19081442, -0.8126828, 0.55057824), (-0.19081442, -0.8126828, 0.55057824), (-0.19081442, -0.8126828, 0.55057824), (-0.16814145, -0.4182997, 0.8926107), (-0.16814145, -0.4182997, 0.8926107), (-0.16814145, -0.4182997, 0.8926107), (0.053477798, 0.48235357, 0.8743427), (0.053477798, 0.48235357, 0.8743427), (0.053477798, 0.48235357, 0.8743427), (-0.12835258, -0.28303558, 0.9504823), (-0.12835258, -0.28303558, 0.9504823), (-0.12835258, -0.28303558, 0.9504823), (0.13954034, 0.8079904, 0.5724334), (0.13954034, 0.8079904, 0.5724334), (0.13954034, 0.8079904, 0.5724334), (-0.96243304, -0.27116838, 0.013799617), (-0.95356256, -0.29199332, 0.073881306), (-0.953445, -0.29216233, 0.07472426), (-0.95356256, -0.29199332, 0.073881306), (-0.9365112, -0.30192605, 0.17829041), (-0.93658423, -0.30294827, 0.17615989), (-0.9365112, -0.30192605, 0.17829041), (-0.95692253, -0.27277872, 0.09945349), (-0.9550169, -0.2752475, 0.11036926), (0.06770974, 0.06512087, -0.9955776), (0.21172978, 0.108876, -0.9712449), (-0.37691548, -0.07250079, -0.9234059), (-0.5600776, -0.12595272, -0.81880945), (-0.37691548, -0.07250079, -0.9234059), (-0.8718305, -0.21594055, -0.43963748), (0.21172978, 0.108876, -0.9712449), (0.06770974, 0.06512087, -0.9955776), (0.3538475, 0.23516265, -0.90525717), (-0.9620581, -0.24104966, -0.12782493), (-0.9550169, -0.2752475, 0.11036926), (-0.95692253, -0.27277872, 0.09945349), (-0.9618827, -0.2415562, -0.12818854), (-0.8778875, -0.21827266, -0.42622834), (-0.8718305, -0.21594055, -0.43963748), (0.85348517, 0.51041776, -0.10505674), (0.85348517, 0.51041776, -0.10505674), (0.85348517, 0.51041776, -0.10505674), (0.8459961, 0.5216837, 0.1101664), (0.8459961, 0.5216837, 0.1101664), (0.8459961, 0.5216837, 0.1101664), (0.6023603, 0.4238941, 0.67636955), (0.6023603, 0.4238941, 0.67636955), (0.6023603, 0.4238941, 0.67636955), (0.23586966, 0.17724915, 0.9554832), (0.23586966, 0.17724915, 0.9554832), (0.23586966, 0.17724915, 0.9554832), (-0.55575466, -0.2751868, 0.78448004), (-0.55575466, -0.2751868, 0.78448004), (-0.55575466, -0.2751868, 0.78448004), (0.10063306, 0.115086064, 0.988245), (0.10063306, 0.115086064, 0.988245), (0.10063306, 0.115086064, 0.988245), (-0.7873999, -0.4393794, 0.43237412), (-0.7873999, -0.4393794, 0.43237412), (-0.7873999, -0.4393794, 0.43237412), (-0.01630484, -0.9444803, -0.3281633), (-0.014338664, -0.9590644, -0.28282467), (-0.014402516, -0.95891356, -0.28333268), (-0.014402516, -0.95891356, -0.28333268), (-0.014338664, -0.9590644, -0.28282467), (0.005555578, -0.99965775, -0.02556373), (0.0042657447, -0.99981827, -0.018581614), (0.005555578, -0.99965775, -0.02556373), (0.0064955903, -0.93944925, 0.34262648), (0.0054950784, -0.9357669, 0.35257643), (0.0064955903, -0.93944925, 0.34262648), (0.03438641, -0.706026, 0.70735055), (0.08001165, 0.24923943, 0.965131), (0.08088697, 0.25160265, 0.96444464), (0.07215612, -0.10617882, 0.99172556), (0.0691222, -0.14589061, 0.986883), (0.07215612, -0.10617882, 0.99172556), (0.038158543, -0.68031657, 0.73192436), (0.08088697, 0.25160265, 0.96444464), (0.08001165, 0.24923943, 0.965131), (0.09703966, 0.28085634, 0.95483136), (0.33333215, -0.9105754, 0.24442196), (0.29779387, -0.90901667, 0.2915604), (0.29980895, -0.9090245, 0.2894636), (0.29779387, -0.90901667, 0.2915604), (0.013046857, -0.8350456, 0.55002606), (0.03979723, -0.843303, 0.5359629), (0.013046857, -0.8350456, 0.55002606), (-0.31099662, -0.6646728, 0.67933136), (-0.31432045, -0.65263176, 0.68940145), (-0.31432045, -0.65263176, 0.68940145), (-0.31099662, -0.6646728, 0.67933136), (-0.37676385, -0.49382305, 0.78370136), (-0.46949473, 0.042512268, 0.8819112), (-0.4759351, 0.07469234, 0.8763029), (-0.47723058, -0.1520811, 0.8655185), (-0.43892536, -0.25743067, 0.86085653), (-0.47723058, -0.1520811, 0.8655185), (-0.39830002, -0.44763482, 0.8006124), (-0.4759351, 0.07469234, 0.8763029), (-0.46949473, 0.042512268, 0.8819112), (-0.5135259, 0.063514, 0.8557203), (0.9684033, 0.23590113, -0.0809068), (0.97101784, 0.23830122, -0.018352797), (0.97101736, 0.23832183, -0.018109512), (0.97101736, 0.23832183, -0.018109512), (0.97101784, 0.23830122, -0.018352797), (0.9595611, 0.24077798, 0.14583704), (0.9595611, 0.24077798, 0.14583704), (0.9426274, 0.24002828, 0.23203486), (0.94244725, 0.24021879, 0.23256879), (0.9426274, 0.24002828, 0.23203486), (0.945373, 0.23216042, 0.22884804), (0.94526064, 0.23262501, 0.2288405), (0.94526064, 0.23262501, 0.2288405), (0.945373, 0.23216042, 0.22884804), (0.9555436, 0.240413, 0.17069846), (0.9555436, 0.240413, 0.17069846), (0.96573293, 0.24026076, 0.09815708), (0.965722, 0.240304, 0.09815795), (0.2593053, 0.9640333, -0.058314737), (0.25823995, 0.96607906, -0.0018212426), (0.2582689, 0.9660718, -0.0016069236), (0.2582689, 0.9660718, -0.0016069236), (0.25823995, 0.96607906, -0.0018212426), (0.2595706, 0.9656527, 0.011746152), (0.2595706, 0.9656527, 0.011746152), (0.26366037, 0.93180066, -0.24946067), (0.26387572, 0.93338466, -0.24323344), (-0.14497757, -0.5806334, -0.8011532), (-0.15923697, -0.6346903, -0.7561825), (-0.02312701, -0.13035564, -0.9911975), (-0.0008504172, -0.049536396, -0.99877197), (-0.02312701, -0.13035564, -0.9911975), (0.13483398, 0.44324848, -0.8862001), (-0.25315553, -0.96702, -0.02801055), (-0.25225347, -0.966166, -0.053771257), (-0.256508, -0.96481526, 0.057751317), (-0.25225347, -0.966166, -0.053771257), (-0.25315553, -0.96702, -0.02801055), (-0.23820782, -0.93304557, -0.269598), (-0.2324302, -0.91572505, -0.32775584), (-0.23820782, -0.93304557, -0.269598), (-0.2053558, -0.82418054, -0.52778345), (-0.15923697, -0.6346903, -0.7561825), (-0.14497757, -0.5806334, -0.8011532), (-0.19903213, -0.8010143, -0.56459045), (0.2225566, 0.7485462, -0.62461764), (0.26387572, 0.93338466, -0.24323344), (0.26366037, 0.93180066, -0.24946067), (0.2199245, 0.74193966, -0.633371), (0.13603243, 0.44854087, -0.8833494), (0.13483398, 0.44324848, -0.8862001), (-0.62801915, 0.31773186, -0.710379), (-0.6510956, 0.3077949, -0.6937844), (-0.6505039, 0.30799013, -0.6942527), (-0.6510956, 0.3077949, -0.6937844), (-0.64530367, 0.30766773, -0.6992308), (-0.6444649, 0.30774683, -0.6999692), (-0.6444649, 0.30774683, -0.6999692), (-0.64530367, 0.30766773, -0.6992308), (-0.29116735, 0.31023732, -0.9049721), (-0.29116735, 0.31023732, -0.9049721), (0.08185414, 0.264275, -0.9609676), (0.080999866, 0.26447746, -0.96098423), (0.080999866, 0.26447746, -0.96098423), (0.08185414, 0.264275, -0.9609676), (0.07290236, 0.26648661, -0.9610776), (0.3392677, -0.92673975, 0.16140279), (0.31243438, -0.9161032, 0.2512762), (0.3123098, -0.9160323, 0.2516888), (0.3123098, -0.9160323, 0.2516888), (0.31243438, -0.9161032, 0.2512762), (0.33433607, -0.92559916, 0.17744191), (0.33433607, -0.92559916, 0.17744191), (0.3845121, -0.9226615, -0.029088264), (0.38429198, -0.9227983, -0.027622784), (0.3845121, -0.9226615, -0.029088264), (0.3844328, -0.9220872, -0.044346392), (0.38468012, -0.9219793, -0.04444577), (0.38468012, -0.9219793, -0.04444577), (0.3844328, -0.9220872, -0.044346392), (0.37577453, -0.92654616, 0.017483534), (0.37577453, -0.92654616, 0.017483534), (0.36472946, -0.92921513, 0.059427623), (0.3648077, -0.92918295, 0.059451308), (0.7634049, -0.59516734, -0.25097564), (0.7634049, -0.59516734, -0.25097564), (0.7634049, -0.59516734, -0.25097564), (0.73447967, -0.6765291, -0.05336691), (0.73447967, -0.6765291, -0.05336691), (0.73447967, -0.6765291, -0.05336691), (0.4689037, -0.7213893, 0.50963396), (0.4689037, -0.7213893, 0.50963396), (0.4689037, -0.7213893, 0.50963396), (0.07515974, -0.5701677, 0.8180829), (0.07515974, -0.5701677, 0.8180829), (0.07515974, -0.5701677, 0.8180829), (-0.5670869, 0.09926455, 0.8176546), (-0.5670869, 0.09926455, 0.8176546), (-0.5670869, 0.09926455, 0.8176546), (-0.031129964, -0.47852498, 0.87752193), (-0.031129964, -0.47852498, 0.87752193), (-0.031129964, -0.47852498, 0.87752193), (-0.7326683, 0.4150694, 0.5393649), (-0.7326683, 0.4150694, 0.5393649), (-0.7326683, 0.4150694, 0.5393649), (0.06473772, -0.9964967, 0.052946918), (0.050650965, -0.99220634, 0.11384693), (0.05060984, -0.9921809, 0.11408635), (0.05060984, -0.9921809, 0.11408635), (0.050650965, -0.99220634, 0.11384693), (0.01350399, -0.96236956, 0.27140817), (0.01350399, -0.96236956, 0.27140817), (-0.0059355046, -0.93567485, 0.3528135), (-0.005856581, -0.93546706, 0.35336527), (-0.0059355046, -0.93567485, 0.3528135), (-0.013097577, -0.9374701, 0.3478194), (-0.012634397, -0.93743545, 0.34792975), (-0.012634397, -0.93743545, 0.34792975), (-0.013097577, -0.9374701, 0.3478194), (0.007582202, -0.9554966, 0.29490444), (0.007582202, -0.9554966, 0.29490444), (0.023927074, -0.9738574, 0.22589616), (0.023970578, -0.97385365, 0.22590816), (0.54278946, 0.73621696, 0.40418348), (0.50772834, 0.7100867, 0.48784098), (0.50754994, 0.7099553, 0.4882177), (0.50754994, 0.7099553, 0.4882177), (0.50772834, 0.7100867, 0.48784098), (0.5371963, 0.7317868, 0.4194142), (0.5371963, 0.7317868, 0.4194142), (0.60034704, 0.7689193, 0.21987861), (0.5999364, 0.7688302, 0.22130616), (0.60034704, 0.7689193, 0.21987861), (0.60628015, 0.76815194, 0.20583239), (0.606132, 0.7683178, 0.20564975), (0.606132, 0.7683178, 0.20564975), (0.60628015, 0.76815194, 0.20583239), (0.58763534, 0.7643386, 0.26546392), (0.58763534, 0.7643386, 0.26546392), (0.57686245, 0.75698906, 0.3069157), (0.5767932, 0.7570448, 0.30690867), (0.7637841, 0.63644296, 0.10758358), (0.759596, 0.6316976, 0.15482947), (0.7596788, 0.631727, 0.15430245), (0.7596788, 0.631727, 0.15430245), (0.759596, 0.6316976, 0.15482947), (0.7006924, 0.5871157, 0.40537032), (0.69963986, 0.58398926, 0.411656), (0.7006924, 0.5871157, 0.40537032), (0.5520027, 0.43456152, 0.7116525), (0.5472268, 0.4284863, 0.71898705), (0.5520027, 0.43456152, 0.7116525), (0.26585644, 0.203814, 0.9422209), (-0.5044019, -0.39411035, 0.768281), (-0.5064257, -0.39459074, 0.76670146), (-0.25911057, -0.20424683, 0.9440048), (-0.22803523, -0.18213762, 0.9564653), (-0.25911057, -0.20424683, 0.9440048), (0.23837343, 0.18395281, 0.95359296), (-0.5064257, -0.39459074, 0.76670146), (-0.5044019, -0.39411035, 0.768281), (-0.53465354, -0.39615476, 0.74646294), (0.345641, 0.6954235, 0.63001454), (0.35428807, 0.6526098, 0.66976136), (0.35357738, 0.6548039, 0.6679932), (0.35428807, 0.6526098, 0.66976136), (0.41511187, 0.31261662, 0.8543728), (0.40735802, 0.3420538, 0.8467932), (0.41511187, 0.31261662, 0.8543728), (0.4718094, -0.07069607, 0.8788617), (0.46269128, -0.08336853, 0.8825908), (0.46269128, -0.08336853, 0.8825908), (0.4718094, -0.07069607, 0.8788617), (0.365774, -0.25201038, 0.8959353), (0.024425648, -0.66172093, 0.7493522), (0.007829815, -0.6832609, 0.73013234), (0.16989265, -0.5503915, 0.8174385), (0.21953249, -0.45952544, 0.86060554), (0.16989265, -0.5503915, 0.8174385), (0.34283435, -0.30021283, 0.89013296), (0.007829815, -0.6832609, 0.73013234), (0.024425648, -0.66172093, 0.7493522), (0.04621107, -0.69849527, 0.714121), (-0.91424716, 0.40508458, -0.00765972), (-0.92082965, 0.38650736, 0.051814403), (-0.92085385, 0.38641936, 0.052040856), (-0.92085385, 0.38641936, 0.052040856), (-0.92082965, 0.38650736, 0.051814403), (-0.92113984, 0.32999077, 0.20641568), (-0.92113984, 0.32999077, 0.20641568), (-0.9112955, 0.2955917, 0.28664637), (-0.91128993, 0.295186, 0.2870817), (-0.9112955, 0.2955917, 0.28664637), (-0.90868497, 0.30409107, 0.28604224), (-0.90886927, 0.30367562, 0.28589797), (-0.90886927, 0.30367562, 0.28589797), (-0.90868497, 0.30409107, 0.28604224), (-0.91889745, 0.32070988, 0.22972314), (-0.91889745, 0.32070988, 0.22972314), (-0.92343694, 0.3479408, 0.16186884), (-0.9234542, 0.34790033, 0.16185653), (-0.5112103, 0.83126295, 0.21832518), (-0.513391, 0.8010785, 0.3077385), (-0.5133961, 0.8009189, 0.30814514), (-0.5133961, 0.8009189, 0.30814514), (-0.513391, 0.8010785, 0.3077385), (-0.51158893, 0.8266152, 0.23448664), (-0.51158893, 0.8266152, 0.23448664), (-0.4916539, 0.87035847, 0.027434573), (-0.49194002, 0.87014997, 0.028880345), (-0.4916539, 0.87035847, 0.027434573), (-0.4865954, 0.8735249, 0.013381527), (-0.48677763, 0.87342644, 0.013182529), (-0.48677763, 0.87342644, 0.013182529), (-0.4865954, 0.8735249, 0.013381527), (-0.49905327, 0.863416, 0.07388291), (-0.49905327, 0.863416, 0.07388291), (-0.5026149, 0.85660386, 0.11665436), (-0.50269085, 0.8565609, 0.11664213), (-0.30402067, 0.9479145, -0.09502354), (-0.30402067, 0.9479145, -0.09502354), (-0.30402067, 0.9479145, -0.09502354), (-0.3213664, 0.9393515, 0.11975958), (-0.3213664, 0.9393515, 0.11975958), (-0.3213664, 0.9393515, 0.11975958), (-0.29293826, 0.6700578, 0.6820628), (-0.29293826, 0.6700578, 0.6820628), (-0.29293826, 0.6700578, 0.6820628), (-0.14071545, 0.25274703, 0.9572451), (-0.14071545, 0.25274703, 0.9572451), (-0.14071545, 0.25274703, 0.9572451), (0.1266519, -0.6170389, 0.7766739), (0.1266519, -0.6170389, 0.7766739), (0.1266519, -0.6170389, 0.7766739), (-0.11112369, 0.10645669, 0.9880883), (-0.11112369, 0.10645669, 0.9880883), (-0.11112369, 0.10645669, 0.9880883), (0.24245222, -0.8733632, 0.42243794), (0.24245222, -0.8733632, 0.42243794), (0.24245222, -0.8733632, 0.42243794), (0.97440547, 0.22422221, -0.01607451), (0.9745502, 0.22368085, -0.0147932675), (0.9745285, 0.22377987, -0.014721769), (0.9745502, 0.22368085, -0.0147932675), (0.9782466, 0.20711666, 0.011673616), (0.9780432, 0.20812818, 0.01069062), (0.9782466, 0.20711666, 0.011673616), (0.97691154, 0.21279071, -0.019076338), (0.97723275, 0.21165265, -0.01481229), (0.91323817, 0.31065875, -0.2636044), (0.9123184, 0.31209573, -0.26508752), (0.954486, 0.26234537, -0.14188522), (0.954486, 0.26234537, -0.14188522), (0.97723275, 0.21165265, -0.01481229), (0.97691154, 0.21279071, -0.019076338), (0.663745, 0.4607634, -0.58918566), (0.66913956, 0.4595368, -0.584019), (0.6218335, 0.44057658, -0.64746845), (0.66913956, 0.4595368, -0.584019), (0.663745, 0.4607634, -0.58918566), (0.7703099, 0.42115462, -0.47880203), (0.7730863, 0.41966218, -0.4756272), (0.7703099, 0.42115462, -0.47880203), (0.8585725, 0.36755913, -0.35742632), (0.9123184, 0.31209573, -0.26508752), (0.91323817, 0.31065875, -0.2636044), (0.85808784, 0.3672348, -0.35892037), (0.87830096, 0.47541633, -0.05066319), (0.88605154, 0.4616438, 0.042399764), (0.886066, 0.4615761, 0.042831514), (0.886066, 0.4615761, 0.042831514), (0.88605154, 0.4616438, 0.042399764), (0.8804359, 0.47293273, -0.034165524), (0.8804359, 0.47293273, -0.034165524), (0.8376305, 0.48986295, -0.24168058), (0.8380267, 0.48989075, -0.24024612), (0.8376305, 0.48986295, -0.24168058), (0.83469516, 0.4873544, -0.25645584), (0.8345369, 0.48756754, -0.25656593), (0.8345369, 0.48756754, -0.25656593), (0.83469516, 0.4873544, -0.25645584), (0.85004205, 0.4889715, -0.19579439), (0.85004205, 0.4889715, -0.19579439), (0.8609057, 0.48492506, -0.15391266), (0.8608652, 0.48500288, -0.15389368), (-0.3176664, 0.947443, 0.037943617), (-0.32720447, 0.94467294, 0.023027226), (-0.32698417, 0.94474834, 0.023060812), (-0.32698417, 0.94474834, 0.023060812), (-0.32720447, 0.94467294, 0.023027226), (-0.33761054, 0.93691665, -0.09058863), (-0.33784622, 0.9365436, -0.09351948), (-0.33761054, 0.93691665, -0.09058863), (-0.3444044, 0.9079493, -0.23877536), (-0.34451815, 0.9071765, -0.24153243), (-0.3444044, 0.9079493, -0.23877536), (-0.34759218, 0.8969434, -0.2732623), (-0.3476364, 0.89720505, -0.27234548), (-0.34759218, 0.8969434, -0.2732623), (-0.3467015, 0.902315, -0.2561751), (0.40288287, 0.47379392, -0.7830739), (0.41071472, 0.49639758, -0.76478946), (0.41045502, 0.4958533, -0.76528174), (0.41071472, 0.49639758, -0.76478946), (0.40624526, 0.49220696, -0.7698682), (0.40569514, 0.4915432, -0.7705821), (0.40569514, 0.4915432, -0.7705821), (0.40624526, 0.49220696, -0.7698682), (0.1750703, 0.21342559, -0.9611451), (0.1750703, 0.21342559, -0.9611451), (-0.06772285, -0.076949015, -0.9947323), (-0.067125015, -0.076312885, -0.9948219), (-0.067125015, -0.076312885, -0.9948219), (-0.06772285, -0.076949015, -0.9947323), (-0.061410457, -0.07035623, -0.9956298), (-0.6740993, 0.34732568, -0.65188575), (-0.6645821, 0.3047179, -0.6822593), (-0.66340995, 0.3041346, -0.68365884), (-0.66340995, 0.3041346, -0.68365884), (-0.6645821, 0.3047179, -0.6822593), (-0.60097325, 0.24609736, -0.76043886), (-0.60097325, 0.24609736, -0.76043886), (-0.44476864, 0.1122381, -0.88858515), (-0.46629187, 0.12804009, -0.87531567), (-0.44476864, 0.1122381, -0.88858515), (-0.22807623, -0.00015815333, -0.97364324), (-0.23385179, 0.0027329698, -0.9722684), (-0.23385179, 0.0027329698, -0.9722684), (-0.22807623, -0.00015815333, -0.97364324), (-0.13762806, -0.051247563, -0.9891573), (-0.06660067, 0.5514067, -0.83157384), (-0.032084435, 0.5181786, -0.8546704), (-0.030193722, 0.5179267, -0.854892), (-0.030193722, 0.5179267, -0.854892), (-0.032084435, 0.5181786, -0.8546704), (0.07606062, 0.47928572, -0.87435687), (0.07606062, 0.47928572, -0.87435687), (0.1803106, 0.4287366, -0.8852531), (0.17363393, 0.43133014, -0.885328), (0.1803106, 0.4287366, -0.8852531), (0.21603282, 0.44735637, -0.8678722), (0.21526903, 0.44705018, -0.8682197), (0.21526903, 0.44705018, -0.8682197), (0.21603282, 0.44735637, -0.8678722), (0.19836201, 0.4475261, -0.87199366), (0.5434659, -0.8354755, -0.08139727), (0.54556954, -0.8373831, -0.033814136), (0.5455178, -0.8373952, -0.034346074), (0.5455178, -0.8373952, -0.034346074), (0.54556954, -0.8373831, -0.033814136), (0.54223907, -0.8093, 0.2258547), (0.5401282, -0.8087965, 0.23261508), (0.54223907, -0.8093, 0.2258547), (0.4514923, -0.688874, 0.5671043), (0.44709206, -0.6845307, 0.5757833), (0.4514923, -0.688874, 0.5671043), (0.29122823, -0.41420686, 0.8623333), (-0.22230688, 0.43268025, 0.873709), (-0.22272973, 0.4349451, 0.8724759), (-0.043434225, 0.14636606, 0.98827654), (-0.023985106, 0.1116734, 0.99345547), (-0.043434225, 0.14636606, 0.98827654), (0.27667627, -0.38658643, 0.8797733), (-0.22272973, 0.4349451, 0.8724759), (-0.22230688, 0.43268025, 0.873709), (-0.22337131, 0.4657133, 0.8562805), (0.7232496, -0.5025378, 0.4736727), (0.6853124, -0.5119424, 0.51794004), (0.6873268, -0.51123375, 0.51596695), (0.6853124, -0.5119424, 0.51794004), (0.36773401, -0.56072974, 0.7418583), (0.39665616, -0.55522305, 0.7310207), (0.36773401, -0.56072974, 0.7418583), (-0.0130475415, -0.5785697, 0.8155285), (-0.023861555, -0.56874454, 0.82216805), (-0.023861555, -0.56874454, 0.82216805), (-0.0130475415, -0.5785697, 0.8155285), (-0.17566459, -0.45697802, 0.8719593), (-0.5547191, -0.056456275, 0.83012015), (-0.5763375, -0.035134595, 0.81645614), (-0.45464146, -0.22111057, 0.86279273), (-0.36588463, -0.2857509, 0.8857058), (-0.45464146, -0.22111057, 0.86279273), (-0.2209265, -0.42839023, 0.8761697), (-0.5763375, -0.035134595, 0.81645614), (-0.5547191, -0.056456275, 0.83012015), (-0.5982725, -0.06908923, 0.7983086), (0.03861371, 0.9990804, 0.018640941), (0.03861371, 0.9990804, 0.018640941), (0.03861371, 0.9990804, 0.018640941), (0.01714741, 0.9726626, 0.23158868), (0.01714741, 0.9726626, 0.23158868), (0.01714741, 0.9726626, 0.23158868), (-0.05389677, 0.64791816, 0.7598007), (-0.05389677, 0.64791816, 0.7598007), (-0.05389677, 0.64791816, 0.7598007), (-0.056081593, 0.17541085, 0.98289675), (-0.056081593, 0.17541085, 0.98289675), (-0.056081593, 0.17541085, 0.98289675), (-0.09960415, -0.7070625, 0.70010126), (-0.09960415, -0.7070625, 0.70010126), (-0.09960415, -0.7070625, 0.70010126), (-0.078493044, 0.025282307, 0.996594), (-0.078493044, 0.025282307, 0.996594), (-0.078493044, 0.025282307, 0.996594), (-0.07448923, -0.9456208, 0.31662735), (-0.07448923, -0.9456208, 0.31662735), (-0.07448923, -0.9456208, 0.31662735), (0.03539417, -0.990297, -0.13438424), (0.047354043, -0.98792535, -0.14751618), (0.04711928, -0.9879363, -0.14751808), (0.04711928, -0.9879363, -0.14751808), (0.047354043, -0.98792535, -0.14751618), (0.075623035, -0.9638033, -0.25566453), (0.07636867, -0.96300906, -0.25842106), (0.075623035, -0.9638033, -0.25566453), (0.111227475, -0.91263396, -0.39335433), (0.11194236, -0.9114589, -0.3958682), (0.111227475, -0.91263396, -0.39335433), (0.12222244, -0.8972038, -0.42436647), (0.12206136, -0.89762354, -0.42352447), (0.12222244, -0.8972038, -0.42436647), (0.11744694, -0.90497696, -0.40892896), (-0.40169406, -0.18673119, -0.896534), (-0.41801172, -0.2087937, -0.8841218), (-0.41754362, -0.20827417, -0.8844654), (-0.41801172, -0.2087937, -0.8841218), (-0.41187552, -0.20530325, -0.8878115), (-0.4110672, -0.20472005, -0.88832057), (-0.4110672, -0.20472005, -0.88832057), (-0.41187552, -0.20530325, -0.8878115), (-0.087960176, 0.020813106, -0.9959065), (-0.087960176, 0.020813106, -0.9959065), (0.22771566, 0.22662577, -0.94698805), (0.22698338, 0.22622405, -0.94725984), (0.22698338, 0.22622405, -0.94725984), (0.22771566, 0.22662577, -0.94698805), (0.2199789, 0.22250003, -0.949791), (0.63822436, -0.4125102, -0.65000385), (0.6452486, -0.36435723, -0.67148936), (0.644494, -0.36321226, -0.6728331), (0.644494, -0.36321226, -0.6728331), (0.6452486, -0.36435723, -0.67148936), (0.6121044, -0.27666909, -0.74079853), (0.6121044, -0.27666909, -0.74079853), (0.5187899, -0.08199391, -0.8509607), (0.53300184, -0.105576254, -0.83950156), (0.5187899, -0.08199391, -0.8509607), (0.35593334, 0.10304855, -0.92881244), (0.3604336, 0.09836825, -0.9275835), (0.3604336, 0.09836825, -0.9275835), (0.35593334, 0.10304855, -0.92881244), (0.28635332, 0.18074183, -0.94092196), (0.030095667, -0.39115027, -0.91983455), (0.009777311, -0.34560835, -0.9383279), (0.008081469, -0.3447703, -0.9386522), (0.008081469, -0.3447703, -0.9386522), (0.009777311, -0.34560835, -0.9383279), (-0.07950136, -0.27341697, -0.9586045), (-0.07950136, -0.27341697, -0.9586045), (-0.16310918, -0.19295153, -0.96755624), (-0.1574641, -0.19736636, -0.9676009), (-0.16310918, -0.19295153, -0.96755624), (-0.20467421, -0.20282564, -0.95758563), (-0.203814, -0.2027053, -0.95779455), (-0.203814, -0.2027053, -0.95779455), (-0.20467421, -0.20282564, -0.95758563), (-0.18747346, -0.20756856, -0.960088), (0.075260036, 0.9853276, 0.15318406), (0.06904219, 0.97740626, 0.19977526), (0.06915372, 0.97750306, 0.19926228), (0.06915372, 0.97750306, 0.19926228), (0.06904219, 0.97740626, 0.19977526), (0.023974184, 0.8958146, 0.44378093), (0.024545697, 0.8926378, 0.45010597), (0.023974184, 0.8958146, 0.44378093), (-0.016310604, 0.6724987, 0.73991853), (-0.016433893, 0.6645747, 0.74704117), (-0.016310604, 0.6724987, 0.73991853), (-0.08770184, 0.29960918, 0.95002246), (-0.18516697, -0.6606283, 0.7275187), (-0.18602976, -0.66233784, 0.72574204), (-0.17053993, -0.35932064, 0.91749924), (-0.1659591, -0.3222033, 0.93200994), (-0.17053993, -0.35932064, 0.91749924), (-0.0946638, 0.26579863, 0.9593695), (-0.18602976, -0.66233784, 0.72574204), (-0.18516697, -0.6606283, 0.7275187), (-0.20190383, -0.68259436, 0.70235306), (-0.3320228, 0.7157431, 0.6143881), (-0.3015541, 0.6900425, 0.6579563), (-0.30334106, 0.6911626, 0.65595615), (-0.3015541, 0.6900425, 0.6579563), (-0.04689909, 0.48480815, 0.87336224), (-0.071857005, 0.50053984, 0.86272615), (-0.04689909, 0.48480815, 0.87336224), (0.25750592, 0.25130117, 0.9330265), (0.25945207, 0.23576842, 0.93653506), (0.25945207, 0.23576842, 0.93653506), (0.25750592, 0.25130117, 0.9330265), (0.30759266, 0.04733399, 0.9503401), (0.37531307, -0.47875598, 0.793683), (0.38142586, -0.50507087, 0.7742207), (0.38992536, -0.29972437, 0.87070286), (0.35514817, -0.20171814, 0.91278666), (0.38992536, -0.29972437, 0.87070286), (0.32603294, -0.002850908, 0.9453541), (0.38142586, -0.50507087, 0.7742207), (0.37531307, -0.47875598, 0.793683), (0.42124972, -0.4883405, 0.76424617), (-0.7661896, 0.61352426, -0.19115824), (-0.75928295, 0.6046302, -0.2406484), (-0.7591604, 0.6049805, -0.24015422), (-0.7591604, 0.6049805, -0.24015422), (-0.75928295, 0.6046302, -0.2406484), (-0.7529063, 0.6082318, -0.2513685), (-0.75367785, 0.60889673, -0.2474156), (-0.7529063, 0.6082318, -0.2513685), (-0.7744805, 0.6157865, -0.14486843), (-0.7878221, 0.5904249, 0.17531307), (-0.7874326, 0.59163445, 0.17296979), (-0.79539317, 0.5834214, 0.16422272), (-0.79539317, 0.5834214, 0.16422272), (-0.79788864, 0.60145617, 0.040301595), (-0.7977511, 0.6016365, 0.040330015), (-0.7901248, 0.6129325, -0.0040609064), (-0.7902297, 0.6128047, -0.0027462798), (-0.77565527, 0.61604357, -0.13729268), (-0.7901248, 0.6129325, -0.0040609064), (-0.7874326, 0.59163445, 0.17296979), (-0.7878221, 0.5904249, 0.17531307), (0.9732624, -0.06776072, -0.21947375), (0.96106726, -0.064653814, -0.268644), (0.96118087, -0.06500977, -0.26815125), (0.96118087, -0.06500977, -0.26815125), (0.96106726, -0.064653814, -0.268644), (0.95757186, -0.07132733, -0.2792285), (0.9587006, -0.07141209, -0.27530608), (0.95757186, -0.07132733, -0.2792285), (0.9827181, -0.06463441, -0.17345722), (0.98860884, -0.034395806, 0.14652503), (0.9889102, -0.035622526, 0.14417961), (0.99050117, -0.02440127, 0.13532212), (0.99050117, -0.02440127, 0.13532212), (0.9991955, -0.038513914, 0.0111732185), (0.9991866, -0.03873833, 0.011202928), (0.99806774, -0.052580826, -0.033107318), (0.99811935, -0.0524095, -0.031794783), (0.9840514, -0.06413334, -0.1659209), (0.99806774, -0.052580826, -0.033107318), (0.9889102, -0.035622526, 0.14417961), (0.98860884, -0.034395806, 0.14652503), (0.97266376, -0.0605825, 0.22417611), (0.98319024, -0.046541184, 0.17655236), (0.98309565, -0.046997804, 0.17695777), (0.98309565, -0.046997804, 0.17695777), (0.98319024, -0.046541184, 0.17655236), (0.9850975, -0.05063066, 0.16437621), (0.98438823, -0.051598772, 0.16827777), (0.9850975, -0.05063066, 0.16437621), (0.9607124, -0.06776471, 0.26914635), (0.82347405, -0.1068637, 0.55719894), (0.82484686, -0.107573286, 0.55502754), (0.82952803, -0.09478903, 0.55036193), (0.82952803, -0.09478903, 0.55036193), (0.89275306, -0.08236955, 0.44295284), (0.8927447, -0.08259656, 0.44292736), (0.9120269, -0.086629935, 0.40087685), (0.9114863, -0.08674298, 0.4020799), (0.95856273, -0.06894049, 0.27641404), (0.9120269, -0.086629935, 0.40087685), (0.82484686, -0.107573286, 0.55502754), (0.82347405, -0.1068637, 0.55719894), (-0.82531387, -0.55240697, -0.11706175), (-0.8199532, -0.5566139, -0.13363214), (-0.82008594, -0.556438, -0.13355032), (-0.82008594, -0.556438, -0.13355032), (-0.8199532, -0.5566139, -0.13363214), (-0.8088805, -0.53437984, -0.24525617), (-0.80843735, -0.5337306, -0.2481142), (-0.8088805, -0.53437984, -0.24525617), (-0.7781489, -0.49415988, -0.38767293), (-0.7773557, -0.4933389, -0.39030117), (-0.7781489, -0.49415988, -0.38767293), (-0.7664557, -0.4851788, -0.42088872), (-0.7667016, -0.48552918, -0.42003575), (-0.7664557, -0.4851788, -0.42088872), (-0.7719858, -0.49024457, -0.40459633), (-0.56026095, 0.45641065, -0.6912286), (-0.5842725, 0.45297432, -0.67337954), (-0.58367485, 0.4530041, -0.67387754), (-0.5842725, 0.45297432, -0.67337954), (-0.57898134, 0.4512787, -0.6790642), (-0.5781881, 0.45112762, -0.67983997), (-0.5781881, 0.45112762, -0.67983997), (-0.57898134, 0.4512787, -0.6790642), (-0.24647951, 0.35965085, -0.899944), (-0.24647951, 0.35965085, -0.899944), (0.09924164, 0.21870062, -0.9707322), (0.09846816, 0.21911632, -0.9707173), (0.09846816, 0.21911632, -0.9707173), (0.09924164, 0.21870062, -0.9707322), (0.09116766, 0.22318283, -0.9705039), (-0.14610912, -0.5453919, -0.82534826), (-0.10745627, -0.5174404, -0.84894556), (-0.10720517, -0.51582897, -0.8499573), (-0.10720517, -0.51582897, -0.8499573), (-0.10745627, -0.5174404, -0.84894556), (-0.067888066, -0.422489, -0.90382206), (-0.067888066, -0.422489, -0.90382206), (0.01918465, -0.20874615, -0.97778165), (0.009750159, -0.23636374, -0.9716157), (0.01918465, -0.20874615, -0.97778165), (0.06891825, 0.044231974, -0.9966412), (0.06769772, 0.037747435, -0.9969915), (0.06769772, 0.037747435, -0.9969915), (0.06891825, 0.044231974, -0.9966412), (0.09355427, 0.14561936, -0.9849074), (-0.50673586, 0.012843085, -0.8620057), (-0.48399714, 0.059645638, -0.8730345), (-0.48426944, 0.06152511, -0.87275296), (-0.48426944, 0.06152511, -0.87275296), (-0.48399714, 0.059645638, -0.8730345), (-0.47596055, 0.1754116, -0.86179596), (-0.47596055, 0.1754116, -0.86179596), (-0.4555742, 0.28831583, -0.84221494), (-0.4562526, 0.28145623, -0.84416574), (-0.4555742, 0.28831583, -0.84221494), (-0.4834068, 0.3120633, -0.81788397), (-0.48290002, 0.31152514, -0.81838846), (-0.48290002, 0.31152514, -0.81838846), (-0.4834068, 0.3120633, -0.81788397), (-0.47874287, 0.29667246, -0.82631147), (-0.9749764, -0.03636976, -0.21931323), (-0.975268, -0.036626134, -0.2179695), (-0.97526395, -0.036750123, -0.21796715), (-0.975268, -0.036626134, -0.2179695), (-0.98160195, -0.037635542, -0.18719323), (-0.9813289, -0.03792942, -0.18856026), (-0.98160195, -0.037635542, -0.18719323), (-0.9762193, -0.025042033, -0.21533425), (-0.9770755, -0.026483448, -0.21123923), (-0.8847159, 0.024820259, -0.4654694), (-0.88369226, 0.024362307, -0.4674338), (-0.93972087, 0.0010131799, -0.3419409), (-0.93972087, 0.0010131799, -0.3419409), (-0.9770755, -0.026483448, -0.21123923), (-0.9762193, -0.025042033, -0.21533425), (-0.6016862, 0.0520471, -0.7970351), (-0.6076745, 0.050878547, -0.7925548), (-0.55046904, 0.09556049, -0.8293685), (-0.6076745, 0.050878547, -0.7925548), (-0.6016862, 0.0520471, -0.7970351), (-0.7201219, 0.036743406, -0.69287395), (-0.7232188, 0.036550507, -0.6896511), (-0.7201219, 0.036743406, -0.69287395), (-0.82111365, 0.024009746, -0.5702595), (-0.88369226, 0.024362307, -0.4674338), (-0.8847159, 0.024820259, -0.4654694), (-0.82039636, 0.025049873, -0.5712464), (-0.5790683, 0.8070211, 0.11574485), (-0.57349795, 0.81652784, 0.06619981), (-0.57330173, 0.81661844, 0.066778615), (-0.57330173, 0.81661844, 0.066778615), (-0.57349795, 0.81652784, 0.06619981), (-0.5661662, 0.8223054, 0.057180703), (-0.5668349, 0.82155967, 0.061138626), (-0.5661662, 0.8223054, 0.057180703), (-0.587593, 0.79319257, 0.15993752), (-0.6145459, 0.65028185, 0.44661716), (-0.61380404, 0.652167, 0.4448851), (-0.6233972, 0.65018433, 0.4343228), (-0.6233972, 0.65018433, 0.4343228), (-0.61825126, 0.71469027, 0.32708305), (-0.61807394, 0.7148053, 0.3271665), (-0.6067819, 0.7401138, 0.28990936), (-0.60694975, 0.7395169, 0.2910786), (-0.58884335, 0.79078317, 0.16710931), (-0.6067819, 0.7401138, 0.28990936), (-0.61380404, 0.652167, 0.4448851), (-0.6145459, 0.65028185, 0.44661716), (0.5746797, -0.8171517, -0.04479205), (0.5746498, -0.81724805, -0.04339794), (0.57474875, -0.81718004, -0.043366894), (0.5746498, -0.81724805, -0.04339794), (0.569801, -0.8216853, -0.012653999), (0.57029825, -0.8213194, -0.013937934), (0.569801, -0.8216853, -0.012653999), (0.5648584, -0.8240422, -0.04346866), (0.5652941, -0.8239639, -0.039064962), (0.5502703, -0.7754487, -0.30964813), (0.5507025, -0.77436507, -0.3115855), (0.56165224, -0.80825925, -0.1768152), (0.56165224, -0.80825925, -0.1768152), (0.5652941, -0.8239639, -0.039064962), (0.5648584, -0.8240422, -0.04346866), (0.48288542, -0.5526623, -0.67925406), (0.48552337, -0.5571035, -0.67372304), (0.43113974, -0.53197485, -0.7287807), (0.48552337, -0.5571035, -0.67372304), (0.48288542, -0.5526623, -0.67925406), (0.52419895, -0.64435625, -0.55679476), (0.5249679, -0.64685273, -0.55316377), (0.52419895, -0.64435625, -0.55679476), (0.5494936, -0.72221553, -0.42007315), (0.5507025, -0.77436507, -0.3115855), (0.5502703, -0.7754487, -0.30964813), (0.54856837, -0.7221574, -0.42138037), (-0.7994529, -0.58376765, -0.14174049), (-0.7904261, -0.61037827, -0.051624794), (-0.79036367, -0.610494, -0.051207814), (-0.79036367, -0.610494, -0.051207814), (-0.7904261, -0.61037827, -0.051624794), (-0.79860574, -0.58859235, -0.12564993), (-0.79860574, -0.58859235, -0.12564993), (-0.79579943, -0.5117188, -0.3238012), (-0.79589707, -0.51239985, -0.32248148), (-0.79579943, -0.5117188, -0.3238012), (-0.79620266, -0.50295573, -0.33629876), (-0.7960421, -0.5030696, -0.33650866), (-0.7960421, -0.5030696, -0.33650866), (-0.79620266, -0.50295573, -0.33629876), (-0.79889256, -0.5318766, -0.28085217), (-0.79889256, -0.5318766, -0.28085217), (-0.8016874, -0.5473049, -0.2403221), (-0.80163467, -0.5473727, -0.24034332), (0.6779094, -0.7239363, 0.12788711), (0.6874869, -0.71899706, 0.102005295), (0.6873531, -0.7191967, 0.10149818), (0.6873531, -0.7191967, 0.10149818), (0.6874869, -0.71899706, 0.102005295), (0.6985709, -0.7152055, -0.021905331), (0.69884497, -0.71474975, -0.027360871), (0.6985709, -0.7152055, -0.021905331), (0.69953936, -0.6915153, -0.18014227), (0.6994047, -0.69060236, -0.18412343), (0.69953936, -0.6915153, -0.18014227), (0.70062524, -0.68163925, -0.21093175), (0.7008288, -0.6819678, -0.20918666), (0.70062524, -0.68163925, -0.21093175), (0.70287645, -0.6883132, -0.17941459), (-0.12040628, -0.6520196, -0.7485805), (-0.119439855, -0.6744941, -0.72855467), (-0.11939492, -0.6739265, -0.72908705), (-0.119439855, -0.6744941, -0.72855467), (-0.116783895, -0.6691923, -0.73385495), (-0.11651036, -0.668412, -0.73460925), (-0.11651036, -0.668412, -0.73460925), (-0.116783895, -0.6691923, -0.73385495), (-0.008975048, -0.3337245, -0.9426279), (-0.008975048, -0.3337245, -0.9426279), (0.094417505, 0.028144654, -0.9951348), (0.094141126, 0.02731258, -0.9951842), (0.094141126, 0.02731258, -0.9951842), (0.094417505, 0.028144654, -0.9951348), (0.09146102, 0.019446056, -0.9956188), (0.7980429, -0.08045842, -0.59720516), (0.7738185, -0.047888268, -0.6315946), (0.7726015, -0.047945183, -0.63307834), (0.7726015, -0.047945183, -0.63307834), (0.7738185, -0.047888268, -0.6315946), (0.6969279, -0.026681272, -0.7166447), (0.6969279, -0.026681272, -0.7166447), (0.5081372, 0.020729987, -0.86102664), (0.5333601, 0.016274106, -0.8457317), (0.5081372, 0.020729987, -0.86102664), (0.27041256, 0.026631674, -0.9623762), (0.2767661, 0.026506409, -0.9605717), (0.2767661, 0.026506409, -0.9605717), (0.27041256, 0.026631674, -0.9623762), (0.16816977, 0.034269672, -0.98516214), (0.34144923, -0.53066385, -0.7757631), (0.29789993, -0.5165031, -0.80279523), (0.29609144, -0.5170764, -0.8030951), (0.29609144, -0.5170764, -0.8030951), (0.29789993, -0.5165031, -0.80279523), (0.18486401, -0.52758455, -0.82914406), (0.18486401, -0.52758455, -0.82914406), (0.06998994, -0.52582663, -0.84770733), (0.07712996, -0.5254092, -0.8473466), (0.06998994, -0.52582663, -0.84770733), (0.044048283, -0.55635333, -0.8297775), (0.044639573, -0.5557827, -0.83012825), (0.044639573, -0.5557827, -0.83012825), (0.044048283, -0.55635333, -0.8297775), (0.06045485, -0.5494974, -0.83330536), (0.9836375, 0.1565912, 0.08908689), (0.9836375, 0.1565912, 0.08908689), (0.9836375, 0.1565912, 0.08908689), (0.94081694, 0.15683752, 0.30044222), (0.94081694, 0.15683752, 0.30044222), (0.94081694, 0.15683752, 0.30044222), (0.5775412, 0.12407488, 0.8068777), (0.5775412, 0.12407488, 0.8068777), (0.5775412, 0.12407488, 0.8068777), (0.10174312, 0.017343571, 0.9946595), (0.10174312, 0.017343571, 0.9946595), (0.10174312, 0.017343571, 0.9946595), (-0.7531076, -0.0922931, 0.65139145), (-0.7531076, -0.0922931, 0.65139145), (-0.7531076, -0.0922931, 0.65139145), (-0.050374754, 0.008835053, 0.9986913), (-0.050374754, 0.008835053, 0.9986913), (-0.050374754, 0.008835053, 0.9986913), (-0.9585194, -0.13555379, 0.25073037), (-0.9585194, -0.13555379, 0.25073037), (-0.9585194, -0.13555379, 0.25073037), (0.89028054, -0.36187774, -0.27648705), (0.89807516, -0.37423033, -0.23111154), (0.8979821, -0.37413377, -0.23162898), (0.8979821, -0.37413377, -0.23162898), (0.89807516, -0.37423033, -0.23111154), (0.9078224, -0.41854054, 0.026121788), (0.90648925, -0.42096382, 0.032661177), (0.9078224, -0.41854054, 0.026121788), (0.80373514, -0.4557868, 0.38245028), (0.79864836, -0.45682454, 0.39175516), (0.80373514, -0.4557868, 0.38245028), (0.5548464, -0.39436868, 0.73254263), (-0.32360867, 0.010314413, 0.94613475), (-0.32529044, 0.012220522, 0.9455352), (-0.009708284, -0.1533914, 0.9881178), (0.025535861, -0.1722377, 0.9847244), (-0.009708284, -0.1533914, 0.9881178), (0.5298417, -0.38427573, 0.75604224), (-0.32529044, 0.012220522, 0.9455352), (-0.32360867, 0.010314413, 0.94613475), (-0.34377497, 0.040734667, 0.9381681), (0.9246923, -0.13651174, 0.35539952), (0.90233785, -0.1755473, 0.3936617), (0.9034539, -0.17340162, 0.3920497), (0.90233785, -0.1755473, 0.3936617), (0.68394727, -0.4412458, 0.5809632), (0.70427233, -0.41859618, 0.5733915), (0.68394727, -0.4412458, 0.5809632), (0.38012764, -0.6781664, 0.6289621), (0.36652648, -0.6777063, 0.6374735), (0.36652648, -0.6777063, 0.6374735), (0.38012764, -0.6781664, 0.6289621), (0.18484756, -0.6814314, 0.7081543), (-0.35040444, -0.5511199, 0.757287), (-0.3813168, -0.5420848, 0.7488268), (-0.17573856, -0.63846076, 0.74932224), (-0.064390674, -0.64876884, 0.75825644), (-0.17573856, -0.63846076, 0.74932224), (0.13204934, -0.68369406, 0.71772236), (-0.3813168, -0.5420848, 0.7488268), (-0.35040444, -0.5511199, 0.757287), (-0.38378158, -0.57675546, 0.7211553), (0.7673185, 0.61383736, 0.18554233), (0.7673185, 0.61383736, 0.18554233), (0.7673185, 0.61383736, 0.18554233), (0.7397911, 0.54877913, 0.38929495), (0.7397911, 0.54877913, 0.38929495), (0.7397911, 0.54877913, 0.38929495), (0.46732682, 0.23221299, 0.85304326), (0.46732682, 0.23221299, 0.85304326), (0.46732682, 0.23221299, 0.85304326), (0.122205436, -0.1380319, 0.9828596), (0.122205436, -0.1380319, 0.9828596), (0.122205436, -0.1380319, 0.9828596), (-0.5699281, -0.59475464, 0.5669645), (-0.5699281, -0.59475464, 0.5669645), (-0.5699281, -0.59475464, 0.5669645), (-0.0037219531, -0.22349651, 0.9746976), (-0.0037219531, -0.22349651, 0.9746976), (-0.0037219531, -0.22349651, 0.9746976), (-0.741602, -0.6532553, 0.15259054), (-0.741602, -0.6532553, 0.15259054), (-0.741602, -0.6532553, 0.15259054), (0.8712136, 0.45732984, 0.17842712), (0.8687334, 0.43787047, 0.23145574), (0.86873573, 0.43776563, 0.2316451), (0.86873573, 0.43776563, 0.2316451), (0.8687334, 0.43787047, 0.23145574), (0.8685849, 0.43156272, 0.24354458), (0.8685849, 0.43156272, 0.24354458), (0.8621343, 0.5066019, -0.008881631), (0.8630598, 0.5050946, -0.0027012513), (-0.4695247, 0.03465399, -0.882239), (-0.52054447, -0.00702154, -0.85380566), (-0.05286497, 0.30960518, -0.94939446), (0.020701997, 0.34860316, -0.93704176), (-0.05286497, 0.30960518, -0.94939446), (0.4601689, 0.52617955, -0.7151082), (-0.8641497, -0.43057525, -0.26048115), (-0.86145234, -0.42085603, -0.2842183), (-0.86979175, -0.45947838, -0.17983858), (-0.86145234, -0.42085603, -0.2842183), (-0.8641497, -0.43057525, -0.26048115), (-0.81582326, -0.32737195, -0.47671798), (-0.7961526, -0.29821736, -0.526505), (-0.81582326, -0.32737195, -0.47671798), (-0.70068735, -0.18258058, -0.6897112), (-0.52054447, -0.00702154, -0.85380566), (-0.4695247, 0.03465399, -0.882239), (-0.67768204, -0.15820731, -0.71813476), (0.7241322, 0.56085044, -0.40134716), (0.8630598, 0.5050946, -0.0027012513), (0.8621343, 0.5066019, -0.008881631), (0.7180835, 0.56176937, -0.41081786), (0.46461368, 0.52763885, -0.71114784), (0.4601689, 0.52617955, -0.7151082), (0.083424, -0.9767465, -0.19750135), (0.077394195, -0.9878787, -0.13455799), (0.077199295, -0.9880074, -0.13372228), (0.077394195, -0.9878787, -0.13455799), (0.043853298, -0.9984494, -0.034288913), (0.045668982, -0.99831504, -0.03579697), (0.043853298, -0.9984494, -0.034288913), (0.048764363, -0.9915313, -0.12036515), (0.046548057, -0.99291646, -0.10931771), (0.3823478, 0.3076876, -0.8712855), (0.3556573, 0.44871745, -0.81985396), (0.4034626, -0.16192164, -0.900555), (0.37698352, -0.37151223, -0.84844685), (0.4034626, -0.16192164, -0.900555), (0.24425574, -0.7737377, -0.58452463), (0.3556573, 0.44871745, -0.81985396), (0.3823478, 0.3076876, -0.8712855), (0.23737542, 0.601285, -0.7629608), (0.11782528, -0.9358656, -0.33207345), (0.046548057, -0.99291646, -0.10931771), (0.048764363, -0.9915313, -0.12036515), (0.11845972, -0.93575865, -0.3321489), (0.23958863, -0.78308904, -0.57390666), (0.24425574, -0.7737377, -0.58452463), (0.5541899, -0.8148142, -0.17015097), (0.5668622, -0.8130064, -0.13299541), (0.5660596, -0.8129331, -0.13680802), (0.5668622, -0.8130064, -0.13299541), (0.5718158, -0.8116298, -0.1195151), (0.57244086, -0.8120122, -0.1137883), (0.5718158, -0.8116298, -0.1195151), (0.56552947, -0.80756515, -0.16737682), (0.5674534, -0.80909896, -0.15282509), (0.56552947, -0.80756515, -0.16737682), (0.5600101, -0.78771853, -0.25668707), (0.5651032, -0.79159886, -0.23244286), (0.5600101, -0.78771853, -0.25668707), (0.54289263, -0.78781706, -0.29088128), (0.54323, -0.78753656, -0.29101086), (-0.4496415, -0.5098128, -0.73342586), (-0.44634756, -0.53502625, -0.71730113), (-0.44637367, -0.5343942, -0.7177558), (-0.44634756, -0.53502625, -0.71730113), (-0.4445773, -0.5293568, -0.7225873), (-0.4444205, -0.52851, -0.72330326), (-0.4444205, -0.52851, -0.72330326), (-0.4445773, -0.5293568, -0.7225873), (-0.351269, -0.18196495, -0.9184219), (-0.351269, -0.18196495, -0.9184219), (-0.20999293, 0.16795655, -0.96316856), (-0.21040799, 0.16718315, -0.9632125), (-0.21040799, 0.16718315, -0.9632125), (-0.20999293, 0.16795655, -0.96316856), (-0.21446939, 0.159873, -0.9635577), (-0.67440665, 0.7234773, 0.14750022), (-0.6866294, 0.69752455, 0.20493796), (-0.6866944, 0.69722193, 0.2057486), (-0.6866294, 0.69752455, 0.20493796), (-0.6837144, 0.6628069, 0.305322), (-0.6847428, 0.66272163, 0.30319518), (-0.6837144, 0.6628069, 0.305322), (-0.669996, 0.70540893, 0.23130843), (-0.67091346, 0.7010252, 0.24174096), (0.049438275, 0.11488819, -0.9921475), (0.15421735, 0.004209995, -0.988028), (-0.27056193, 0.43396348, -0.85934395), (-0.39654815, 0.55594546, -0.73053), (-0.27056193, 0.43396348, -0.85934395), (-0.60219496, 0.7346812, -0.31241757), (0.15421735, 0.004209995, -0.988028), (0.049438275, 0.11488819, -0.9921475), (0.3334567, -0.07368777, -0.9398812), (-0.65291953, 0.757381, 0.008380351), (-0.67091346, 0.7010252, 0.24174096), (-0.669996, 0.70540893, 0.23130843), (-0.65330607, 0.75705177, 0.0079791695), (-0.6064757, 0.73700756, -0.2983405), (-0.60219496, 0.7346812, -0.31241757), (0.94089794, -0.2926443, -0.17050016), (0.94562066, -0.315522, -0.07903988), (0.94562477, -0.31561643, -0.078613274), (0.94562477, -0.31561643, -0.078613274), (0.94562066, -0.315522, -0.07903988), (0.942223, -0.29728833, -0.15438725), (0.942223, -0.29728833, -0.15438725), (0.9042337, -0.23760954, -0.3548283), (0.9046694, -0.23799331, -0.35345772), (0.9042337, -0.23760954, -0.3548283), (0.8989444, -0.23599894, -0.36905763), (0.89897746, -0.23572937, -0.36914945), (0.89897746, -0.23572937, -0.36914945), (0.8989444, -0.23599894, -0.36905763), (0.91671735, -0.25091237, -0.31092173), (0.91671735, -0.25091237, -0.31092173), (0.9254608, -0.26498413, -0.27075067), (0.92549074, -0.26490274, -0.2707275), (0.49288473, 0.8682945, -0.055939835), (0.49433067, 0.8692482, 0.0066898763), (0.49431995, 0.8692523, 0.0069340444), (0.49431995, 0.8692523, 0.0069340444), (0.49433067, 0.8692482, 0.0066898763), (0.4882585, 0.85585374, 0.17063999), (0.4882585, 0.85585374, 0.17063999), (0.47906327, 0.83948046, 0.25645873), (0.47881284, 0.83945847, 0.2569978), (0.47906327, 0.83948046, 0.25645873), (0.48658842, 0.8362056, 0.25296623), (0.48617402, 0.8364431, 0.25297755), (0.48617402, 0.8364431, 0.25297755), (0.48658842, 0.8362056, 0.25296623), (0.48631886, 0.8516533, 0.19539893), (0.48631886, 0.8516533, 0.19539893), (0.49186343, 0.86192906, 0.12308025), (0.49182352, 0.8619514, 0.12308293), (-0.1257791, -0.99192953, 0.015984114), (-0.13553235, -0.988014, 0.07388793), (-0.13565612, -0.98793614, 0.07469666), (-0.13565612, -0.98793614, 0.07469666), (-0.13553235, -0.988014, 0.07388793), (-0.15967114, -0.95903957, 0.23398335), (-0.16028836, -0.95774883, 0.23879875), (-0.15967114, -0.95903957, 0.23398335), (-0.17268926, -0.9244052, 0.34007853), (-0.17323644, -0.9242719, 0.34016252), (-0.17268926, -0.9244052, 0.34007853), (-0.19357546, -0.9017476, 0.38649702), (-0.19481535, -0.89788175, 0.39478523), (-0.19357546, -0.9017476, 0.38649702), (-0.18060294, -0.91573775, 0.35889694), (-0.17750296, -0.92377144, 0.3393216), (-0.18060294, -0.91573775, 0.35889694), (-0.16562109, -0.95412266, 0.24943855), (0.93713015, -0.341348, 0.072585024), (0.94092894, -0.3378826, 0.02209094), (0.9407936, -0.33822665, 0.022586478), (0.9407936, -0.33822665, 0.022586478), (0.94092894, -0.3378826, 0.02209094), (0.93892735, -0.34394658, 0.010782091), (0.9388122, -0.34410864, 0.014859301), (0.93892735, -0.34394658, 0.010782091), (0.9334423, -0.3382666, 0.11941951), (0.8552113, -0.29251415, 0.42784226), (0.8558237, -0.29391083, 0.4256551), (0.8629328, -0.28404063, 0.4179329), (0.8629328, -0.28404063, 0.4179329), (0.90269125, -0.307077, 0.30141708), (0.90261304, -0.30728734, 0.30143705), (0.91050583, -0.32281652, 0.2583964), (0.9102227, -0.3225912, 0.25967184), (0.9326373, -0.33771566, 0.1270274), (0.91050583, -0.32281652, 0.2583964), (0.8558237, -0.29391083, 0.4256551), (0.8552113, -0.29251415, 0.42784226)] (
                        interpolation = "faceVarying"
                    )
                    point3f[] points = [(-0.20396519, 0.12771404, 0.012467563), (-0.20523667, 0.11205071, 0.007085502), (-0.23856568, 0.08093631, 0.14803275), (-0.23949575, 0.0695191, 0.14410976), (-0.24473071, 0.037326038, 0.27830076), (-0.24552155, 0.027637362, 0.27496678), (-0.27172053, 0.01746893, 0.34010535), (-0.27247787, 0.008071333, 0.3368623), (-0.31876898, -0.014497876, 0.42680323), (-0.31962454, -0.024414599, 0.42342108), (-0.34814072, -0.0314793, 0.49006486), (-0.34868598, -0.03831333, 0.48771578), (-0.38033903, -0.061014667, 0.5755261), (-0.38057613, -0.06391288, 0.57452905), (-0.13411474, 0.0071731806, -0.004614651), (-0.12312794, 0.0064120293, -0.00014835596), (-0.16314876, -0.0090532005, 0.123306155), (-0.15450573, -0.009435862, 0.12516439), (-0.18939567, -0.023363978, 0.23882735), (-0.18186224, -0.02378738, 0.24079493), (-0.2813549, -0.15754387, 0.45144272), (-0.27862096, -0.15794772, 0.45250934), (-0.19886482, -0.026125878, 0.28170264), (-0.21084976, -0.03692642, 0.32159936), (-0.20433652, -0.02986139, 0.3022693), (-0.20370126, -0.037409216, 0.3237743), (-0.19153666, -0.026624382, 0.28391576), (-0.19709003, -0.030366868, 0.3044617), (-0.2327044, -0.06532219, 0.37723598), (-0.24589813, -0.087301314, 0.40254682), (-0.23909521, -0.07504243, 0.39108115), (-0.24000263, -0.087836325, 0.40491), (-0.22609544, -0.0659394, 0.3798888), (-0.2327323, -0.07561886, 0.39364108), (-0.20825267, -0.06635477, -0.017325222), (-0.21210635, -0.08400871, -0.016983092), (-0.18453693, -0.07153839, 0.14517623), (-0.1873461, -0.08440688, 0.14542562), (-0.13916242, -0.0776262, 0.30705258), (-0.14153934, -0.08854985, 0.3072618), (-0.09661603, -0.08613971, 0.39088947), (-0.098909855, -0.096740395, 0.39108688), (-0.04829979, -0.10095996, 0.49517137), (-0.050811768, -0.11211604, 0.4954043), (-0.012604237, -0.104898006, 0.565415), (-0.014278412, -0.1126017, 0.56556135), (0.020899534, -0.113167256, 0.6669024), (0.020186424, -0.116434366, 0.6669657), (-0.13766545, -0.12611574, -0.026385486), (-0.13210839, -0.1412067, -0.023450255), (-0.18598211, -0.14316493, 0.1480568), (-0.18121213, -0.15436214, 0.14820743), (-0.22921312, -0.15832701, 0.30567273), (-0.2251935, -0.16825488, 0.30624783), (-0.46793354, -0.19742063, 0.58331454), (-0.4668095, -0.20128727, 0.583938), (-0.24196923, -0.16277963, 0.3646626), (-0.26588738, -0.16796602, 0.4185634), (-0.25161695, -0.165221, 0.39266893), (-0.26219732, -0.17753586, 0.41950175), (-0.2381894, -0.17258674, 0.36560175), (-0.24789488, -0.17492747, 0.39360008), (-0.31876117, -0.1768884, 0.4921234), (-0.35592788, -0.18238656, 0.52443427), (-0.33575946, -0.17953023, 0.5100909), (-0.35309798, -0.190548, 0.5259368), (-0.31561053, -0.1860489, 0.49380893), (-0.3327049, -0.18834117, 0.5117253), (0.1191175, 0.24037135, 0.52632284), (0.12134063, 0.23937857, 0.52657557), (0.10890472, 0.20292544, 0.56062907), (0.112237334, 0.20196539, 0.5606021), (0.101071, 0.16942787, 0.5946485), (0.10400808, 0.16858327, 0.5946267), (0.09106243, 0.14366728, 0.6182281), (0.09391284, 0.14284879, 0.6182089), (0.08035624, 0.10334182, 0.61579275), (0.082987666, 0.1025911, 0.6157824), (0.05619049, 0.051470578, 0.613537), (0.05730462, 0.05115187, 0.6135317), (0.17194027, 0.24130082, 0.04100555), (0.1658951, 0.23845601, 0.040129483), (0.15905929, 0.22060716, 0.10054052), (0.15461195, 0.21871662, 0.099117875), (0.15516388, 0.19385147, 0.1481145), (0.15122962, 0.1921776, 0.14691848), (0.16070867, 0.17714077, 0.15752205), (0.1568594, 0.17545754, 0.15653437), (0.20117688, 0.1456129, 0.090491325), (0.19969207, 0.14498842, 0.090002835), (0.16779244, 0.16497576, 0.15753794), (0.1832127, 0.14540559, 0.14281565), (0.17594534, 0.15164077, 0.1552366), (0.18027222, 0.1441583, 0.14196837), (0.1640873, 0.16335326, 0.15660608), (0.17255145, 0.15018171, 0.15431207), (0.16851628, 0.20821768, 0.0292418), (0.16965246, 0.19330448, 0.026456773), (0.1713723, 0.1529656, 0.18244213), (0.17227888, 0.14234889, 0.17855906), (0.19414634, 0.101795495, 0.32890642), (0.1949138, 0.09229231, 0.3259059), (0.122945786, 0.08890176, 0.49495113), (0.123235345, 0.0852744, 0.49403584), (0.19113737, 0.05732739, 0.48808044), (0.15897655, 0.06725681, 0.50549066), (0.17895758, 0.058003962, 0.5034806), (0.15947711, 0.060406983, 0.50449395), (0.19165123, 0.048103094, 0.48696792), (0.17949063, 0.049537003, 0.50241655), (0.20984936, 0.07955277, 0.39327154), (0.20946378, 0.07214469, 0.41968626), (0.21008861, 0.06271988, 0.4174794), (0.21050125, 0.07001245, 0.39101687), (0.12571335, 0.14068562, 0.02606523), (0.1107434, 0.13329118, 0.0248757), (0.11553192, 0.115124166, 0.17427129), (0.10479307, 0.10975158, 0.17342094), (0.11212361, 0.1105479, 0.29375207), (0.10287058, 0.10601044, 0.29279226), (0.118870854, 0.07253975, 0.43089002), (0.10951567, 0.06813806, 0.42944336), (0.12597501, 0.044199646, 0.47207344), (0.119508505, 0.041181684, 0.47082347), (0.121341944, 0.0093690455, 0.54854417), (0.1185832, 0.008065045, 0.54801154), (0.114596486, 0.10568857, 0.34579507), (0.11548436, 0.101106286, 0.36392188), (0.106450915, 0.096723914, 0.36272863), (0.105561376, 0.10129887, 0.34459934), (0.21136403, 0.16076446, 0.02744919), (0.20280313, 0.16311729, 0.030914903), (0.21718752, 0.12858218, 0.11107451), (0.21060026, 0.13079989, 0.11266205), (0.22229075, 0.091622174, 0.18389922), (0.21650046, 0.093571484, 0.1853649), (0.22058642, 0.0665099, 0.20385277), (0.2150147, 0.068365574, 0.20552438), (0.18426162, -0.02159673, 0.14716977), (0.1820569, -0.020851105, 0.14767832), (0.21650964, 0.03465599, 0.21602732), (0.20566356, 0.0101956725, 0.19715765), (0.21274018, 0.022059679, 0.21330687), (0.20137024, 0.011653215, 0.19830164), (0.21124834, 0.036419928, 0.21756878), (0.20780516, 0.023724139, 0.21468559), (-0.059699535, 0.24342978, 0.031317294), (-0.049730062, 0.240798, 0.03553027), (-0.08218765, 0.24732888, 0.15381837), (-0.07430673, 0.2453475, 0.15555069), (-0.10714114, 0.24818146, 0.26595092), (-0.10019541, 0.24644089, 0.2674781), (-0.12604392, 0.23661065, 0.32736337), (-0.11930263, 0.23492706, 0.3288462), (-0.16620755, 0.20222408, 0.44238347), (-0.15998316, 0.20069069, 0.44375503), (-0.2000171, 0.17317134, 0.5518294), (-0.19738173, 0.17251915, 0.5524104), (-0.14985466, 0.21229017, 0.40652913), (-0.14956498, 0.21036142, 0.40671885), (-0.18353248, 0.20168239, 0.42827505), (-0.18269706, 0.19903487, 0.42830673), (-0.21353841, 0.19123483, 0.45042288), (-0.21280146, 0.1889022, 0.4504525), (-0.23801208, 0.1859293, 0.4652093), (-0.23729634, 0.18366593, 0.46523976), (-0.26882768, 0.17536241, 0.45758933), (-0.26816475, 0.17327487, 0.4576239), (-0.3131436, 0.16868615, 0.4479326), (-0.31286335, 0.16780186, 0.44794637), (-0.11881614, 0.23606062, 0.3181179), (-0.117426634, 0.23650742, 0.31866634), (-0.11669707, 0.21418434, 0.34235296), (-0.11479163, 0.21511632, 0.3428744), (-0.11283326, 0.19537294, 0.36057195), (-0.11115527, 0.19619304, 0.36104995), (-0.10678601, 0.17797858, 0.37469834), (-0.10514045, 0.17876583, 0.37520862), (-0.09004223, 0.15170926, 0.38677448), (-0.08862567, 0.15247256, 0.3871488), (-0.07316947, 0.11467093, 0.39158174), (-0.07253146, 0.114984035, 0.39174968), (-0.12107444, 0.2290206, 0.315984), (-0.119968414, 0.22950542, 0.31553093), (-0.104879856, 0.20900935, 0.3243459), (-0.10350704, 0.20995724, 0.3236514), (-0.091413856, 0.19234473, 0.32888132), (-0.09019327, 0.19317698, 0.32828), (-0.07924092, 0.17754549, 0.33010787), (-0.07801843, 0.17834342, 0.32953805), (-0.05995691, 0.15592396, 0.32854846), (-0.058958054, 0.15669405, 0.32800204), (-0.041335106, 0.12442428, 0.33081612), (-0.040879488, 0.12474322, 0.33058012), (0.16416466, 0.11710638, 0.017296612), (0.17250115, 0.11150783, 0.019026935), (0.14436293, 0.08738232, 0.12038395), (0.15091634, 0.08354336, 0.120511055), (0.13185978, 0.07000643, 0.2232087), (0.13756406, 0.06652337, 0.22359422), (0.061380625, 0.019394279, 0.30799663), (0.0634861, 0.018051386, 0.30827942), (0.10299945, 0.041528404, 0.3262321), (0.08137405, 0.028266966, 0.32707468), (0.093568444, 0.034751832, 0.33242), (0.08510876, 0.02567017, 0.32803205), (0.10790062, 0.037937164, 0.3276207), (0.09810245, 0.031489313, 0.33368334), (0.12829816, 0.065411985, 0.2696563), (0.12356329, 0.060732663, 0.2867851), (0.12893546, 0.05716908, 0.28759214), (0.13374949, 0.06181574, 0.27046537), (0.07240951, 0.06897551, 0.011622727), (0.07060456, 0.0624516, 0.011885881), (0.058410406, 0.062279224, 0.07440615), (0.057199597, 0.057398856, 0.0738042), (0.058418512, 0.05549711, 0.12899718), (0.057327986, 0.051195204, 0.12852237), (0.07037449, 0.05192828, 0.14471495), (0.069278836, 0.047739625, 0.14443612), (0.14063323, 0.045493662, 0.09756729), (0.14022887, 0.043864787, 0.09735116), (0.08334112, 0.04982817, 0.1499809), (0.111703396, 0.04560107, 0.14506674), (0.09857154, 0.04720819, 0.15364349), (0.11087048, 0.04240042, 0.14475286), (0.08228195, 0.04579985, 0.14973074), (0.09760594, 0.04351622, 0.15333813), (0.14503253, 0.020093858, 0.008598983), (0.15833509, 0.027770996, 0.009966791), (0.14870393, 0.053905547, 0.17771831), (0.15874171, 0.059430182, 0.1767048), (0.14986461, 0.07857677, 0.33313566), (0.15871006, 0.0834499, 0.33225662), (0.15569061, 0.07597569, 0.4184768), (0.16427267, 0.08071011, 0.41763246), (0.18313378, 0.09230363, 0.5668285), (0.19100723, 0.09658837, 0.5660777), (0.2151292, 0.1278593, 0.7066293), (0.21848738, 0.12976377, 0.70627224), (0.17603296, 0.062036872, 0.5420081), (0.17818457, 0.0604288, 0.5423872), (0.15816033, 0.03103292, 0.58689594), (0.16148937, 0.029112041, 0.5869218), (0.14384413, 0.0035268366, 0.63063663), (0.14677858, 0.0018358231, 0.63066125), (0.12834263, -0.017002165, 0.66160643), (0.13119102, -0.018641561, 0.66163224), (0.10618198, -0.057319224, 0.66695607), (0.108813405, -0.058826238, 0.66698706), (0.06658161, -0.10622701, 0.67518663), (0.0676955, -0.10686618, 0.67519903), (0.16284537, 0.07711041, 0.40968886), (0.16392183, 0.07898098, 0.4097185), (0.19141454, 0.0667575, 0.44327497), (0.19253379, 0.06955016, 0.44297183), (0.21735847, 0.058564723, 0.4678254), (0.2183494, 0.061031103, 0.467583), (0.24312723, 0.052033246, 0.4858725), (0.24412495, 0.054451466, 0.48569113), (0.28730172, 0.045021296, 0.49765188), (0.28806412, 0.047162652, 0.49739945), (0.3400225, 0.02438879, 0.50136936), (0.34039468, 0.025322199, 0.50125897), (0.16675818, 0.06723511, 0.40888047), (0.16727918, 0.06849539, 0.40772778), (0.20359027, 0.06453043, 0.41521835), (0.20387834, 0.066388786, 0.41356856), (0.23365867, 0.061282635, 0.41734314), (0.23392856, 0.06293076, 0.4158986), (0.25989825, 0.05745524, 0.41548523), (0.26020986, 0.059083343, 0.41408566), (0.29890227, 0.051810205, 0.4077327), (0.299026, 0.05322641, 0.40646774), (0.34750265, 0.037223816, 0.40660438), (0.34759277, 0.03784269, 0.40604907), (0.13432252, -0.029528588, 0.004352629), (0.14356935, -0.012766868, 0.002915442), (0.18841279, -0.041973114, 0.16349745), (0.19515204, -0.0297544, 0.16244972), (0.22743249, -0.049078852, 0.3411065), (0.23317069, -0.038717806, 0.3402247), (0.31419033, -0.16308326, 0.24780053), (0.31588042, -0.15999743, 0.24753585), (0.31035417, -0.08059278, 0.4619314), (0.34832686, -0.11318728, 0.44426656), (0.3338111, -0.09663656, 0.46287173), (0.3536908, -0.10352132, 0.4435959), (0.3161875, -0.07022235, 0.46115285), (0.33955127, -0.08636889, 0.46215028), (0.35888022, -0.14339268, 0.3930063), (0.35148686, -0.1609872, 0.34166417), (0.35875893, -0.15467793, 0.36772248), (0.35494578, -0.15463796, 0.34110084), (0.36331517, -0.13535023, 0.39231196), (0.36271465, -0.14744496, 0.36708662), (0.2522518, -0.05503869, 0.42139295), (0.27070737, -0.062004775, 0.44307584), (0.2763669, -0.051893324, 0.4421845), (0.2578917, -0.044967175, 0.42047325), (0.13220954, -0.08550082, -0.0064780116), (0.14956594, -0.08952592, -0.003989041), (0.10941839, -0.10012704, 0.15098226), (0.12206912, -0.10306439, 0.15279701), (0.09107101, -0.08534151, 0.29803565), (0.10180831, -0.08783677, 0.2995711), (0.077254176, -0.10374409, 0.37061515), (0.087674856, -0.10615602, 0.3720943), (0.060199976, -0.13971901, 0.47562182), (0.071167946, -0.14231583, 0.47722876), (0.0425148, -0.16006136, 0.5485445), (0.050089598, -0.16180775, 0.5496283), (0.026333094, -0.18029329, 0.6492164), (0.02954483, -0.18104023, 0.64967597), (0.21186715, -0.17712557, 0.3733314), (0.211097, -0.17904264, 0.37325937), (0.18418431, -0.17317638, 0.40649506), (0.18348897, -0.17595205, 0.40604833), (0.15906739, -0.17038006, 0.4308508), (0.15845156, -0.17283326, 0.43048042), (0.13418603, -0.16874531, 0.44888574), (0.13355887, -0.17115751, 0.44857687), (0.091643095, -0.16876331, 0.46123433), (0.09120023, -0.17087752, 0.46087122), (0.038989544, -0.15656337, 0.46685278), (0.038758755, -0.15749031, 0.46669477), (0.20681965, -0.16825917, 0.3732312), (0.20646691, -0.16945347, 0.372059), (0.17168581, -0.17104015, 0.38000283), (0.17162216, -0.17273954, 0.37831488), (0.14279354, -0.17214504, 0.38268167), (0.14272392, -0.17365518, 0.38120276), (0.11736083, -0.17194846, 0.38153383), (0.117249966, -0.1734479, 0.3800997), (0.079445004, -0.17140108, 0.3750555), (0.079487205, -0.17268276, 0.37376037), (0.03139198, -0.16407937, 0.37560597), (0.031376123, -0.16464412, 0.37503815), (0.14596415, 0.0026262999, 0.0050169826), (0.13620067, -0.009886831, 0.0050888658), (0.16222656, -0.054800868, 0.17224622), (0.15467334, -0.0636982, 0.17025635), (0.17636116, -0.09916918, 0.3255076), (0.16971193, -0.10703626, 0.32379332), (0.17190641, -0.10544382, 0.4061901), (0.16546075, -0.11310239, 0.40456116), (0.15020965, -0.099653155, 0.55455846), (0.14428522, -0.10673833, 0.5530522), (0.13165426, -0.10867354, 0.7058603), (0.12914184, -0.11166166, 0.7052049), (0.1542157, -0.12468231, 0.5417238), (0.15156543, -0.124033034, 0.5423163), (0.16144061, -0.0949443, 0.5922714), (0.15753126, -0.09439644, 0.59253335), (0.16653931, -0.06970367, 0.6410841), (0.16309428, -0.069223076, 0.6413165), (0.17488241, -0.048796237, 0.67587686), (0.17153919, -0.048331916, 0.67610425), (0.18105298, -0.0029965043, 0.68758464), (0.17796767, -0.0025756657, 0.6878007), (0.20077425, 0.057149053, 0.7037419), (0.19946772, 0.057328522, 0.7038327), (0.16706133, -0.115112066, 0.40490973), (0.1667403, -0.11729488, 0.40464884), (0.13720953, -0.12095493, 0.4402389), (0.13718247, -0.12397894, 0.43950248), (0.110312104, -0.12655833, 0.4660834), (0.11028695, -0.12923351, 0.46545887), (0.0839417, -0.13274175, 0.48506123), (0.08389449, -0.13538268, 0.48450583), (0.0395267, -0.14457598, 0.49746293), (0.039596796, -0.14685544, 0.49687934), (-0.018545866, -0.14562866, 0.5035385), (-0.018553495, -0.14663738, 0.50328314), (0.15955126, -0.10714331, 0.405486), (0.15948176, -0.10836959, 0.40411866), (0.12356269, -0.11948702, 0.41181496), (0.12392175, -0.12111983, 0.4098564), (0.09366381, -0.12814686, 0.4140289), (0.093969226, -0.12960306, 0.41231078), (0.067043185, -0.13423672, 0.41232625), (0.06730294, -0.13569617, 0.41065618), (0.027283192, -0.14262104, 0.40470505), (0.027647972, -0.14382786, 0.40320605), (-0.024762511, -0.1471375, 0.4050123), (-0.0246377, -0.14767817, 0.40435416), (0.23952669, -0.19067982, 0.37728772), (0.23784858, -0.19188693, 0.3778613), (0.22648954, -0.165932, 0.4125597), (0.22433066, -0.16797668, 0.41299698), (0.21275032, -0.14512634, 0.43911165), (0.21084762, -0.14692858, 0.43952256), (0.19695455, -0.126522, 0.45970863), (0.19507939, -0.12827235, 0.46017015), (0.16364264, -0.10026121, 0.47743028), (0.16206694, -0.10187191, 0.47772962), (0.12624633, -0.05900106, 0.48632234), (0.12552428, -0.059686184, 0.4864596), (0.2397809, -0.18027952, 0.37531844), (0.23854953, -0.18129608, 0.37454373), (0.20993394, -0.16153216, 0.3873499), (0.20855296, -0.16323105, 0.3861712), (0.18524826, -0.14560184, 0.39404795), (0.18401533, -0.14710051, 0.393023), (0.16320932, -0.13118157, 0.39614195), (0.16195822, -0.13264006, 0.3951636), (0.12923765, -0.110280186, 0.3944738), (0.12826777, -0.11161643, 0.39355126), (0.09192634, -0.07665211, 0.39914393), (0.09147024, -0.07722092, 0.39874467), (0.14053869, -0.18924296, -0.022029579), (0.13995528, -0.18350556, -0.020970762), (0.15159917, -0.18707588, 0.03280276), (0.15102649, -0.18273127, 0.03290832), (0.15109575, -0.18825936, 0.080400825), (0.1506114, -0.18442923, 0.08054206), (0.14080703, -0.19107324, 0.09411049), (0.14036822, -0.18735537, 0.09440571), (0.0807395, -0.20236215, 0.05337745), (0.08054805, -0.20091021, 0.053399622), (0.12985218, -0.19411471, 0.09866977), (0.10551453, -0.19907653, 0.094521224), (0.11686134, -0.19726053, 0.101882935), (0.105172515, -0.19622481, 0.09466034), (0.12943506, -0.19053957, 0.09896916), (0.11647248, -0.1939764, 0.10209215), (0.18573272, -0.20570698, -0.020740569), (0.1728046, -0.20733872, -0.021986723), (0.15087342, -0.23233345, 0.11807835), (0.14152098, -0.23325056, 0.11549252), (0.11949837, -0.25673306, 0.24335822), (0.11116445, -0.25756332, 0.24145433), (0.07939446, -0.18627739, 0.52686113), (0.07614899, -0.18644452, 0.5265701), (0.10817504, -0.26845896, 0.28899327), (0.09883118, -0.27057758, 0.33541656), (0.10309279, -0.2715084, 0.31204316), (0.09076166, -0.27139115, 0.33392027), (0.099909544, -0.26928338, 0.287445), (0.094914675, -0.27231202, 0.31051934), (0.087733746, -0.25928703, 0.4065678), (0.08376253, -0.24448898, 0.4431703), (0.08528757, -0.25364754, 0.42551377), (0.07681167, -0.24522111, 0.44250637), (0.07993603, -0.26009092, 0.40583178), (0.07778168, -0.25444207, 0.42480564), (0.14025939, -0.2428123, -0.03141588), (0.13509655, -0.25724712, -0.02933687), (0.17909539, -0.27037537, 0.13497752), (0.1747852, -0.2810712, 0.1345278), (0.20727831, -0.2891615, 0.28711006), (0.20353892, -0.2985925, 0.2867424), (0.19685592, -0.28989288, 0.36981222), (0.1932716, -0.2990498, 0.3694759), (0.14108703, -0.30586675, 0.50960034), (0.13778664, -0.31436113, 0.5092616), (0.10421072, -0.33566397, 0.6440662), (0.10278183, -0.33927193, 0.64390314), (0.21065235, -0.29609257, 0.36574164), (0.21101886, -0.29822683, 0.36573946), (0.1861608, -0.30617788, 0.40266615), (0.1870408, -0.30905414, 0.40227026), (0.1639787, -0.31630337, 0.4301841), (0.16475701, -0.31884497, 0.42985994), (0.14221132, -0.32763642, 0.45108747), (0.14296126, -0.33014482, 0.45082825), (0.10527158, -0.35040364, 0.46753615), (0.10601759, -0.3525479, 0.46720356), (0.052158356, -0.3681517, 0.47774684), (0.052452922, -0.36911184, 0.47760528), (0.20127827, -0.29096568, 0.3660187), (0.20154208, -0.29227942, 0.36482957), (0.17205977, -0.3123963, 0.3760374), (0.17282307, -0.31402612, 0.37428784), (0.14718246, -0.32910436, 0.3812534), (0.14785063, -0.33055887, 0.37972176), (0.124399185, -0.34293738, 0.38217863), (0.1250279, -0.3444028, 0.38069713), (0.08996582, -0.36356091, 0.37857905), (0.09062004, -0.36474174, 0.377229), (0.043278098, -0.38337395, 0.38313538), (0.043536067, -0.38391298, 0.38254634), (0.12426329, -0.29689544, -0.0390504), (0.13932681, -0.29996514, -0.03464836), (0.10870716, -0.3103078, 0.13952419), (0.12038876, -0.31236893, 0.14074051), (0.09289473, -0.31326127, 0.30743104), (0.10319792, -0.315084, 0.30852193), (0.07289645, -0.3336637, 0.3892492), (0.08292778, -0.3354009, 0.39035928), (0.05307372, -0.41633454, 0.48268867), (0.061890654, -0.41751754, 0.4849268), (0.049610298, -0.52815425, 0.49008545), (0.053475022, -0.52875316, 0.4906652), (0.04836917, -0.40926602, 0.4999624), (0.049033165, -0.41199878, 0.49988818), (0.004461527, -0.43201748, 0.5331103), (0.005966902, -0.43567705, 0.532632), (-0.034180403, -0.45412087, 0.5664264), (-0.03285253, -0.45734543, 0.5660073), (-0.06650257, -0.4670851, 0.58945644), (-0.065212965, -0.470214, 0.58905214), (-0.11016488, -0.48499763, 0.58052325), (-0.10897064, -0.487884, 0.58015925), (-0.17378569, -0.4988392, 0.570897), (-0.17328072, -0.50006175, 0.5707417), (0.07828081, -0.35814214, 0.37445277), (0.08027959, -0.35740745, 0.3751421), (0.08702707, -0.39260483, 0.40514553), (0.0897007, -0.39110866, 0.4058142), (0.09711552, -0.4215788, 0.42757332), (0.09947264, -0.420265, 0.42818883), (0.109615326, -0.44763824, 0.4441551), (0.111934185, -0.4463802, 0.44481492), (0.13813102, -0.48460886, 0.45514482), (0.1401087, -0.48339444, 0.45563412), (0.16714698, -0.535783, 0.4540525), (0.16804111, -0.5352795, 0.45426708), (0.075610876, -0.3681268, 0.3705506), (0.07707107, -0.3672249, 0.3698551), (0.10212529, -0.3957144, 0.37732968), (0.10387981, -0.39408287, 0.37633428), (0.12386024, -0.41832653, 0.37952533), (0.12542331, -0.4168933, 0.37866145), (0.14310241, -0.4379592, 0.37746716), (0.14467621, -0.43657917, 0.3766424), (0.17291462, -0.46594316, 0.36952004), (0.17417634, -0.46463555, 0.3687502), (0.20344162, -0.50863266, 0.36550322), (0.20402259, -0.5080842, 0.3651657), (0.09218478, -0.05545546, -0.0055807233), (0.07975888, -0.057645515, -0.0012393594), (0.12017667, -0.0829007, 0.13755035), (0.11045897, -0.08422983, 0.13913411), (0.14553118, -0.10804269, 0.26668224), (0.137043, -0.109237224, 0.26846403), (0.2265054, -0.035698324, 0.5469576), (0.22338569, -0.036000937, 0.54806995), (0.15497708, -0.120087415, 0.31364775), (0.16620922, -0.122261256, 0.3605931), (0.16022348, -0.12321904, 0.3371262), (0.15813875, -0.12342507, 0.3626397), (0.1467036, -0.12127051, 0.31572974), (0.15204048, -0.12437725, 0.3391937), (0.18582976, -0.11065656, 0.43131208), (0.19717425, -0.09546059, 0.46703923), (0.19142073, -0.10486421, 0.44995177), (0.19049025, -0.096490175, 0.46938038), (0.17833447, -0.11179373, 0.43394685), (0.18420672, -0.10597995, 0.45248806), (0.11220026, -0.036425054, -0.00027757883), (0.10238004, -0.051663235, -0.0013707876), (0.12965083, -0.07181406, 0.15843904), (0.12264454, -0.082808614, 0.15765268), (0.13919139, -0.08279079, 0.28740332), (0.13308382, -0.09216997, 0.28648743), (0.17833829, -0.11972067, 0.43230596), (0.17201889, -0.12901202, 0.43087977), (0.20426631, -0.14362618, 0.47423106), (0.19986326, -0.15001577, 0.47297698), (0.22595483, -0.18158129, 0.554395), (0.22408575, -0.18432248, 0.55385935), (0.14861405, -0.08799592, 0.3431479), (0.15353763, -0.092470616, 0.36233595), (0.14752698, -0.10157287, 0.36116856), (0.14260554, -0.09710589, 0.34197745), (0.09324753, -0.13321076, -0.010914624), (0.09658992, -0.11682649, -0.0097693205), (0.05082798, -0.1316056, 0.13176024), (0.053267002, -0.11966327, 0.13259673), (-0.013270378, -0.12776086, 0.25476152), (-0.011196613, -0.117625415, 0.2554682), (-0.022873878, -0.12992272, 0.32501346), (-0.020865917, -0.12008783, 0.32568645), (-0.028559208, -0.13022974, 0.42948642), (-0.026412725, -0.11987051, 0.4302577), (-0.036762476, -0.13587976, 0.5012316), (-0.035311818, -0.12872964, 0.5017259), (-0.05453849, -0.13619873, 0.5964354), (-0.053917885, -0.13316703, 0.5966472), (0.11169267, -0.14426632, -0.016993225), (0.11059201, -0.12760852, -0.012303412), (0.12628336, -0.18198909, 0.13187242), (0.12549378, -0.16984701, 0.13529262), (0.0941529, -0.21269985, 0.27682737), (0.09354043, -0.20239858, 0.27980423), (0.11152179, -0.2201292, 0.34723324), (0.11096586, -0.21014418, 0.3501773), (0.1651333, -0.22292385, 0.4373988), (0.16469398, -0.21249509, 0.44064146), (0.21331924, -0.23178367, 0.49012268), (0.21299113, -0.22458443, 0.49239326), (0.27834415, -0.24480976, 0.5626719), (0.278215, -0.24175969, 0.56364584), (0.06255567, -0.19316238, -0.027640164), (0.07044113, -0.18721646, -0.025706232), (0.057573438, -0.18647552, 0.066805065), (0.063655734, -0.1820485, 0.06708437), (0.04574108, -0.17556629, 0.15169328), (0.051108718, -0.17168033, 0.1520096), (0.031725645, -0.16125718, 0.17906222), (0.036952734, -0.157527, 0.17963606), (-0.03845048, -0.074254125, 0.1442185), (-0.036418676, -0.07277256, 0.144288), (0.011069417, -0.14037943, 0.20033452), (-0.008926153, -0.11530566, 0.18742344), (0.0018525124, -0.12962332, 0.20092747), (-0.0049186945, -0.11243582, 0.18771213), (0.016003847, -0.13686082, 0.20083556), (0.0064690113, -0.12632325, 0.20132679), (0.057765603, -0.18311241, 0.08768618), (0.0579834, -0.17996651, 0.08955732), (0.034110546, -0.18650529, 0.10930279), (0.03461933, -0.18404853, 0.11042386), (0.013240337, -0.18766299, 0.12486923), (0.013546109, -0.1855833, 0.12595823), (0.0035271645, -0.18603253, 0.12509727), (0.003689289, -0.18407983, 0.12632379), (-0.045608997, -0.18982413, 0.08901444), (-0.045372963, -0.18896729, 0.08933085), (-0.0119559765, -0.18676424, 0.12038848), (-0.027050376, -0.18886936, 0.10915953), (-0.018947601, -0.187397, 0.11672324), (-0.026462555, -0.18710452, 0.10978904), (-0.011591077, -0.1847944, 0.12143427), (-0.01844287, -0.18546042, 0.11758357), (0.06050563, -0.2298353, -0.038620055), (0.04670751, -0.2362582, -0.038639426), (0.049473643, -0.2690276, 0.1191625), (0.0392133, -0.27349657, 0.11729884), (0.047359943, -0.32430905, 0.26595658), (0.03827834, -0.32831722, 0.26475465), (0.052228928, -0.28059855, 0.4417383), (0.04881847, -0.28214878, 0.44150192), (0.04554224, -0.35462007, 0.42850876), (0.047718644, -0.3230353, 0.44936228), (0.04575908, -0.34472525, 0.44548917), (0.041443706, -0.32599455, 0.44962966), (0.03709364, -0.3584811, 0.42912), (0.03801465, -0.3483215, 0.44599754), (0.048623323, -0.35374933, 0.32935908), (0.048335075, -0.35889494, 0.35631874), (0.039471984, -0.36282286, 0.35589322), (0.039653063, -0.35774112, 0.32890478), (0.030766249, -0.28407395, -0.04382962), (0.03442049, -0.273282, -0.038778007), (0.016059875, -0.30657297, 0.07047564), (0.01905477, -0.29807687, 0.072877824), (-0.008089304, -0.32695878, 0.17270696), (-0.00543499, -0.31950077, 0.17490712), (-0.033879638, -0.329781, 0.20573953), (-0.031270385, -0.32264447, 0.20819244), (-0.1650095, -0.28178704, 0.1666553), (-0.16400993, -0.27893978, 0.1674295), (-0.07074952, -0.32895488, 0.2313717), (-0.10815978, -0.3141846, 0.21668994), (-0.08776331, -0.3247277, 0.23234758), (-0.106158614, -0.3086621, 0.21838987), (-0.068282366, -0.32220954, 0.23363766), (-0.085457325, -0.31839, 0.23438528), (0.012777686, -0.30878562, 0.09636989), (0.010663271, -0.30601597, 0.099282086), (-0.009882331, -0.33425903, 0.117112815), (-0.01117301, -0.33177137, 0.11904353), (-0.030998588, -0.3539517, 0.13153899), (-0.032224774, -0.35196942, 0.13331768), (-0.042004585, -0.35904574, 0.13020498), (-0.043293238, -0.35732585, 0.13209647), (-0.08718395, -0.38664794, 0.07617533), (-0.087570906, -0.3857198, 0.076770306), (-0.056916237, -0.36909804, 0.1213097), (-0.070118785, -0.37847364, 0.104355186), (-0.06335473, -0.37351862, 0.11537677), (-0.07081151, -0.3764862, 0.10557407), (-0.058002353, -0.3671729, 0.12302661), (-0.06426597, -0.3714803, 0.116891146), (0.052375317, -0.345572, -0.049194098), (0.06116724, -0.34768546, -0.04748833), (0.04839444, -0.36835733, 0.035556614), (0.055138707, -0.3696963, 0.03577119), (0.045439243, -0.37160492, 0.11015311), (0.051373124, -0.37282035, 0.11041558), (0.045987844, -0.35624743, 0.13266906), (0.051727295, -0.35748893, 0.1331684), (0.06050563, -0.25752264, 0.07496971), (0.062759995, -0.25796878, 0.07502091), (0.04680991, -0.3389051, 0.14092243), (0.051739573, -0.2999011, 0.1368947), (0.04853654, -0.31835955, 0.14727366), (0.056147218, -0.30083716, 0.13714153), (0.052325964, -0.34010786, 0.14142638), (0.053608656, -0.3194496, 0.147634), (-0.0048527718, 0.22502708, 0.024141729), (-0.00062811375, 0.20994598, 0.022772849), (0.008583069, 0.18562287, 0.1872336), (0.011699438, 0.17471206, 0.1843034), (0.041389227, 0.15371865, 0.34268045), (0.044131756, 0.14399183, 0.34054694), (-0.02893579, 0.14315957, 0.51581717), (-0.027893543, 0.13946974, 0.51523936), (0.046641827, 0.12459332, 0.5109111), (0.011942267, 0.12980068, 0.5282986), (0.034087658, 0.12435973, 0.52686447), (0.013859749, 0.1228984, 0.52796066), (0.049060345, 0.11528897, 0.51069456), (0.03637016, 0.11582744, 0.52662075), (0.061523795, 0.14110982, 0.41088116), (0.06251645, 0.13627094, 0.43879992), (0.06509435, 0.12667525, 0.4374768), (0.064152956, 0.13139832, 0.40952018), (0.0116484165, -0.38607886, -0.05477029), (0.00859952, -0.38092667, -0.054339707), (0.013108492, -0.37691608, 0.0017771721), (0.010778666, -0.37310132, 0.001383543), (0.00627172, -0.37606567, 0.05003023), (0.004229784, -0.37269184, 0.049734294), (-0.004081011, -0.382389, 0.0630309), (-0.0060567856, -0.37909374, 0.06290734), (-0.049235582, -0.42000902, 0.016138256), (-0.05001235, -0.41873476, 0.015993476), (-0.013639569, -0.3896208, 0.06671476), (-0.03355539, -0.40466288, 0.060263395), (-0.024847746, -0.39786667, 0.068816364), (-0.035063267, -0.40214148, 0.060079634), (-0.015537143, -0.38644925, 0.066612184), (-0.026586652, -0.39495862, 0.068654776), (-0.072589874, 0.14845681, 0.017385185), (-0.064166665, 0.14816624, 0.01780641), (-0.061919212, 0.12243593, 0.091748625), (-0.05563855, 0.122526824, 0.09112197), (-0.054681063, 0.105311096, 0.16177243), (-0.04914117, 0.10535407, 0.16126785), (-0.053581715, 0.11100638, 0.18961373), (-0.048184633, 0.11092287, 0.18931213), (-0.05949068, 0.20819962, 0.20216167), (-0.057394028, 0.20823991, 0.2019349), (-0.05419922, 0.12580585, 0.21617079), (-0.056072354, 0.15470219, 0.21754825), (-0.054738164, 0.13637346, 0.22158968), (-0.0519464, 0.15469646, 0.21720466), (-0.049110174, 0.12573928, 0.21585473), (-0.04998064, 0.13634014, 0.22124314), (-0.057752132, 0.117319524, 0.10821134), (-0.05580294, 0.118575156, 0.110230654), (-0.07262421, 0.117928684, 0.13076258), (-0.07091713, 0.11888033, 0.13198313), (-0.085205555, 0.12083048, 0.14839453), (-0.08382678, 0.121641695, 0.14957017), (-0.09074378, 0.12596065, 0.15174872), (-0.08950889, 0.12670618, 0.15304351), (-0.1290338, 0.15706545, 0.13797915), (-0.1284082, 0.15739775, 0.13833123), (-0.10182977, 0.13377029, 0.15255019), (-0.11408579, 0.14277989, 0.14801162), (-0.10716128, 0.13763326, 0.15168309), (-0.11273265, 0.1434282, 0.1486904), (-0.10047293, 0.1345014, 0.15365261), (-0.105749965, 0.13834685, 0.15259731), (-0.025680065, 0.13675648, 0.021115303), (-0.028912067, 0.14989877, 0.02074927), (-0.01735115, 0.14459676, 0.14366701), (-0.019707203, 0.15417653, 0.14340025), (-0.023591757, 0.1460545, 0.2695257), (-0.025596857, 0.15418386, 0.2692987), (-0.04105115, 0.14430988, 0.33803123), (-0.04300642, 0.15219438, 0.33780912), (-0.06114602, 0.14646393, 0.42245638), (-0.063135624, 0.15479475, 0.42222401), (-0.074754715, 0.14283651, 0.47985303), (-0.076170444, 0.14856887, 0.47969252), (-0.08344078, 0.14512569, 0.5596507), (-0.08403897, 0.14755785, 0.55958295), (0.24502963, 0.16011065, 0.033742845), (0.22909619, 0.16437042, 0.033311546), (0.24084312, 0.16997516, 0.17820102), (0.22922844, 0.17307925, 0.1778863), (0.23523243, 0.16244522, 0.33432284), (0.22537836, 0.1650948, 0.33406657), (0.3123848, 0.2769518, 0.2840625), (0.3094542, 0.27772617, 0.2839804), (0.24117586, 0.20810896, 0.45463526), (0.26018885, 0.24936748, 0.45057064), (0.24932724, 0.23005426, 0.46164656), (0.250991, 0.2518134, 0.45045975), (0.23129135, 0.21080947, 0.45448434), (0.23954763, 0.23268843, 0.46153045), (0.2838031, 0.27575397, 0.41258174), (0.30089122, 0.28513557, 0.36973232), (0.29362094, 0.28374326, 0.39243102), (0.29486558, 0.28671837, 0.36954385), (0.2761585, 0.27779746, 0.4123705), (0.2867532, 0.28555727, 0.3922245), (0.23339902, 0.16537476, 0.406645), (0.23476799, 0.17671043, 0.42910218), (0.22513863, 0.17935094, 0.4288395), (0.2238077, 0.16801432, 0.4063574), (0.27815473, 0.070135, 0.5062026), (0.27743965, 0.06781316, 0.5057951), (0.2383821, 0.06641108, 0.5396976), (0.23785025, 0.063100636, 0.538728), (0.20286173, 0.06092614, 0.5725433), (0.20239437, 0.058008254, 0.57169074), (0.17512071, 0.06124133, 0.596354), (0.17466831, 0.058409154, 0.59552854), (0.13360035, 0.06759536, 0.59419525), (0.13318741, 0.064979374, 0.59344065), (0.07883775, 0.085537374, 0.59501565), (0.07866216, 0.08442986, 0.5946952), (0.26905763, 0.033794522, 0.01754862), (0.2817148, 0.038972795, 0.020674646), (0.23807096, 0.043400586, 0.13783711), (0.24729788, 0.047172725, 0.14011693), (0.19979513, 0.07158953, 0.24379405), (0.20762801, 0.07478893, 0.24572596), (0.1879549, 0.067255855, 0.30181223), (0.1955545, 0.07036507, 0.3036767), (0.17645806, 0.05630392, 0.38793004), (0.18447286, 0.059548616, 0.38994294), (0.16279626, 0.049184263, 0.44656366), (0.16831648, 0.051450253, 0.44792384), (0.1462369, 0.04777074, 0.5259008), (0.14857996, 0.048727393, 0.526479), (-0.04575801, 0.07876843, 0.008442223), (-0.042137742, 0.08225632, 0.011250675), (-0.046457767, 0.056673348, 0.058778167), (-0.043681383, 0.05960411, 0.06027317), (-0.055737734, 0.043177783, 0.10257903), (-0.05328524, 0.045733035, 0.1039395), (-0.06667781, 0.04534948, 0.11548704), (-0.06430411, 0.04776287, 0.11695099), (-0.10626316, 0.09446287, 0.08049935), (-0.10533309, 0.09544593, 0.08098689), (-0.07665157, 0.050414205, 0.119913846), (-0.095074534, 0.06666666, 0.117069066), (-0.08777046, 0.057296455, 0.12327242), (-0.09324241, 0.06854594, 0.11811161), (-0.07436848, 0.052727044, 0.12133545), (-0.085665464, 0.059443414, 0.12451786), (0.19346076, -0.2701434, -0.031024277), (0.20579809, -0.26919383, -0.02823764), (0.16986686, -0.26568365, 0.0817585), (0.17885989, -0.2649915, 0.083789825), (0.142344, -0.24652562, 0.1949583), (0.14997661, -0.24593288, 0.19668114), (0.12755096, -0.22280207, 0.2550208), (0.134956, -0.2222178, 0.25668928), (0.11290109, -0.19551927, 0.33022192), (0.120711565, -0.19497168, 0.33199188), (0.09840357, -0.17625284, 0.3800627), (0.10378611, -0.17583334, 0.38127697), (0.08298969, -0.15996864, 0.45187336), (0.08527279, -0.15979293, 0.45238906), (0.10860062, 0.25570667, 0.045324624), (0.09851265, 0.26405537, 0.043664515), (0.06606364, 0.22892737, 0.15122646), (0.05871141, 0.23501468, 0.15001792), (0.017833471, 0.1875562, 0.24012044), (0.011595488, 0.19272494, 0.23909247), (0.0029406548, 0.18115318, 0.29358092), (-0.0031113625, 0.18616545, 0.2925734), (-0.018083096, 0.1786874, 0.37321067), (-0.024457932, 0.18398982, 0.37219948), (-0.030388117, 0.17200553, 0.428507), (-0.034792423, 0.1756432, 0.42777768), (-0.054047346, 0.1609658, 0.5001689), (-0.05591321, 0.16251218, 0.49986184), (0.09906709, 0.29886448, 0.044495642), (0.09262359, 0.30639493, 0.045679927), (0.08689535, 0.29770815, 0.1377365), (0.08215773, 0.30347264, 0.13746047), (0.07153106, 0.28910327, 0.22160316), (0.06736636, 0.2941947, 0.22142985), (0.056490898, 0.2755971, 0.24849045), (0.052472234, 0.28057015, 0.24858776), (-0.0233531, 0.19946796, 0.21223024), (-0.024936914, 0.20139223, 0.21211433), (0.035713434, 0.2548623, 0.26927662), (0.012867451, 0.23302197, 0.25597823), (0.025569677, 0.24513173, 0.26966602), (0.009785891, 0.23682737, 0.25590265), (0.031924963, 0.25955546, 0.26932845), (0.022021651, 0.24951887, 0.2696453), (0.08226824, 0.29861975, 0.15817803), (0.07903099, 0.29873037, 0.15983185), (0.08562577, 0.27637994, 0.18088466), (0.083099484, 0.27678633, 0.18182355), (0.08699083, 0.25649405, 0.1973429), (0.08485067, 0.25672066, 0.19828212), (0.08591652, 0.24680007, 0.19793531), (0.083901644, 0.2468983, 0.19902489), (0.09468579, 0.19683379, 0.16482079), (0.09380603, 0.19703025, 0.16507173), (0.0878098, 0.23132181, 0.19406062), (0.09144199, 0.21602213, 0.18380085), (0.089058876, 0.22428262, 0.19080701), (0.08962548, 0.21652627, 0.18429086), (0.08577764, 0.23161161, 0.19496083), (0.087063074, 0.22470438, 0.19151911), (0.054264903, 0.24805832, 0.040121496), (0.049186945, 0.23651898, 0.035956442), (0.03725934, 0.21183127, 0.15400249), (0.03355789, 0.2034198, 0.15096647), (0.03529024, 0.17114353, 0.2706851), (0.032154083, 0.16400236, 0.26810735), (0.046778798, 0.14290231, 0.33297566), (0.0437454, 0.13597095, 0.33047235), (0.057313323, 0.10569388, 0.4088205), (0.054047942, 0.09841275, 0.4061878), (0.06739473, 0.08422768, 0.4617048), (0.06518459, 0.07919139, 0.45988643), (0.06908035, 0.05472517, 0.53470165), (0.068140626, 0.052589715, 0.53393084), (0.066453576, 0.21716857, 0.036676347), (0.054198146, 0.21032697, 0.03402835), (0.058080554, 0.18022227, 0.15774125), (0.0491457, 0.17523718, 0.15581226), (0.06423783, 0.12909538, 0.2641837), (0.05665362, 0.12486714, 0.26254347), (0.05584252, 0.119865775, 0.32333502), (0.04848814, 0.11576086, 0.32173344), (0.0368917, 0.11015087, 0.40991747), (0.029114962, 0.10584396, 0.4082789), (0.029592395, 0.10365057, 0.47086573), (0.024249554, 0.10065997, 0.46970624), (0.019168377, 0.086615026, 0.55094725), (0.016899467, 0.08535051, 0.55045694), (0.025385737, 0.16995317, 0.024132907), (0.017885923, 0.16755939, 0.024493039), (0.012475967, 0.17321151, 0.09818512), (0.0069220066, 0.171363, 0.09751457), (0.00799942, 0.16359955, 0.16129941), (0.0030915737, 0.1619873, 0.16077542), (0.012675166, 0.14819247, 0.17820638), (0.007882118, 0.14663774, 0.1779123), (0.048874855, 0.08043218, 0.116206944), (0.047020435, 0.07981688, 0.115965545), (0.019012809, 0.13374943, 0.1829288), (0.032588482, 0.103990614, 0.17422628), (0.026208282, 0.11693394, 0.18554974), (0.028924823, 0.10280812, 0.17388427), (0.014400482, 0.13225788, 0.18266732), (0.021981359, 0.115569115, 0.1852214), (0.047809124, 0.084837794, 0.013358533), (0.04575157, 0.09415907, 0.01865524), (0.058615446, 0.046089113, 0.12791401), (0.056933165, 0.053589106, 0.13055784), (0.06807542, 0.011001736, 0.23132652), (0.06666207, 0.017513037, 0.23395574), (0.19085723, -0.070105135, 0.42834988), (0.19053942, -0.06773591, 0.42964983), (0.06926048, -0.0023030639, 0.26946867), (0.07837081, -0.015805215, 0.30548874), (0.07217431, -0.009013712, 0.2879195), (0.077077866, -0.009649515, 0.30827117), (0.06793952, 0.0040102303, 0.27230647), (0.07087886, -0.0027687252, 0.2907305), (0.10404861, -0.03645128, 0.3565742), (0.12449312, -0.046863586, 0.38042128), (0.11300516, -0.04188773, 0.36946455), (0.12350416, -0.041831464, 0.3832465), (0.10295522, -0.030807078, 0.3597465), (0.11193621, -0.036458075, 0.37252215), (-0.023160934, 0.04920107, 0.006628871), (-0.02864194, 0.059534848, 0.008583605), (-0.01119566, 0.0381853, 0.1106925), (-0.015188932, 0.04571885, 0.11211777), (-0.015525341, 0.017260373, 0.20651793), (-0.018913507, 0.023655593, 0.20772457), (-0.0027537346, 0.015485644, 0.25502756), (-0.0060465336, 0.02168858, 0.25619096), (0.019153476, 0.018372834, 0.3256853), (0.01571536, 0.024924457, 0.32694548), (0.034538746, 0.01546973, 0.37448734), (0.032141566, 0.019975364, 0.3753383), (0.048327208, 0.012251496, 0.44153696), (0.047314167, 0.014164627, 0.44189817), (0.035157204, 0.044443607, 0.0072668195), (0.026010036, 0.041268587, 0.010054171), (0.04464352, 0.04312992, 0.119578004), (0.037584305, 0.040666163, 0.12034404), (0.05528927, 0.046114743, 0.22290498), (0.04907036, 0.043938994, 0.22358039), (0.05915022, 0.059431076, 0.2803138), (0.053117275, 0.057314932, 0.28096968), (0.06371915, 0.09633541, 0.38861892), (0.058158994, 0.09436536, 0.3892263), (0.0665431, 0.12652373, 0.49112839), (0.06418753, 0.12569183, 0.49138588), (0.05907929, 0.08346152, 0.3544668), (0.057896852, 0.08476943, 0.35464907), (0.07761943, 0.10624933, 0.37779212), (0.075683236, 0.10784894, 0.37779054), (0.09343481, 0.1270979, 0.40108648), (0.09172809, 0.12850678, 0.4010866), (0.10816848, 0.14191169, 0.41707134), (0.10651183, 0.14327818, 0.41707292), (0.12682402, 0.16550493, 0.41371945), (0.1252935, 0.16676337, 0.4137263), (0.157745, 0.19287115, 0.40988016), (0.15709722, 0.19340461, 0.40988237), (0.054132104, 0.057032585, 0.27125812), (0.053260565, 0.055975795, 0.2715939), (0.039904833, 0.07075918, 0.2932816), (0.0388844, 0.06908518, 0.29352793), (0.026330471, 0.08176798, 0.30965), (0.025430083, 0.08029276, 0.3098838), (0.012119055, 0.090949655, 0.32208073), (0.011224747, 0.089512706, 0.32234764), (-0.014379263, 0.10181469, 0.33173442), (-0.015102029, 0.10051775, 0.33190393), (-0.045715332, 0.12133926, 0.33508345), (-0.046056032, 0.1207785, 0.3351599), (0.052537203, 0.06363499, 0.2697356), (0.05197537, 0.06276327, 0.269201), (0.029818535, 0.070301294, 0.27597368), (0.029301643, 0.06896669, 0.27518392), (0.011101246, 0.076046824, 0.2789901), (0.010635257, 0.07486701, 0.27830258), (-0.0054676533, 0.08125764, 0.27913034), (-0.0059542656, 0.08010054, 0.2784717), (-0.03054905, 0.08839524, 0.27616686), (-0.030882478, 0.08736628, 0.27555346), (-0.06028545, 0.10305917, 0.27692807), (-0.06045437, 0.10261333, 0.27666092), (-0.010385871, 0.0017645657, -0.0012411475), (-0.003481865, 0.0061895847, -0.0005507469), (0.00009512901, 0.0010995269, 0.07557702), (0.005231142, 0.0044638216, 0.07512897), (0.0038502216, 0.004758805, 0.14603591), (0.008392215, 0.007706046, 0.14569521), (-0.0026043653, 0.0150972605, 0.17094836), (0.0018558502, 0.017905653, 0.17082632), (-0.059947252, 0.090815365, 0.15888882), (-0.05823517, 0.091942966, 0.1587202), (-0.014985323, 0.03143215, 0.19237933), (-0.031757712, 0.053436518, 0.18657011), (-0.021774054, 0.040486395, 0.19489735), (-0.028360367, 0.055607796, 0.18635598), (-0.01078105, 0.034083843, 0.19223139), (-0.017850757, 0.042978525, 0.19470382), (0.0035414696, 0.0024399161, 0.09247339), (0.004148245, 0.0048687756, 0.09412366), (-0.0123637915, -0.00090026855, 0.11321524), (-0.011669159, 0.0010068119, 0.11417955), (-0.026833534, -0.0021190345, 0.12881476), (-0.026324749, -0.0005094111, 0.12976238), (-0.034515023, -0.00045266747, 0.1305809), (-0.03410697, 0.0010496676, 0.13165325), (-0.0795356, 0.0006547868, 0.108977735), (-0.07925749, 0.0013227165, 0.10924533), (-0.047680616, -0.00017037988, 0.12913719), (-0.06157756, -0.0005861819, 0.12232989), (-0.053870678, -0.00018656254, 0.12723464), (-0.060926437, 0.00078737736, 0.122847706), (-0.04713607, 0.0013505518, 0.13003471), (-0.053243518, 0.001314491, 0.1279602), (0.013236523, -0.062206402, -0.00934428), (0.0050086975, -0.06191878, -0.009019315), (0.000900507, -0.06320335, 0.06833881), (-0.005209446, -0.06295337, 0.06759721), (-0.0076186657, -0.07846555, 0.1329261), (-0.013010979, -0.07823199, 0.13234442), (-0.0087041855, -0.0971674, 0.14857465), (-0.013965607, -0.09694585, 0.1482349), (0.00338161, -0.16883393, 0.075290024), (0.001342535, -0.16874655, 0.075024426), (-0.007679105, -0.114076644, 0.15162763), (-0.0048565865, -0.14691865, 0.13875619), (-0.0066342354, -0.1333577, 0.15219906), (-0.008874893, -0.14672962, 0.1383754), (-0.01274085, -0.11386156, 0.15132362), (-0.011271238, -0.13314801, 0.15182853), (0.004103422, -0.09114869, -0.0142351985), (0.015840292, -0.09145652, -0.008907497), (-0.027504325, -0.11118588, 0.12506479), (-0.018188477, -0.111096054, 0.12745371), (-0.060396075, -0.13392183, 0.25188702), (-0.052187443, -0.13383642, 0.2539937), (-0.080284595, -0.16133347, 0.31944877), (-0.07231951, -0.1612443, 0.32149476), (-0.11865854, -0.22822842, 0.44404602), (-0.111311436, -0.22812313, 0.4459405), (-0.15148163, -0.2864249, 0.56341153), (-0.14836991, -0.28638366, 0.56421363), (-0.10223031, -0.20687121, 0.40543866), (-0.10128665, -0.20893386, 0.40544462), (-0.13708448, -0.23238894, 0.42636982), (-0.13529336, -0.23504825, 0.42615095), (-0.16793466, -0.25661224, 0.44808096), (-0.16635561, -0.25895533, 0.44789022), (-0.1940043, -0.2723614, 0.46241808), (-0.19247139, -0.27463484, 0.4622351), (-0.224406, -0.2928074, 0.4498695), (-0.22298944, -0.29490423, 0.44970834), (-0.2709694, -0.31298962, 0.43435782), (-0.2703699, -0.31387788, 0.43428856), (-0.07167888, -0.1583355, 0.30935457), (-0.07030749, -0.15747508, 0.31015196), (-0.06324053, -0.1851959, 0.33468315), (-0.061454058, -0.18363121, 0.3355508), (-0.053603888, -0.20727348, 0.35362023), (-0.05203116, -0.20589891, 0.35440588), (-0.041828156, -0.22651613, 0.36820912), (-0.04028225, -0.22519267, 0.3690251), (-0.015192628, -0.25184762, 0.3802315), (-0.013886929, -0.2506048, 0.38086975), (0.01542604, -0.28800553, 0.38260356), (0.016024113, -0.28747958, 0.38288656), (-0.071789384, -0.16652852, 0.30586115), (-0.070700645, -0.16557649, 0.30549014), (-0.047646046, -0.18460873, 0.314338), (-0.046402097, -0.18302643, 0.31376815), (-0.027456045, -0.19933158, 0.31860784), (-0.026347399, -0.19793868, 0.3181183), (-0.009165287, -0.21194577, 0.31920066), (-0.00804472, -0.2105945, 0.31874332), (0.01936829, -0.22942632, 0.316341), (0.02024889, -0.22818059, 0.3158889), (0.050228477, -0.25855672, 0.3166157), (0.050640106, -0.25802603, 0.31642073), (0.018902421, -0.17345488, -0.026244223), (0.007959366, -0.17258984, -0.026441634), (-0.003907919, -0.18725172, 0.07369858), (-0.011952877, -0.18639481, 0.07228649), (-0.022010565, -0.20898902, 0.16361338), (-0.029111862, -0.20821944, 0.1624456), (-0.027344704, -0.2321769, 0.19194856), (-0.034283876, -0.23139718, 0.1911048), (-0.02477467, -0.35204297, 0.14789024), (-0.02745843, -0.35175782, 0.14739269), (-0.030605078, -0.26522207, 0.21345642), (-0.029376745, -0.29945514, 0.19767255), (-0.031000376, -0.28068313, 0.21330217), (-0.034668684, -0.29885787, 0.19686276), (-0.037144423, -0.26448175, 0.21261713), (-0.037107825, -0.27999365, 0.21244144), (-0.011315346, -0.19087884, 0.095249295), (-0.014150262, -0.19335559, 0.0966025), (0.004896283, -0.20652354, 0.122235835), (0.0024917126, -0.20819291, 0.1228829), (0.018719912, -0.22163355, 0.14195913), (0.01675129, -0.22314507, 0.14267343), (0.025258064, -0.23006555, 0.14324999), (0.023461819, -0.23158652, 0.14415538), (0.075541854, -0.2611205, 0.112469375), (0.07467389, -0.2616561, 0.11260745), (0.039219975, -0.24056041, 0.14055204), (0.055365562, -0.24933322, 0.13112435), (0.046097755, -0.24497767, 0.13775396), (0.053501844, -0.2503609, 0.13137081), (0.037292004, -0.24193777, 0.14123333), (0.04412508, -0.24621662, 0.13822466), (-0.017811775, -0.16920172, -0.02406168), (-0.026554108, -0.18029809, -0.024653435), (-0.045288324, -0.16479743, 0.100185424), (-0.051538467, -0.1728076, 0.09977996), (-0.06895816, -0.14762458, 0.19689855), (-0.07433009, -0.1544998, 0.19634447), (-0.07751179, -0.14837396, 0.31693068), (-0.08291316, -0.15527403, 0.31594265), (-0.070788026, -0.15932652, 0.3576), (-0.0744822, -0.16412339, 0.35671028), (-0.07753444, -0.17288592, 0.42705333), (-0.07910514, -0.17494449, 0.4266783), (-0.075347066, -0.14084479, 0.24010578), (-0.076622725, -0.1406177, 0.25586337), (-0.08183408, -0.14734128, 0.25510508), (-0.08055687, -0.14757487, 0.23934716), (-0.115560055, 0.010436088, 0.000043570995), (-0.11470461, 0.024992824, -0.0006738305), (-0.08590889, 0.023602486, 0.12745085), (-0.08534241, 0.034074962, 0.12695706), (-0.05279851, 0.023540437, 0.22638643), (-0.052312136, 0.032532215, 0.22574964), (-0.04234898, 0.029904485, 0.3500416), (-0.041865587, 0.038932145, 0.34895656), (-0.05326557, 0.035464287, 0.39234447), (-0.0529871, 0.041703343, 0.39138252), (-0.053427935, 0.05133593, 0.464009), (-0.053320527, 0.054004848, 0.46360356), (-0.04207945, 0.02180332, 0.2707157), (-0.04038644, 0.022452831, 0.28694054), (-0.039952993, 0.031220198, 0.28609568), (-0.04165113, 0.030575335, 0.26987067), (-0.061961174, -0.051972196, -0.008799732), (-0.061625957, -0.032607496, -0.004999101), (-0.10283971, -0.07310319, 0.16287696), (-0.10267091, -0.05917552, 0.1656084), (-0.12156725, -0.10366318, 0.29928827), (-0.12129593, -0.091643184, 0.30138263), (-0.18295038, -0.13158292, 0.45314348), (-0.18241882, -0.11938599, 0.45471746), (-0.22176862, -0.13583893, 0.49808657), (-0.22134256, -0.1273452, 0.49889112), (-0.26582074, -0.13558772, 0.58700216), (-0.26565647, -0.13195539, 0.58734655), (-0.13481307, -0.11937484, 0.35746562), (-0.14246273, -0.123301476, 0.37779245), (-0.14211452, -0.11151442, 0.379546), (-0.13447118, -0.10758129, 0.3592172), (-0.062850714, -0.07342954, -0.012711108), (-0.05598283, -0.083866134, -0.011917412), (-0.06544268, -0.09874895, 0.12500787), (-0.060114622, -0.10634652, 0.12396136), (-0.07348955, -0.12118968, 0.25190273), (-0.06878948, -0.12788123, 0.250982), (-0.09120202, -0.1398099, 0.3206356), (-0.08663595, -0.14629993, 0.31974372), (-0.13778412, -0.18189341, 0.44831544), (-0.13355231, -0.18786934, 0.44749886), (-0.17569768, -0.22191852, 0.5691538), (-0.17390811, -0.22445121, 0.5688078), (-0.12053394, -0.17191383, 0.4071751), (-0.12169886, -0.1737622, 0.4068978), (-0.15424871, -0.16553101, 0.43871552), (-0.15550566, -0.16828376, 0.4379543), (-0.18472254, -0.16165352, 0.46955615), (-0.18582916, -0.16408011, 0.4688871), (-0.2075541, -0.15467829, 0.49188167), (-0.20862699, -0.15703392, 0.491234), (-0.24204445, -0.13970783, 0.4914012), (-0.24303102, -0.14188462, 0.49080992), (-0.28519273, -0.11164749, 0.4937997), (-0.28561115, -0.112568885, 0.49354845), (-0.086559534, -0.14186433, 0.3084463), (-0.08500409, -0.14263692, 0.30867913), (-0.09834063, -0.16993129, 0.32907602), (-0.09599614, -0.17064616, 0.32921496), (-0.10704577, -0.19451553, 0.34339386), (-0.104979515, -0.19515237, 0.343536), (-0.11331773, -0.21795562, 0.3529697), (-0.111299515, -0.21860889, 0.35314965), (-0.11741996, -0.25521404, 0.3552184), (-0.115626335, -0.25568283, 0.3553216), (-0.13018358, -0.298805, 0.34756058), (-0.12939858, -0.29904106, 0.34760025), (-0.093899846, -0.14534926, 0.30548385), (-0.09266305, -0.14554027, 0.30475205), (-0.09423292, -0.17576787, 0.30522457), (-0.092455745, -0.17567343, 0.3042458), (-0.09479213, -0.20021763, 0.3024416), (-0.09321833, -0.20014802, 0.30158624), (-0.095415115, -0.22107476, 0.29693323), (-0.09386146, -0.22104579, 0.2961039), (-0.09543371, -0.2513668, 0.2848606), (-0.09408569, -0.25121734, 0.28412092), (-0.10290623, -0.29068923, 0.2750709), (-0.10231376, -0.29065233, 0.27474108), (-0.10596776, -0.11384033, -0.019078255), (-0.10535896, -0.12459056, -0.020001948), (-0.13030493, -0.14532399, 0.094335884), (-0.12955678, -0.15307137, 0.092294574), (-0.15197909, -0.17369953, 0.1968028), (-0.15142345, -0.18060598, 0.19529521), (-0.29464793, -0.20173976, 0.39205), (-0.29468703, -0.20441774, 0.391762), (-0.15769696, -0.18419316, 0.23498341), (-0.17084026, -0.19223872, 0.2709558), (-0.16273093, -0.1887233, 0.25342822), (-0.17039967, -0.19892824, 0.26976573), (-0.1572479, -0.19104433, 0.23374978), (-0.1622982, -0.19550106, 0.25221017), (-0.20184207, -0.20067331, 0.32183948), (-0.22452462, -0.20281267, 0.34537864), (-0.21206951, -0.20227501, 0.3346163), (-0.22431004, -0.20858014, 0.344843), (-0.20161736, -0.207142, 0.32124016), (-0.21183753, -0.20850348, 0.33404586), (-0.10836518, -0.13857986, -0.021302462), (-0.11805725, -0.14502858, -0.024802387), (-0.1327517, -0.17067173, 0.08047724), (-0.13969815, -0.17534688, 0.07796389), (-0.1506083, -0.18466145, 0.16433209), (-0.15657234, -0.1886042, 0.16201192), (-0.16031861, -0.2232776, 0.2598265), (-0.16630387, -0.2270892, 0.25715622), (-0.15796602, -0.24656752, 0.28805357), (-0.16207218, -0.2491628, 0.28603235), (-0.16796398, -0.27857047, 0.33915287), (-0.16971421, -0.27968955, 0.3382899), (-0.15530384, -0.1924747, 0.20122439), (-0.15663409, -0.19726309, 0.21387693), (-0.16242719, -0.20105597, 0.21143356), (-0.16109729, -0.19627273, 0.19877857), (-0.21741104, -0.14345603, -0.027414322), (-0.20655859, -0.13592996, -0.025477707), (-0.21072531, -0.1468811, 0.12084809), (-0.20260692, -0.1411556, 0.12055451), (-0.20494664, -0.14968881, 0.2547169), (-0.19775176, -0.14469656, 0.2548467), (-0.15841627, -0.2786985, 0.52229345), (-0.15557599, -0.277026, 0.52274525), (-0.20431411, -0.14829788, 0.30410692), (-0.2008481, -0.15635249, 0.35164046), (-0.20316792, -0.1503689, 0.32825983), (-0.19391513, -0.15161532, 0.35210523), (-0.1972071, -0.14344865, 0.30456582), (-0.19613075, -0.14558387, 0.32871893), (-0.19135284, -0.18273088, 0.42047763), (-0.1836536, -0.2048653, 0.4534614), (-0.1880002, -0.19226336, 0.43809623), (-0.17774856, -0.20094663, 0.45447528), (-0.18472087, -0.1783525, 0.42161956), (-0.1816262, -0.1880309, 0.43920052), (-0.14063251, -0.16082118, -0.024941385), (-0.1299119, -0.17426544, -0.030035615), (-0.12931788, -0.21277016, 0.12519813), (-0.121505976, -0.22257236, 0.121485114), (-0.09853768, -0.24130379, 0.26760814), (-0.091909766, -0.24962343, 0.2644521), (-0.103149176, -0.27228165, 0.33674893), (-0.096713066, -0.28034484, 0.3336771), (-0.113613605, -0.32581356, 0.43451375), (-0.10686469, -0.3343614, 0.4313192), (-0.12220371, -0.3562533, 0.5052696), (-0.1175189, -0.36211216, 0.5030454), (-0.123057365, -0.39684257, 0.60061467), (-0.12107515, -0.39933163, 0.5996708), (-0.23808765, -0.1951868, -0.03746742), (-0.2283665, -0.18539545, -0.03353697), (-0.2611593, -0.18893172, 0.12027395), (-0.2535382, -0.18149263, 0.12134534), (-0.28020865, -0.19408485, 0.2477735), (-0.27349234, -0.18755688, 0.24879122), (-0.28194684, -0.20643981, 0.30821997), (-0.27543187, -0.20011464, 0.3092384), (-0.27569282, -0.23948275, 0.4192447), (-0.26970363, -0.23361465, 0.42017946), (-0.2706893, -0.2674258, 0.546048), (-0.26815224, -0.26493248, 0.546422), (-0.2782452, -0.22504705, 0.4586612), (-0.27596498, -0.22601786, 0.45913887), (-0.29104018, -0.26311338, 0.4938749), (-0.28759646, -0.26403314, 0.49416184), (-0.30144203, -0.29706633, 0.52891046), (-0.29840732, -0.2978754, 0.5291653), (-0.3133062, -0.3233171, 0.5528523), (-0.31036103, -0.32410094, 0.5531016), (-0.3233149, -0.36515617, 0.5503537), (-0.3205968, -0.36587462, 0.5505913), (-0.3469429, -0.41917464, 0.54712903), (-0.34579182, -0.41947976, 0.54722875), (-0.2796483, -0.1963048, 0.33752128), (-0.27917075, -0.19439098, 0.33789784), (-0.25522137, -0.20340884, 0.3711162), (-0.25490475, -0.20061892, 0.37129256), (-0.23271048, -0.20795494, 0.39631686), (-0.23243141, -0.20549396, 0.3964961), (-0.2100823, -0.21015811, 0.41572753), (-0.20979142, -0.20774683, 0.41595837), (-0.1703074, -0.20754057, 0.43194345), (-0.17014766, -0.20542127, 0.43204698), (-0.118612766, -0.21387061, 0.44054824), (-0.11850774, -0.21293733, 0.4405986), (-0.27357352, -0.204038, 0.33628413), (-0.2733078, -0.20263329, 0.3354378), (-0.24083638, -0.19857708, 0.3469554), (-0.24087667, -0.19662675, 0.34568563), (-0.21352041, -0.19461703, 0.35277084), (-0.21354532, -0.19288659, 0.35166383), (-0.18903327, -0.19152543, 0.35434905), (-0.18902087, -0.18980914, 0.35328677), (-0.15211189, -0.18619359, 0.35213992), (-0.1522268, -0.18472898, 0.35115182), (-0.10509789, -0.18745285, 0.35638073), (-0.10511589, -0.18680397, 0.3559517), (-0.13512495, 0.25597954, 0.030982912), (-0.1366851, 0.26506937, 0.031924427), (-0.1442101, 0.26294255, 0.11874896), (-0.14526269, 0.26978135, 0.11835003), (-0.16725329, 0.26363903, 0.19041839), (-0.1681729, 0.26967162, 0.19014898), (-0.189125, 0.25942385, 0.20648614), (-0.19004452, 0.2652899, 0.20647791), (-0.26034415, 0.23635823, 0.11770323), (-0.26068985, 0.23864305, 0.117550194), (-0.20770413, 0.25431788, 0.2084499), (-0.24234176, 0.24503225, 0.19114774), (-0.22872218, 0.24887133, 0.20743793), (-0.2430141, 0.24952662, 0.1910072), (-0.20858818, 0.25995982, 0.20846769), (-0.22951198, 0.25405014, 0.20735228), (-0.2142098, -0.22053966, -0.04188472), (-0.20954132, -0.21123415, -0.03902656), (-0.19154167, -0.23917682, 0.05550438), (-0.18825185, -0.23186105, 0.05644214), (-0.18018317, -0.25587422, 0.14596763), (-0.17724705, -0.24945234, 0.14685723), (-0.19103312, -0.25768328, 0.1806491), (-0.18806088, -0.2515377, 0.18176085), (-0.3085158, -0.21394348, 0.1884824), (-0.30742598, -0.21149188, 0.18877295), (-0.21306777, -0.2561698, 0.21267545), (-0.24764717, -0.24277557, 0.2120359), (-0.22649336, -0.25219592, 0.2186153), (-0.24542236, -0.23802057, 0.21274105), (-0.21027362, -0.2503614, 0.21368337), (-0.22390592, -0.24673872, 0.21949196), (-0.18632281, -0.24090193, 0.07751936), (-0.18710446, -0.23845024, 0.08049464), (-0.19873428, -0.26244652, 0.101536214), (-0.19915247, -0.26025897, 0.103467554), (-0.21173716, -0.27904493, 0.119897306), (-0.21215737, -0.27729702, 0.121691406), (-0.22114134, -0.28326392, 0.12223405), (-0.22158146, -0.28174156, 0.124141514), (-0.27468204, -0.30662435, 0.09254706), (-0.27479982, -0.30581057, 0.093137145), (-0.23609614, -0.29174456, 0.1196903), (-0.2521181, -0.29971108, 0.11008471), (-0.24319363, -0.29548645, 0.11689705), (-0.2522769, -0.2979712, 0.11126208), (-0.2364223, -0.29004896, 0.1213921), (-0.24343848, -0.293697, 0.11838007), (-0.08093357, 0.28327024, 0.036251903), (-0.08606207, 0.2889608, 0.038508594), (-0.08738685, 0.26875818, 0.11082423), (-0.09119797, 0.27328873, 0.1115967), (-0.10199821, 0.24645722, 0.16994444), (-0.105350256, 0.25044298, 0.17069581), (-0.11568725, 0.23097742, 0.18146557), (-0.11895573, 0.23479712, 0.18240839), (-0.16149628, 0.19882524, 0.09854561), (-0.16276586, 0.20034492, 0.09878737), (-0.12708592, 0.2187984, 0.1811499), (-0.14923573, 0.19997138, 0.1629464), (-0.14024913, 0.20583028, 0.1781261), (-0.15172124, 0.20293581, 0.16355765), (-0.13022828, 0.22246766, 0.18207845), (-0.14312148, 0.20922601, 0.17889377), (-0.27879977, -0.2128537, -0.041043937), (-0.2876556, -0.19796208, -0.03597182), (-0.28327227, -0.2629739, 0.109258264), (-0.28972828, -0.25211924, 0.112954855), (-0.30311048, -0.32893634, 0.26592296), (-0.30857623, -0.31972045, 0.26907536), (-0.15169907, -0.28570586, 0.23343241), (-0.15333474, -0.28297204, 0.23435944), (-0.270437, -0.35170776, 0.40114006), (-0.22347951, -0.33548254, 0.40587848), (-0.24753106, -0.3454422, 0.41343176), (-0.22861052, -0.32695252, 0.4089416), (-0.27589285, -0.34247792, 0.4044237), (-0.25296044, -0.3363502, 0.41670153), (-0.18248379, -0.31885284, 0.3702143), (-0.15943325, -0.30716115, 0.32565776), (-0.16749215, -0.31219265, 0.34999347), (-0.16280258, -0.3015385, 0.3275409), (-0.18673253, -0.31170648, 0.37264338), (-0.17132497, -0.3057806, 0.35215154), (-0.30671382, -0.35561383, 0.34043512), (-0.29822516, -0.35810846, 0.36654332), (-0.30352545, -0.3490621, 0.3696285), (-0.3119843, -0.3465858, 0.34348515), (-0.14199114, 0.25156784, 0.021771967), (-0.12900281, 0.25165164, 0.026822746), (-0.17146242, 0.22016037, 0.16462868), (-0.16131544, 0.22066176, 0.16679874), (-0.20121264, 0.20816445, 0.30464324), (-0.19235468, 0.20848536, 0.30693814), (-0.2689271, 0.11245006, 0.42204124), (-0.26565504, 0.112526596, 0.4230915), (-0.24188495, 0.17146116, 0.44580227), (-0.25747716, 0.14050412, 0.4476846), (-0.24955416, 0.15779436, 0.45464975), (-0.25164533, 0.14047092, 0.45021498), (-0.23413801, 0.17123067, 0.4493509), (-0.24242377, 0.15764558, 0.4578874), (-0.21455765, 0.20799369, 0.3672557), (-0.2212863, 0.20200145, 0.390718), (-0.21286464, 0.20205474, 0.3935505), (-0.2060231, 0.20806873, 0.37011114), (-0.15071535, 0.2820754, 0.036002696), (-0.1373415, 0.29079616, 0.037766814), (-0.1197731, 0.2663202, 0.21219784), (-0.11001142, 0.27325284, 0.21141696), (-0.08422524, 0.2734904, 0.35826716), (-0.075560056, 0.2797089, 0.3574941), (-0.055155445, 0.28368503, 0.42009985), (-0.04672928, 0.28973484, 0.41935882), (0.0067623146, 0.30475655, 0.5158236), (0.014518188, 0.3105339, 0.51501954), (0.063493714, 0.30307797, 0.62661755), (0.06674657, 0.30541384, 0.62636214), (-0.029169321, 0.16997653, 0.5692759), (-0.026793242, 0.16851139, 0.5688364), (-0.0376873, 0.12394655, 0.6064927), (-0.034145117, 0.12240803, 0.60543597), (-0.042986512, 0.082129, 0.6431387), (-0.039863825, 0.08077443, 0.6422098), (-0.0521698, 0.05086857, 0.6695476), (-0.049138546, 0.049555182, 0.66864836), (-0.07133317, 0.0067638755, 0.6656119), (-0.06853223, 0.005555898, 0.6647906), (-0.10731554, -0.048688352, 0.66441816), (-0.106129885, -0.049200684, 0.6640693), (-0.14965975, 0.2263912, 0.019693077), (-0.16112304, 0.21620405, 0.017278612), (-0.17207694, 0.17368877, 0.1757288), (-0.18041909, 0.16654587, 0.17207968), (-0.17957735, 0.10857713, 0.32170397), (-0.18701148, 0.10217148, 0.31892338), (-0.21340418, 0.14011133, 0.50065404), (-0.21621454, 0.13764638, 0.49982494), (-0.19637477, 0.06682515, 0.48426503), (-0.20652819, 0.09681749, 0.5064622), (-0.20153892, 0.075342715, 0.50166327), (-0.21177065, 0.09212756, 0.5056412), (-0.20350611, 0.060613155, 0.48341596), (-0.20805156, 0.06959653, 0.50083107), (-0.17909384, 0.07563472, 0.3849536), (-0.18183231, 0.06859815, 0.4119137), (-0.18919277, 0.062277317, 0.40995216), (-0.18653476, 0.069223225, 0.3829441), (-0.13785124, 0.18129516, 0.020694435), (-0.13262427, 0.1961217, 0.024092376), (-0.123342514, 0.14752299, 0.1587275), (-0.119529724, 0.15832943, 0.16120458), (-0.13481224, 0.12112892, 0.28872955), (-0.13157415, 0.13030106, 0.29082763), (-0.11806154, 0.10158509, 0.35174823), (-0.11492777, 0.110488474, 0.3537749), (-0.085244775, 0.07507485, 0.4428568), (-0.08189368, 0.084436774, 0.44503272), (-0.06711638, 0.05190295, 0.5058307), (-0.06484437, 0.058374763, 0.5073119), (-0.04831481, 0.027911246, 0.5936276), (-0.04734564, 0.030654669, 0.5942554), (-0.13480926, 0.13517976, 0.015955865), (-0.14915025, 0.14333373, 0.01616311), (-0.13147366, 0.14293414, 0.16570875), (-0.14192724, 0.1488778, 0.16585982), (-0.13461232, 0.13229406, 0.31887755), (-0.14348817, 0.13733262, 0.31900495), (-0.14585924, 0.11193895, 0.40185603), (-0.15447664, 0.11681658, 0.40197694), (-0.16233504, 0.09171218, 0.50437593), (-0.17137623, 0.096933305, 0.504508), (-0.16898859, 0.07374793, 0.57379997), (-0.17524886, 0.07729936, 0.573889), (-0.17614865, 0.0639599, 0.670901), (-0.17880261, 0.06546891, 0.6709394), (-0.19604254, 0.07197487, 0.0030261278), (-0.17834723, 0.06978148, 0.0061549544), (-0.22091556, 0.077748775, 0.16561249), (-0.20801687, 0.07614994, 0.16789314), (-0.24880248, 0.10327327, 0.32324022), (-0.23785764, 0.10191926, 0.32515872), (-0.26216435, 0.13345248, 0.3991482), (-0.25154567, 0.13214946, 0.40099663), (-0.2769351, 0.16905841, 0.48710507), (-0.2656905, 0.16754493, 0.4892236), (-0.2961288, 0.20015305, 0.54039747), (-0.28839177, 0.19917601, 0.5417848), (-0.31485805, 0.2266396, 0.6292762), (-0.31157783, 0.22622359, 0.62986326), (-0.2622394, -0.08292322, -0.0186885), (-0.2553684, -0.06409371, -0.018779814), (-0.27018946, -0.06657608, 0.16089785), (-0.26531655, -0.05300978, 0.16084194), (-0.26755577, -0.071203604, 0.30403593), (-0.26328796, -0.059572056, 0.3037086), (-0.3007818, -0.05698286, 0.4707635), (-0.29632717, -0.045338094, 0.46984762), (-0.32911712, -0.042265028, 0.5221109), (-0.3260252, -0.034213334, 0.52117735), (-0.35159212, -0.015637457, 0.61667037), (-0.35028654, -0.012188256, 0.61627424), (-0.27220684, -0.074000865, 0.3664612), (-0.27623123, -0.072499454, 0.38846013), (-0.27203304, -0.06116061, 0.38783044), (-0.2680133, -0.06265397, 0.36582944)]
                    texCoord2f[] primvars:st = [(0.827403, 0.30620188), (0.827403, 0.30620188), (0.827403, 0.30620188), (0.827403, 0.30620188), (0.827403, 0.30620188), (0.827403, 0.30620188), (0.827403, 0.30620188), (0.827403, 0.30620188), (0.827403, 0.30620188), (0.827403, 0.30620188), (0.827403, 0.30620188), (0.827403, 0.30620188), (0.827403, 0.30620188), (0.827403, 0.30620188), (0.827403, 0.30620188), (0.827403, 0.30620188), (0.827403, 0.30620188), (0.827403, 0.30620188), (0.827403, 0.30620188), (0.827403, 0.30620188), (0.827403, 0.30620188), (0.827403, 0.30620188), (0.827403, 0.30620188), (0.827403, 0.30620188), (0.827403, 0.30620188), (0.827403, 0.30620188), (0.8413081, 0.30620188), (0.8413081, 0.30620188), (0.8413081, 0.30620188), (0.8413081, 0.30620188), (0.8413081, 0.30620188), (0.8413081, 0.30620188), (0.8413081, 0.30620188), (0.8413081, 0.30620188), (0.8413081, 0.30620188), (0.8413081, 0.30620188), (0.8413081, 0.30620188), (0.8413081, 0.30620188), (0.8413081, 0.30620188), (0.8413081, 0.30620188), (0.8413081, 0.30620188), (0.8413081, 0.30620188), (0.8413081, 0.30620188), (0.8413081, 0.30620188), (0.8413081, 0.30620188), (0.8413081, 0.30620188), (0.8413081, 0.30620188), (0.8413081, 0.30620188), (0.8413081, 0.30620188), (0.8413081, 0.30620188), (0.8413081, 0.30620188), (0.8413081, 0.30620188), (0.8675325, 0.3771846), (0.8675325, 0.3771846), (0.8675325, 0.3771846), (0.8675325, 0.3771846), (0.8675325, 0.3771846), (0.8675325, 0.3771846), (0.8675325, 0.3771846), (0.8675325, 0.3771846), (0.8675325, 0.3771846), (0.8675325, 0.3771846), (0.8675325, 0.3771846), (0.8675325, 0.3771846), (0.8675325, 0.3771846), (0.8675325, 0.3771846), (0.8675325, 0.3771846), (0.8675325, 0.3771846), (0.8675325, 0.3771846), (0.8675325, 0.3771846), (0.8675325, 0.3771846), (0.8675325, 0.3771846), (0.8675325, 0.3771846), (0.8675325, 0.3771846), (0.8675325, 0.3771846), (0.8675325, 0.3771846), (0.8675325, 0.3771846), (0.8675325, 0.3771846), (0.8675325, 0.3771846), (0.8675325, 0.3771846), (0.8675325, 0.3771846), (0.8675325, 0.3771846), (0.8675325, 0.3771846), (0.8675325, 0.3771846), (0.8675325, 0.3771846), (0.8675325, 0.3771846), (0.8675325, 0.3771846), (0.8675325, 0.3771846), (0.8675325, 0.3771846), (0.8675325, 0.3771846), (0.8675325, 0.3771846), (0.8675325, 0.3771846), (0.8675325, 0.3771846), (0.8675325, 0.3771846), (0.8675325, 0.3771846), (0.8675325, 0.3771846), (0.8675325, 0.3771846), (0.8675325, 0.3771846), (0.8675325, 0.3771846), (0.8675325, 0.3771846), (0.8675325, 0.3771846), (0.8675325, 0.3771846), (0.8675325, 0.3771846), (0.8675325, 0.3771846), (0.8675325, 0.3771846), (0.8675325, 0.3771846), (0.8675325, 0.3771846), (0.8675325, 0.3771846), (0.8675325, 0.3771846), (0.8675325, 0.3771846), (0.8675325, 0.3771846), (0.8675325, 0.3771846), (0.8675325, 0.3771846), (0.8675325, 0.3771846), (0.8675325, 0.3771846), (0.8675325, 0.3771846), (0.8675325, 0.3771846), (0.8675325, 0.3771846), (0.8675325, 0.3771846), (0.8675325, 0.3771846), (0.8675325, 0.3771846), (0.8675325, 0.3771846), (0.8675325, 0.3771846), (0.8675325, 0.3771846), (0.8675325, 0.3771846), (0.8675325, 0.3771846), (0.8675325, 0.3771846), (0.8675325, 0.3771846), (0.8675325, 0.3771846), (0.8675325, 0.3771846), (0.8675325, 0.3771846), (0.8675325, 0.3771846), (0.8675325, 0.3771846), (0.8777672, 0.37902802), (0.8777672, 0.37902802), (0.8777672, 0.37902802), (0.8777672, 0.37902802), (0.8777672, 0.37902802), (0.8777672, 0.37902802), (0.8777672, 0.37902802), (0.8777672, 0.37902802), (0.8777672, 0.37902802), (0.8777672, 0.37902802), (0.8777672, 0.37902802), (0.8777672, 0.37902802), (0.8777672, 0.37902802), (0.8777672, 0.37902802), (0.8777672, 0.37902802), (0.8777672, 0.37902802), (0.8777672, 0.37902802), (0.8777672, 0.37902802), (0.8777672, 0.37902802), (0.8777672, 0.37902802), (0.8777672, 0.37902802), (0.8777672, 0.37902802), (0.8777672, 0.37902802), (0.8777672, 0.37902802), (0.8777672, 0.37902802), (0.8777672, 0.37902802), (0.8777672, 0.37902802), (0.8777672, 0.37902802), (0.8777672, 0.37902802), (0.8777672, 0.37902802), (0.8777672, 0.37902802), (0.8777672, 0.37902802), (0.8777672, 0.37902802), (0.8777672, 0.37902802), (0.8777672, 0.37902802), (0.8777672, 0.37902802), (0.8777672, 0.37902802), (0.8777672, 0.37902802), (0.8777672, 0.37902802), (0.8777672, 0.37902802), (0.8777672, 0.37902802), (0.8777672, 0.37902802), (0.8777672, 0.37902802), (0.8777672, 0.37902802), (0.8777672, 0.37902802), (0.8777672, 0.37902802), (0.8777672, 0.37902802), (0.8777672, 0.37902802), (0.8777672, 0.37902802), (0.8777672, 0.37902802), (0.8777672, 0.37902802), (0.8777672, 0.37902802), (0.8777672, 0.37902802), (0.8777672, 0.37902802), (0.8777672, 0.37902802), (0.8777672, 0.37902802), (0.8777672, 0.37902802), (0.8777672, 0.37902802), (0.8777672, 0.37902802), (0.8777672, 0.37902802), (0.8777672, 0.37902802), (0.8777672, 0.37902802), (0.8777672, 0.37902802), (0.8777672, 0.37902802), (0.8777672, 0.37902802), (0.8777672, 0.37902802), (0.8777672, 0.37902802), (0.8777672, 0.37902802), (0.8777672, 0.37902802), (0.8777672, 0.37902802), (0.8777672, 0.37902802), (0.8777672, 0.37902802), (0.8777672, 0.37902802), (0.8777672, 0.37902802), (0.8777672, 0.37902802), (0.8777672, 0.37902802), (0.8777672, 0.37902802), (0.8777672, 0.37902802), (0.8777672, 0.37902802), (0.8777672, 0.37902802), (0.8777672, 0.37902802), (0.8297748, 0.4325938), (0.8297748, 0.4325938), (0.8297748, 0.4325938), (0.8297748, 0.4325938), (0.8297748, 0.4325938), (0.8297748, 0.4325938), (0.8297748, 0.4325938), (0.8297748, 0.4325938), (0.8297748, 0.4325938), (0.8297748, 0.4325938), (0.8297748, 0.4325938), (0.8297748, 0.4325938), (0.8297748, 0.4325938), (0.8297748, 0.4325938), (0.8297748, 0.4325938), (0.8297748, 0.4325938), (0.8297748, 0.4325938), (0.8297748, 0.4325938), (0.8297748, 0.4325938), (0.8297748, 0.4325938), (0.8297748, 0.4325938), (0.8297748, 0.4325938), (0.8297748, 0.4325938), (0.8297748, 0.4325938), (0.8297748, 0.4325938), (0.8297748, 0.4325938), (0.8399108, 0.4325938), (0.8399108, 0.4325938), (0.8399108, 0.4325938), (0.8399108, 0.4325938), (0.8399108, 0.4325938), (0.8399108, 0.4325938), (0.8399108, 0.4325938), (0.8399108, 0.4325938), (0.8399108, 0.4325938), (0.8399108, 0.4325938), (0.8399108, 0.4325938), (0.8399108, 0.4325938), (0.8399108, 0.4325938), (0.8399108, 0.4325938), (0.8399108, 0.4325938), (0.8399108, 0.4325938), (0.8399108, 0.4325938), (0.8399108, 0.4325938), (0.8399108, 0.4325938), (0.8399108, 0.4325938), (0.8399108, 0.4325938), (0.8399108, 0.4325938), (0.8399108, 0.4325938), (0.8399108, 0.4325938), (0.8399108, 0.4325938), (0.8399108, 0.4325938), (0.87059295, 0.4930034), (0.87059295, 0.4930034), (0.87059295, 0.4930034), (0.87059295, 0.4930034), (0.87059295, 0.4930034), (0.87059295, 0.4930034), (0.87059295, 0.4930034), (0.87059295, 0.4930034), (0.87059295, 0.4930034), (0.87059295, 0.4930034), (0.87059295, 0.4930034), (0.87059295, 0.4930034), (0.87059295, 0.4930034), (0.87059295, 0.4930034), (0.87059295, 0.4930034), (0.87059295, 0.4930034), (0.87059295, 0.4930034), (0.87059295, 0.4930034), (0.87059295, 0.4930034), (0.87059295, 0.4930034), (0.87059295, 0.4930034), (0.87059295, 0.4930034), (0.87059295, 0.4930034), (0.87059295, 0.4930034), (0.87059295, 0.4930034), (0.87059295, 0.4930034), (0.87059295, 0.4930034), (0.87059295, 0.4930034), (0.87059295, 0.4930034), (0.87059295, 0.4930034), (0.87059295, 0.4930034), (0.87059295, 0.4930034), (0.87059295, 0.4930034), (0.87059295, 0.4930034), (0.87059295, 0.4930034), (0.87059295, 0.4930034), (0.87059295, 0.4930034), (0.87059295, 0.4930034), (0.87059295, 0.4930034), (0.87059295, 0.4930034), (0.87059295, 0.4930034), (0.87059295, 0.4930034), (0.87059295, 0.4930034), (0.87059295, 0.4930034), (0.87059295, 0.4930034), (0.87059295, 0.4930034), (0.87059295, 0.4930034), (0.87059295, 0.4930034), (0.87059295, 0.4930034), (0.87059295, 0.4930034), (0.87059295, 0.4930034), (0.87059295, 0.4930034), (0.87059295, 0.4930034), (0.87059295, 0.4930034), (0.87059295, 0.4930034), (0.87059295, 0.4930034), (0.87059295, 0.4930034), (0.87059295, 0.4930034), (0.87059295, 0.4930034), (0.87059295, 0.4930034), (0.87059295, 0.4930034), (0.87059295, 0.4930034), (0.87059295, 0.4930034), (0.87059295, 0.4930034), (0.87059295, 0.4930034), (0.87059295, 0.4930034), (0.87059295, 0.4930034), (0.87059295, 0.4930034), (0.87059295, 0.4930034), (0.87059295, 0.4930034), (0.87059295, 0.4930034), (0.87059295, 0.4930034), (0.87059295, 0.4930034), (0.87059295, 0.4930034), (0.87059295, 0.4930034), (0.87059295, 0.4930034), (0.87059295, 0.4930034), (0.87059295, 0.4930034), (0.87059295, 0.4930034), (0.87059295, 0.4930034), (0.87059295, 0.4930034), (0.8783505, 0.4930034), (0.8783505, 0.4930034), (0.8783505, 0.4930034), (0.8783505, 0.4930034), (0.8783505, 0.4930034), (0.8783505, 0.4930034), (0.8783505, 0.4930034), (0.8783505, 0.4930034), (0.8783505, 0.4930034), (0.8783505, 0.4930034), (0.8783505, 0.4930034), (0.8783505, 0.4930034), (0.8783505, 0.4930034), (0.8783505, 0.4930034), (0.8783505, 0.4930034), (0.8783505, 0.4930034), (0.8783505, 0.4930034), (0.8783505, 0.4930034), (0.8783505, 0.4930034), (0.8783505, 0.4930034), (0.8783505, 0.4930034), (0.8783505, 0.4930034), (0.8783505, 0.4930034), (0.8783505, 0.4930034), (0.8783505, 0.4930034), (0.8783505, 0.4930034), (0.8783505, 0.4930034), (0.8783505, 0.4930034), (0.8783505, 0.4930034), (0.8783505, 0.4930034), (0.8783505, 0.4930034), (0.8783505, 0.4930034), (0.8783505, 0.4930034), (0.8783505, 0.4930034), (0.8783505, 0.4930034), (0.8783505, 0.4930034), (0.8783505, 0.4930034), (0.8783505, 0.4930034), (0.8783505, 0.4930034), (0.8783505, 0.4930034), (0.8783505, 0.4930034), (0.8783505, 0.4930034), (0.8783505, 0.4930034), (0.8783505, 0.4930034), (0.8783505, 0.4930034), (0.8783505, 0.4930034), (0.8783505, 0.4930034), (0.8783505, 0.4930034), (0.8783505, 0.4930034), (0.8783505, 0.4930034), (0.8783505, 0.4930034), (0.8783505, 0.4930034), (0.8783505, 0.4930034), (0.8783505, 0.4930034), (0.8783505, 0.4930034), (0.8783505, 0.4930034), (0.8783505, 0.4930034), (0.8783505, 0.4930034), (0.8783505, 0.4930034), (0.8783505, 0.4930034), (0.8783505, 0.4930034), (0.8783505, 0.4930034), (0.8783505, 0.4930034), (0.8783505, 0.4930034), (0.8783505, 0.4930034), (0.8783505, 0.4930034), (0.8783505, 0.4930034), (0.8783505, 0.4930034), (0.8783505, 0.4930034), (0.8783505, 0.4930034), (0.8783505, 0.4930034), (0.8783505, 0.4930034), (0.8783505, 0.4930034), (0.8783505, 0.4930034), (0.8783505, 0.4930034), (0.8783505, 0.4930034), (0.8783505, 0.4930034), (0.8783505, 0.4930034), (0.8783505, 0.4930034), (0.8783505, 0.4930034), (0.8783505, 0.4930034), (0.8292638, 0.55115885), (0.8292638, 0.55115885), (0.8292638, 0.55115885), (0.8292638, 0.55115885), (0.8292638, 0.55115885), (0.8292638, 0.55115885), (0.8292638, 0.55115885), (0.8292638, 0.55115885), (0.8292638, 0.55115885), (0.8292638, 0.55115885), (0.8292638, 0.55115885), (0.8292638, 0.55115885), (0.8292638, 0.55115885), (0.8292638, 0.55115885), (0.8292638, 0.55115885), (0.8292638, 0.55115885), (0.8292638, 0.55115885), (0.8292638, 0.55115885), (0.8292638, 0.55115885), (0.8292638, 0.55115885), (0.8292638, 0.55115885), (0.8292638, 0.55115885), (0.8292638, 0.55115885), (0.8292638, 0.55115885), (0.8292638, 0.55115885), (0.8292638, 0.55115885), (0.83786654, 0.55115885), (0.83786654, 0.55115885), (0.83786654, 0.55115885), (0.83786654, 0.55115885), (0.83786654, 0.55115885), (0.83786654, 0.55115885), (0.83786654, 0.55115885), (0.83786654, 0.55115885), (0.83786654, 0.55115885), (0.83786654, 0.55115885), (0.83786654, 0.55115885), (0.83786654, 0.55115885), (0.83786654, 0.55115885), (0.83786654, 0.55115885), (0.83786654, 0.55115885), (0.83786654, 0.55115885), (0.83786654, 0.55115885), (0.83786654, 0.55115885), (0.83786654, 0.55115885), (0.83786654, 0.55115885), (0.83786654, 0.55115885), (0.83786654, 0.55115885), (0.83786654, 0.55115885), (0.83786654, 0.55115885), (0.83786654, 0.55115885), (0.83786654, 0.55115885), (0.8701321, 0.59992075), (0.8701321, 0.59992075), (0.8701321, 0.59992075), (0.8701321, 0.59992075), (0.8701321, 0.59992075), (0.8701321, 0.59992075), (0.8701321, 0.59992075), (0.8701321, 0.59992075), (0.8701321, 0.59992075), (0.8701321, 0.59992075), (0.8701321, 0.59992075), (0.8701321, 0.59992075), (0.8701321, 0.59992075), (0.8701321, 0.59992075), (0.8701321, 0.59992075), (0.8701321, 0.59992075), (0.8701321, 0.59992075), (0.8701321, 0.59992075), (0.8701321, 0.59992075), (0.8701321, 0.59992075), (0.8701321, 0.59992075), (0.8701321, 0.59992075), (0.8701321, 0.59992075), (0.8701321, 0.59992075), (0.8701321, 0.59992075), (0.8701321, 0.59992075), (0.8701321, 0.59992075), (0.8701321, 0.59992075), (0.8701321, 0.59992075), (0.8701321, 0.59992075), (0.8701321, 0.59992075), (0.8701321, 0.59992075), (0.8701321, 0.59992075), (0.8701321, 0.59992075), (0.8701321, 0.59992075), (0.8701321, 0.59992075), (0.8701321, 0.59992075), (0.8701321, 0.59992075), (0.8701321, 0.59992075), (0.8701321, 0.59992075), (0.8701321, 0.59992075), (0.8701321, 0.59992075), (0.8701321, 0.59992075), (0.8701321, 0.59992075), (0.8701321, 0.59992075), (0.8701321, 0.59992075), (0.8701321, 0.59992075), (0.8701321, 0.59992075), (0.8701321, 0.59992075), (0.8701321, 0.59992075), (0.8701321, 0.59992075), (0.8701321, 0.59992075), (0.8701321, 0.59992075), (0.8701321, 0.59992075), (0.8701321, 0.59992075), (0.8701321, 0.59992075), (0.8701321, 0.59992075), (0.8701321, 0.59992075), (0.8701321, 0.59992075), (0.8701321, 0.59992075), (0.8701321, 0.59992075), (0.8701321, 0.59992075), (0.8701321, 0.59992075), (0.8701321, 0.59992075), (0.8701321, 0.59992075), (0.8701321, 0.59992075), (0.8701321, 0.59992075), (0.8701321, 0.59992075), (0.8701321, 0.59992075), (0.8701321, 0.59992075), (0.8701321, 0.59992075), (0.8701321, 0.59992075), (0.8701321, 0.59992075), (0.8701321, 0.59992075), (0.8701321, 0.59992075), (0.8701321, 0.59992075), (0.8701321, 0.59992075), (0.8701321, 0.59992075), (0.8701321, 0.59992075), (0.8701321, 0.59992075), (0.8701321, 0.59992075), (0.8769679, 0.59992075), (0.8769679, 0.59992075), (0.8769679, 0.59992075), (0.8769679, 0.59992075), (0.8769679, 0.59992075), (0.8769679, 0.59992075), (0.8769679, 0.59992075), (0.8769679, 0.59992075), (0.8769679, 0.59992075), (0.8769679, 0.59992075), (0.8769679, 0.59992075), (0.8769679, 0.59992075), (0.8769679, 0.59992075), (0.8769679, 0.59992075), (0.8769679, 0.59992075), (0.8769679, 0.59992075), (0.8769679, 0.59992075), (0.8769679, 0.59992075), (0.8769679, 0.59992075), (0.8769679, 0.59992075), (0.8769679, 0.59992075), (0.8769679, 0.59992075), (0.8769679, 0.59992075), (0.8769679, 0.59992075), (0.8769679, 0.59992075), (0.8769679, 0.59992075), (0.8769679, 0.59992075), (0.8769679, 0.59992075), (0.8769679, 0.59992075), (0.8769679, 0.59992075), (0.8769679, 0.59992075), (0.8769679, 0.59992075), (0.8769679, 0.59992075), (0.8769679, 0.59992075), (0.8769679, 0.59992075), (0.8769679, 0.59992075), (0.8769679, 0.59992075), (0.8769679, 0.59992075), (0.8769679, 0.59992075), (0.8769679, 0.59992075), (0.8769679, 0.59992075), (0.8769679, 0.59992075), (0.8769679, 0.59992075), (0.8769679, 0.59992075), (0.8769679, 0.59992075), (0.8769679, 0.59992075), (0.8769679, 0.59992075), (0.8769679, 0.59992075), (0.8769679, 0.59992075), (0.8769679, 0.59992075), (0.8769679, 0.59992075), (0.8769679, 0.59992075), (0.8769679, 0.59992075), (0.8769679, 0.59992075), (0.8769679, 0.59992075), (0.8769679, 0.59992075), (0.8769679, 0.59992075), (0.8769679, 0.59992075), (0.8769679, 0.59992075), (0.8769679, 0.59992075), (0.8769679, 0.59992075), (0.8769679, 0.59992075), (0.8769679, 0.59992075), (0.8769679, 0.59992075), (0.8769679, 0.59992075), (0.8769679, 0.59992075), (0.8769679, 0.59992075), (0.8769679, 0.59992075), (0.8769679, 0.59992075), (0.8769679, 0.59992075), (0.8769679, 0.59992075), (0.8769679, 0.59992075), (0.8769679, 0.59992075), (0.8769679, 0.59992075), (0.8769679, 0.59992075), (0.8769679, 0.59992075), (0.8769679, 0.59992075), (0.8769679, 0.59992075), (0.8769679, 0.59992075), (0.8769679, 0.59992075), (0.8769679, 0.59992075), (0.83818775, 0.6073429), (0.83818775, 0.6073429), (0.83818775, 0.6073429), (0.8298003, 0.6073475), (0.8298003, 0.6073475), (0.8298003, 0.6073475), (0.83819026, 0.60777014), (0.83819026, 0.60777014), (0.83819026, 0.60777014), (0.83819026, 0.60777014), (0.83819026, 0.60777014), (0.83819026, 0.60777014), (0.83819026, 0.60777014), (0.8298048, 0.6078152), (0.8298048, 0.6078152), (0.8298048, 0.6078152), (0.8298048, 0.6078152), (0.8298048, 0.6078152), (0.8298048, 0.6078152), (0.8298048, 0.6078152), (0.82990307, 0.6181071), (0.82990307, 0.6181071), (0.82990307, 0.6181071), (0.82990307, 0.6181071), (0.82990307, 0.6181071), (0.82990307, 0.6181071), (0.82990307, 0.6181071), (0.82990307, 0.6181071), (0.82990307, 0.6181071), (0.82990307, 0.6181071), (0.82990307, 0.6181071), (0.82990307, 0.6181071), (0.82990307, 0.6181071), (0.82990307, 0.6181071), (0.82990307, 0.6181071), (0.82990307, 0.6181071), (0.8382493, 0.6181071), (0.8382493, 0.6181071), (0.8382493, 0.6181071), (0.8382493, 0.6181071), (0.8382493, 0.6181071), (0.8382493, 0.6181071), (0.8382493, 0.6181071), (0.8382493, 0.6181071), (0.8382493, 0.6181071), (0.8382493, 0.6181071), (0.8382493, 0.6181071), (0.8382493, 0.6181071), (0.8382493, 0.6181071), (0.8382493, 0.6181071), (0.8382493, 0.6181071), (0.8382493, 0.6181071), (0.83044547, 0.63029546), (0.83044547, 0.63029546), (0.83044547, 0.63029546), (0.83044547, 0.63029546), (0.83044547, 0.63029546), (0.83044547, 0.63029546), (0.83044547, 0.63029546), (0.8388455, 0.63033205), (0.8388455, 0.63033205), (0.8388455, 0.63033205), (0.8388455, 0.63033205), (0.8388455, 0.63033205), (0.8388455, 0.63033205), (0.8388455, 0.63033205), (0.83907604, 0.6350591), (0.83907604, 0.6350591), (0.83907604, 0.6350591), (0.830658, 0.63507235), (0.830658, 0.63507235), (0.830658, 0.63507235), (0.86866343, 0.64016616), (0.86866343, 0.64016616), (0.86866343, 0.64016616), (0.86866343, 0.64016616), (0.86866343, 0.64016616), (0.86866343, 0.64016616), (0.86866343, 0.64016616), (0.8753607, 0.64025724), (0.8753607, 0.64025724), (0.8753607, 0.64025724), (0.8753607, 0.64025724), (0.8753607, 0.64025724), (0.8753607, 0.64025724), (0.8753607, 0.64025724), (0.868301, 0.65010035), (0.868301, 0.65010035), (0.868301, 0.65010035), (0.868301, 0.65010035), (0.868301, 0.65010035), (0.868301, 0.65010035), (0.8749652, 0.6501844), (0.8749652, 0.6501844), (0.8749652, 0.6501844), (0.8749652, 0.6501844), (0.8749652, 0.6501844), (0.8749652, 0.6501844), (0.86792904, 0.66029215), (0.86792904, 0.66029215), (0.86792904, 0.66029215), (0.86792904, 0.66029215), (0.86792904, 0.66029215), (0.86792904, 0.66029215), (0.86792904, 0.66029215), (0.86792904, 0.66029215), (0.86792904, 0.66029215), (0.86792904, 0.66029215), (0.86792904, 0.66029215), (0.86792904, 0.66029215), (0.86792904, 0.66029215), (0.86792904, 0.66029215), (0.86792904, 0.66029215), (0.86792904, 0.66029215), (0.86792904, 0.66029215), (0.86792904, 0.66029215), (0.86792904, 0.66029215), (0.86792904, 0.66029215), (0.86792904, 0.66029215), (0.86792904, 0.66029215), (0.86792904, 0.66029215), (0.86792904, 0.66029215), (0.86792904, 0.66029215), (0.86792904, 0.66029215), (0.86792904, 0.66029215), (0.86792904, 0.66029215), (0.86792904, 0.66029215), (0.86792904, 0.66029215), (0.86792904, 0.66029215), (0.86792904, 0.66029215), (0.86792904, 0.66029215), (0.86792904, 0.66029215), (0.86792904, 0.66029215), (0.86792904, 0.66029215), (0.86792904, 0.66029215), (0.86792904, 0.66029215), (0.86792904, 0.66029215), (0.86792904, 0.66029215), (0.86792904, 0.66029215), (0.86792904, 0.66029215), (0.86792904, 0.66029215), (0.86792904, 0.66029215), (0.86792904, 0.66029215), (0.86792904, 0.66029215), (0.86792904, 0.66029215), (0.86792904, 0.66029215), (0.86792904, 0.66029215), (0.86792904, 0.66029215), (0.86792904, 0.66029215), (0.86792904, 0.66029215), (0.86792904, 0.66029215), (0.86792904, 0.66029215), (0.86792904, 0.66029215), (0.86792904, 0.66029215), (0.86792904, 0.66029215), (0.86792904, 0.66029215), (0.86792904, 0.66029215), (0.86792904, 0.66029215), (0.86792904, 0.66029215), (0.86792904, 0.66029215), (0.86792904, 0.66029215), (0.86792904, 0.66029215), (0.86792904, 0.66029215), (0.86792904, 0.66029215), (0.86792904, 0.66029215), (0.86792904, 0.66029215), (0.86792904, 0.66029215), (0.86792904, 0.66029215), (0.86792904, 0.66029215), (0.86792904, 0.66029215), (0.86792904, 0.66029215), (0.86792904, 0.66029215), (0.86792904, 0.66029215), (0.8738606, 0.66029215), (0.8738606, 0.66029215), (0.8738606, 0.66029215), (0.8738606, 0.66029215), (0.8738606, 0.66029215), (0.8738606, 0.66029215), (0.8738606, 0.66029215), (0.87456244, 0.66029215), (0.87456244, 0.66029215), (0.87456244, 0.66029215), (0.87456244, 0.66029215), (0.87456244, 0.66029215), (0.87456244, 0.66029215), (0.87456244, 0.66029215), (0.87456244, 0.66029215), (0.87456244, 0.66029215), (0.87456244, 0.66029215), (0.87456244, 0.66029215), (0.87456244, 0.66029215), (0.87456244, 0.66029215), (0.87456244, 0.66029215), (0.87456244, 0.66029215), (0.87456244, 0.66029215), (0.87456244, 0.66029215), (0.87456244, 0.66029215), (0.87456244, 0.66029215), (0.87456244, 0.66029215), (0.87456244, 0.66029215), (0.87456244, 0.66029215), (0.87456244, 0.66029215), (0.87456244, 0.66029215), (0.87456244, 0.66029215), (0.87456244, 0.66029215), (0.87456244, 0.66029215), (0.87456244, 0.66029215), (0.87456244, 0.66029215), (0.87456244, 0.66029215), (0.87456244, 0.66029215), (0.87456244, 0.66029215), (0.87456244, 0.66029215), (0.87456244, 0.66029215), (0.87456244, 0.66029215), (0.87456244, 0.66029215), (0.87456244, 0.66029215), (0.87456244, 0.66029215), (0.87456244, 0.66029215), (0.87456244, 0.66029215), (0.87456244, 0.66029215), (0.87456244, 0.66029215), (0.87456244, 0.66029215), (0.87456244, 0.66029215), (0.87456244, 0.66029215), (0.87456244, 0.66029215), (0.87456244, 0.66029215), (0.87456244, 0.66029215), (0.87456244, 0.66029215), (0.87456244, 0.66029215), (0.87456244, 0.66029215), (0.87456244, 0.66029215), (0.87456244, 0.66029215), (0.87456244, 0.66029215), (0.87456244, 0.66029215), (0.87456244, 0.66029215), (0.87456244, 0.66029215), (0.87456244, 0.66029215), (0.87456244, 0.66029215), (0.87456244, 0.66029215), (0.87456244, 0.66029215), (0.87456244, 0.66029215), (0.87456244, 0.66029215), (0.87456244, 0.66029215), (0.87456244, 0.66029215), (0.87456244, 0.66029215), (0.87456244, 0.66029215), (0.87456244, 0.66029215), (0.87381595, 0.6745856), (0.87381595, 0.6745856), (0.87381595, 0.6745856), (0.87381595, 0.6745856), (0.87381595, 0.6745856), (0.87381595, 0.6745856), (0.8672402, 0.67471135), (0.8672402, 0.67471135), (0.8672402, 0.67471135), (0.8672402, 0.67471135), (0.8672402, 0.67471135), (0.8672402, 0.67471135), (0.8733305, 0.6838821), (0.8733305, 0.6838821), (0.8733305, 0.6838821), (0.8733305, 0.6838821), (0.8733305, 0.6838821), (0.8733305, 0.6838821), (0.8733305, 0.6838821), (0.86679554, 0.68401814), (0.86679554, 0.68401814), (0.86679554, 0.68401814), (0.86679554, 0.68401814), (0.86679554, 0.68401814), (0.86679554, 0.68401814), (0.86679554, 0.68401814), (0.8328972, 0.6853895), (0.8328972, 0.6853895), (0.8328972, 0.6853895), (0.84153193, 0.68541825), (0.84153193, 0.68541825), (0.84153193, 0.68541825), (0.8715647, 0.71769285), (0.8715647, 0.71769285), (0.8715647, 0.71769285), (0.8715647, 0.71769285), (0.8715647, 0.71769285), (0.8715647, 0.71769285), (0.8715647, 0.71769285), (0.8715647, 0.71769285), (0.8715647, 0.71769285), (0.8715647, 0.71769285), (0.8651865, 0.71769845), (0.8651865, 0.71769845), (0.8651865, 0.71769845), (0.8651865, 0.71769845), (0.8651865, 0.71769845), (0.8651865, 0.71769845), (0.8651865, 0.71769845), (0.8651865, 0.71769845), (0.8651865, 0.71769845), (0.8651865, 0.71769845), (0.8346335, 0.72440684), (0.8346335, 0.72440684), (0.8346335, 0.72440684), (0.8346335, 0.72440684), (0.8346335, 0.72440684), (0.8346335, 0.72440684), (0.8346335, 0.72440684), (0.8346335, 0.72440684), (0.8346335, 0.72440684), (0.8346335, 0.72440684), (0.8346335, 0.72440684), (0.8346335, 0.72440684), (0.8346335, 0.72440684), (0.8346335, 0.72440684), (0.8346335, 0.72440684), (0.8346335, 0.72440684), (0.8346335, 0.72440684), (0.8346335, 0.72440684), (0.8346335, 0.72440684), (0.8346335, 0.72440684), (0.8346335, 0.72440684), (0.8346335, 0.72440684), (0.8346335, 0.72440684), (0.8346335, 0.72440684), (0.8346335, 0.72440684), (0.8346335, 0.72440684), (0.8422905, 0.72440684), (0.8422905, 0.72440684), (0.8422905, 0.72440684), (0.8434333, 0.72440684), (0.8434333, 0.72440684), (0.8434333, 0.72440684), (0.8434333, 0.72440684), (0.8434333, 0.72440684), (0.8434333, 0.72440684), (0.8434333, 0.72440684), (0.8434333, 0.72440684), (0.8434333, 0.72440684), (0.8434333, 0.72440684), (0.8434333, 0.72440684), (0.8434333, 0.72440684), (0.8434333, 0.72440684), (0.8434333, 0.72440684), (0.8434333, 0.72440684), (0.8434333, 0.72440684), (0.8434333, 0.72440684), (0.8434333, 0.72440684), (0.8434333, 0.72440684), (0.8434333, 0.72440684), (0.8434333, 0.72440684), (0.8434333, 0.72440684), (0.8434333, 0.72440684), (0.8701656, 0.7444823), (0.8701656, 0.7444823), (0.8701656, 0.7444823), (0.8701656, 0.7444823), (0.8701656, 0.7444823), (0.8701656, 0.7444823), (0.8701656, 0.7444823), (0.8701656, 0.7444823), (0.8701656, 0.7444823), (0.8701656, 0.7444823), (0.8701656, 0.7444823), (0.8701656, 0.7444823), (0.8701656, 0.7444823), (0.8701656, 0.7444823), (0.8701656, 0.7444823), (0.86390656, 0.7444905), (0.86390656, 0.7444905), (0.86390656, 0.7444905), (0.86390656, 0.7444905), (0.86390656, 0.7444905), (0.86390656, 0.7444905), (0.86390656, 0.7444905), (0.86390656, 0.7444905), (0.86390656, 0.7444905), (0.86390656, 0.7444905), (0.86390656, 0.7444905), (0.86390656, 0.7444905), (0.86390656, 0.7444905), (0.86390656, 0.7444905), (0.86390656, 0.7444905), (0.84206384, 0.74469817), (0.84206384, 0.74469817), (0.84206384, 0.74469817), (0.8340761, 0.7447156), (0.8340761, 0.7447156), (0.8340761, 0.7447156), (0.86370885, 0.74862826), (0.86370885, 0.74862826), (0.86370885, 0.74862826), (0.86370885, 0.74862826), (0.86370885, 0.74862826), (0.86370885, 0.74862826), (0.869936, 0.7488791), (0.869936, 0.7488791), (0.869936, 0.7488791), (0.869936, 0.7488791), (0.869936, 0.7488791), (0.869936, 0.7488791), (0.8633785, 0.75554276), (0.8633785, 0.75554276), (0.8633785, 0.75554276), (0.8633785, 0.75554276), (0.8633785, 0.75554276), (0.8633785, 0.75554276), (0.8633785, 0.75554276), (0.8695816, 0.755666), (0.8695816, 0.755666), (0.8695816, 0.755666), (0.8695816, 0.755666), (0.8695816, 0.755666), (0.8695816, 0.755666), (0.8695816, 0.755666), (0.86242485, 0.7755048), (0.86242485, 0.7755048), (0.86242485, 0.7755048), (0.86242485, 0.7755048), (0.86242485, 0.7755048), (0.86242485, 0.7755048), (0.86242485, 0.7755048), (0.86242485, 0.7755048), (0.86242485, 0.7755048), (0.86242485, 0.7755048), (0.86242485, 0.7755048), (0.86242485, 0.7755048), (0.86242485, 0.7755048), (0.86242485, 0.7755048), (0.86242485, 0.7755048), (0.86242485, 0.7755048), (0.86242485, 0.7755048), (0.86242485, 0.7755048), (0.86242485, 0.7755048), (0.86242485, 0.7755048), (0.86242485, 0.7755048), (0.86242485, 0.7755048), (0.86242485, 0.7755048), (0.86242485, 0.7755048), (0.86242485, 0.7755048), (0.86242485, 0.7755048), (0.86242485, 0.7755048), (0.86242485, 0.7755048), (0.86242485, 0.7755048), (0.86242485, 0.7755048), (0.86242485, 0.7755048), (0.86242485, 0.7755048), (0.86242485, 0.7755048), (0.86242485, 0.7755048), (0.86242485, 0.7755048), (0.86242485, 0.7755048), (0.86242485, 0.7755048), (0.86242485, 0.7755048), (0.86242485, 0.7755048), (0.86242485, 0.7755048), (0.86242485, 0.7755048), (0.86242485, 0.7755048), (0.86242485, 0.7755048), (0.86242485, 0.7755048), (0.86242485, 0.7755048), (0.86242485, 0.7755048), (0.86242485, 0.7755048), (0.86242485, 0.7755048), (0.86242485, 0.7755048), (0.86242485, 0.7755048), (0.86242485, 0.7755048), (0.86242485, 0.7755048), (0.86242485, 0.7755048), (0.86242485, 0.7755048), (0.86242485, 0.7755048), (0.86242485, 0.7755048), (0.8626343, 0.7755048), (0.8626343, 0.7755048), (0.8626343, 0.7755048), (0.8626343, 0.7755048), (0.8626343, 0.7755048), (0.8626343, 0.7755048), (0.8626343, 0.7755048), (0.8626343, 0.7755048), (0.8626343, 0.7755048), (0.8626343, 0.7755048), (0.8626343, 0.7755048), (0.8626343, 0.7755048), (0.8626343, 0.7755048), (0.8626343, 0.7755048), (0.8626343, 0.7755048), (0.8626343, 0.7755048), (0.8626343, 0.7755048), (0.8626343, 0.7755048), (0.8626343, 0.7755048), (0.8626343, 0.7755048), (0.8626343, 0.7755048), (0.8626343, 0.7755048), (0.8626343, 0.7755048), (0.8626343, 0.7755048), (0.8626343, 0.7755048), (0.86463773, 0.7755048), (0.86463773, 0.7755048), (0.86463773, 0.7755048), (0.86463773, 0.7755048), (0.86463773, 0.7755048), (0.86463773, 0.7755048), (0.86774516, 0.7755048), (0.86774516, 0.7755048), (0.86774516, 0.7755048), (0.86774516, 0.7755048), (0.86774516, 0.7755048), (0.86774516, 0.7755048), (0.86774516, 0.7755048), (0.86849266, 0.7755048), (0.86849266, 0.7755048), (0.86849266, 0.7755048), (0.86849266, 0.7755048), (0.86849266, 0.7755048), (0.86849266, 0.7755048), (0.86849266, 0.7755048), (0.86849266, 0.7755048), (0.86849266, 0.7755048), (0.86849266, 0.7755048), (0.86849266, 0.7755048), (0.86849266, 0.7755048), (0.86849266, 0.7755048), (0.86849266, 0.7755048), (0.86849266, 0.7755048), (0.86849266, 0.7755048), (0.86849266, 0.7755048), (0.86849266, 0.7755048), (0.86849266, 0.7755048), (0.86849266, 0.7755048), (0.86849266, 0.7755048), (0.86849266, 0.7755048), (0.86849266, 0.7755048), (0.86849266, 0.7755048), (0.86849266, 0.7755048), (0.8685455, 0.7755048), (0.8685455, 0.7755048), (0.8685455, 0.7755048), (0.8685455, 0.7755048), (0.8685455, 0.7755048), (0.8685455, 0.7755048), (0.8685455, 0.7755048), (0.8685455, 0.7755048), (0.8685455, 0.7755048), (0.8685455, 0.7755048), (0.8685455, 0.7755048), (0.8685455, 0.7755048), (0.8685455, 0.7755048), (0.8685455, 0.7755048), (0.8685455, 0.7755048), (0.8685455, 0.7755048), (0.8685455, 0.7755048), (0.8685455, 0.7755048), (0.8685455, 0.7755048), (0.8685455, 0.7755048), (0.8685455, 0.7755048), (0.8685455, 0.7755048), (0.8685455, 0.7755048), (0.8685455, 0.7755048), (0.8685455, 0.7755048), (0.8685455, 0.7755048), (0.8685455, 0.7755048), (0.8685455, 0.7755048), (0.8685455, 0.7755048), (0.8685455, 0.7755048), (0.8685455, 0.7755048), (0.8685455, 0.7755048), (0.8685455, 0.7755048), (0.8685455, 0.7755048), (0.8685455, 0.7755048), (0.8685455, 0.7755048), (0.8685455, 0.7755048), (0.8685455, 0.7755048), (0.8685455, 0.7755048), (0.8685455, 0.7755048), (0.8685455, 0.7755048), (0.8685455, 0.7755048), (0.8685455, 0.7755048), (0.83318865, 0.777047), (0.83318865, 0.777047), (0.83318865, 0.777047), (0.8398793, 0.7770663), (0.8398793, 0.7770663), (0.8398793, 0.7770663), (0.83276, 0.7926636), (0.83276, 0.7926636), (0.83276, 0.7926636), (0.83276, 0.7926636), (0.83276, 0.7926636), (0.83276, 0.7926636), (0.83276, 0.7926636), (0.83276, 0.7926636), (0.83276, 0.7926636), (0.83276, 0.7926636), (0.83276, 0.7926636), (0.83276, 0.7926636), (0.83276, 0.7926636), (0.83276, 0.7926636), (0.83276, 0.7926636), (0.83276, 0.7926636), (0.83276, 0.7926636), (0.83276, 0.7926636), (0.83276, 0.7926636), (0.83276, 0.7926636), (0.83276, 0.7926636), (0.83276, 0.7926636), (0.83276, 0.7926636), (0.8330493, 0.7926636), (0.8330493, 0.7926636), (0.8330493, 0.7926636), (0.8388266, 0.7926636), (0.8388266, 0.7926636), (0.8388266, 0.7926636), (0.8388266, 0.7926636), (0.8388266, 0.7926636), (0.8388266, 0.7926636), (0.8388266, 0.7926636), (0.8388266, 0.7926636), (0.8388266, 0.7926636), (0.8388266, 0.7926636), (0.8388266, 0.7926636), (0.8388266, 0.7926636), (0.8388266, 0.7926636), (0.8388266, 0.7926636), (0.8388266, 0.7926636), (0.8388266, 0.7926636), (0.8388266, 0.7926636), (0.8388266, 0.7926636), (0.8388266, 0.7926636), (0.8388266, 0.7926636), (0.8388266, 0.7926636), (0.8388266, 0.7926636), (0.8388266, 0.7926636), (0.8388266, 0.7926636), (0.8388266, 0.7926636), (0.8388266, 0.7926636), (0.8675992, 0.79369736), (0.8675992, 0.79369736), (0.8675992, 0.79369736), (0.8675992, 0.79369736), (0.8675992, 0.79369736), (0.8675992, 0.79369736), (0.8675992, 0.79369736), (0.8620659, 0.7937143), (0.8620659, 0.7937143), (0.8620659, 0.7937143), (0.8620659, 0.7937143), (0.8620659, 0.7937143), (0.8620659, 0.7937143), (0.8620659, 0.7937143), (0.8668801, 0.80751944), (0.8668801, 0.80751944), (0.8668801, 0.80751944), (0.8668801, 0.80751944), (0.8668801, 0.80751944), (0.8668801, 0.80751944), (0.8668801, 0.80751944), (0.8668801, 0.80751944), (0.8668801, 0.80751944), (0.8668801, 0.80751944), (0.8668801, 0.80751944), (0.8668801, 0.80751944), (0.8668801, 0.80751944), (0.8668801, 0.80751944), (0.8668801, 0.80751944), (0.8668801, 0.80751944), (0.8668801, 0.80751944), (0.8668801, 0.80751944), (0.8668801, 0.80751944), (0.8668801, 0.80751944), (0.8668801, 0.80751944), (0.8668801, 0.80751944), (0.8668801, 0.80751944), (0.8668801, 0.80751944), (0.8668801, 0.80751944), (0.8617936, 0.80752957), (0.8617936, 0.80752957), (0.8617936, 0.80752957), (0.8617936, 0.80752957), (0.8617936, 0.80752957), (0.8617936, 0.80752957), (0.8617936, 0.80752957), (0.8617936, 0.80752957), (0.8617936, 0.80752957), (0.8617936, 0.80752957), (0.8617936, 0.80752957), (0.8617936, 0.80752957), (0.8617936, 0.80752957), (0.8617936, 0.80752957), (0.8617936, 0.80752957), (0.8617936, 0.80752957), (0.8617936, 0.80752957), (0.8617936, 0.80752957), (0.8617936, 0.80752957), (0.8617936, 0.80752957), (0.8617936, 0.80752957), (0.8617936, 0.80752957), (0.8617936, 0.80752957), (0.8617936, 0.80752957), (0.8617936, 0.80752957), (0.8332485, 0.8114865), (0.8332485, 0.8114865), (0.8332485, 0.8114865), (0.8385381, 0.8114881), (0.8385381, 0.8114881), (0.8385381, 0.8114881), (0.8661954, 0.82068324), (0.8661954, 0.82068324), (0.8661954, 0.82068324), (0.8661954, 0.82068324), (0.8661954, 0.82068324), (0.8661954, 0.82068324), (0.8615327, 0.8207662), (0.8615327, 0.8207662), (0.8615327, 0.8207662), (0.8615327, 0.8207662), (0.8615327, 0.8207662), (0.8615327, 0.8207662), (0.8349564, 0.8772944), (0.8349564, 0.8772944), (0.8349564, 0.8772944), (0.8349564, 0.8772944), (0.8349564, 0.8772944), (0.8349564, 0.8772944), (0.8349564, 0.8772944), (0.8349564, 0.8772944), (0.8349564, 0.8772944), (0.8349564, 0.8772944), (0.8349564, 0.8772944), (0.8349564, 0.8772944), (0.8349564, 0.8772944), (0.8349564, 0.8772944), (0.8349564, 0.8772944), (0.8349564, 0.8772944), (0.8349564, 0.8772944), (0.8349564, 0.8772944), (0.8349564, 0.8772944), (0.8349564, 0.8772944), (0.8349564, 0.8772944), (0.8349564, 0.8772944), (0.8349564, 0.8772944), (0.8349564, 0.8772944), (0.8349564, 0.8772944), (0.8349564, 0.8772944), (0.8375298, 0.8772944), (0.8375298, 0.8772944), (0.8375298, 0.8772944), (0.8375298, 0.8772944), (0.8375298, 0.8772944), (0.8375298, 0.8772944), (0.8375298, 0.8772944), (0.8375298, 0.8772944), (0.8375298, 0.8772944), (0.8375298, 0.8772944), (0.8375298, 0.8772944), (0.8375298, 0.8772944), (0.8375298, 0.8772944), (0.8375298, 0.8772944), (0.8375298, 0.8772944), (0.8375298, 0.8772944), (0.8375298, 0.8772944), (0.8375298, 0.8772944), (0.8375298, 0.8772944), (0.8375298, 0.8772944), (0.8375298, 0.8772944), (0.8375298, 0.8772944), (0.8375298, 0.8772944), (0.8375298, 0.8772944), (0.8375298, 0.8772944), (0.8375298, 0.8772944), (0.8602719, 0.8847264), (0.8602719, 0.8847264), (0.8602719, 0.8847264), (0.8602719, 0.8847264), (0.8602719, 0.8847264), (0.8602719, 0.8847264), (0.8602719, 0.8847264), (0.8602719, 0.8847264), (0.8602719, 0.8847264), (0.8602719, 0.8847264), (0.8602719, 0.8847264), (0.8602719, 0.8847264), (0.8602719, 0.8847264), (0.8602719, 0.8847264), (0.8602719, 0.8847264), (0.8602719, 0.8847264), (0.8602719, 0.8847264), (0.8602719, 0.8847264), (0.8602719, 0.8847264), (0.8602719, 0.8847264), (0.8602719, 0.8847264), (0.8602719, 0.8847264), (0.8602719, 0.8847264), (0.8602719, 0.8847264), (0.8602719, 0.8847264), (0.8602719, 0.8847264), (0.8602719, 0.8847264), (0.8602719, 0.8847264), (0.8602719, 0.8847264), (0.8602719, 0.8847264), (0.8602719, 0.8847264), (0.8602719, 0.8847264), (0.8602719, 0.8847264), (0.8602719, 0.8847264), (0.8602719, 0.8847264), (0.8602719, 0.8847264), (0.8602719, 0.8847264), (0.8602719, 0.8847264), (0.8602719, 0.8847264), (0.8602719, 0.8847264), (0.8602719, 0.8847264), (0.8602719, 0.8847264), (0.8602719, 0.8847264), (0.8602719, 0.8847264), (0.8602719, 0.8847264), (0.8602719, 0.8847264), (0.8602719, 0.8847264), (0.8602719, 0.8847264), (0.8602719, 0.8847264), (0.8602719, 0.8847264), (0.8602719, 0.8847264), (0.8602719, 0.8847264), (0.8602719, 0.8847264), (0.8602719, 0.8847264), (0.8602719, 0.8847264), (0.8602719, 0.8847264), (0.8602719, 0.8847264), (0.8602719, 0.8847264), (0.8602719, 0.8847264), (0.8602719, 0.8847264), (0.8602719, 0.8847264), (0.8602719, 0.8847264), (0.8602719, 0.8847264), (0.8602719, 0.8847264), (0.8602719, 0.8847264), (0.8602719, 0.8847264), (0.8602719, 0.8847264), (0.8602719, 0.8847264), (0.8602719, 0.8847264), (0.8602719, 0.8847264), (0.8602719, 0.8847264), (0.8602719, 0.8847264), (0.8602719, 0.8847264), (0.8602719, 0.8847264), (0.8602719, 0.8847264), (0.8602719, 0.8847264), (0.8602719, 0.8847264), (0.8602719, 0.8847264), (0.8602719, 0.8847264), (0.8602719, 0.8847264), (0.8602719, 0.8847264), (0.86286396, 0.8847264), (0.86286396, 0.8847264), (0.86286396, 0.8847264), (0.86286396, 0.8847264), (0.86286396, 0.8847264), (0.86286396, 0.8847264), (0.86286396, 0.8847264), (0.86286396, 0.8847264), (0.86286396, 0.8847264), (0.86286396, 0.8847264), (0.86286396, 0.8847264), (0.86286396, 0.8847264), (0.86286396, 0.8847264), (0.86286396, 0.8847264), (0.86286396, 0.8847264), (0.86286396, 0.8847264), (0.86286396, 0.8847264), (0.86286396, 0.8847264), (0.86286396, 0.8847264), (0.86286396, 0.8847264), (0.86286396, 0.8847264), (0.86286396, 0.8847264), (0.86286396, 0.8847264), (0.86286396, 0.8847264), (0.86286396, 0.8847264), (0.86286396, 0.8847264), (0.86286396, 0.8847264), (0.86286396, 0.8847264), (0.86286396, 0.8847264), (0.86286396, 0.8847264), (0.86286396, 0.8847264), (0.86286396, 0.8847264), (0.86286396, 0.8847264), (0.86286396, 0.8847264), (0.86286396, 0.8847264), (0.86286396, 0.8847264), (0.86286396, 0.8847264), (0.86286396, 0.8847264), (0.86286396, 0.8847264), (0.86286396, 0.8847264), (0.86286396, 0.8847264), (0.86286396, 0.8847264), (0.86286396, 0.8847264), (0.86286396, 0.8847264), (0.86286396, 0.8847264), (0.86286396, 0.8847264), (0.86286396, 0.8847264), (0.86286396, 0.8847264), (0.86286396, 0.8847264), (0.86286396, 0.8847264), (0.86286396, 0.8847264), (0.86286396, 0.8847264), (0.86286396, 0.8847264), (0.86286396, 0.8847264), (0.86286396, 0.8847264), (0.86286396, 0.8847264), (0.86286396, 0.8847264), (0.86286396, 0.8847264), (0.86286396, 0.8847264), (0.86286396, 0.8847264), (0.86286396, 0.8847264), (0.86286396, 0.8847264), (0.86286396, 0.8847264), (0.86286396, 0.8847264), (0.86286396, 0.8847264), (0.86286396, 0.8847264), (0.86286396, 0.8847264), (0.86286396, 0.8847264), (0.86286396, 0.8847264), (0.86286396, 0.8847264), (0.86286396, 0.8847264), (0.86286396, 0.8847264), (0.86286396, 0.8847264), (0.86286396, 0.8847264), (0.86286396, 0.8847264), (0.86286396, 0.8847264), (0.86286396, 0.8847264), (0.86286396, 0.8847264), (0.86286396, 0.8847264), (0.86286396, 0.8847264), (0.86286396, 0.8847264)] (
                        interpolation = "faceVarying"
                    )
                    int[] primvars:st:indices = [26, 214, 0, 214, 454, 428, 454, 662, 428, 678, 942, 662, 942, 1250, 1224, 1250, 1358, 1224, 133, 266, 52, 347, 480, 266, 561, 714, 480, 902, 740, 815, 740, 721, 815, 1283, 1491, 1410, 1276, 1056, 1143, 1143, 1042, 1049, 909, 1049, 1042, 27, 215, 1, 215, 455, 429, 455, 663, 429, 679, 943, 663, 943, 1251, 1225, 1251, 1359, 1225, 134, 267, 53, 348, 481, 267, 562, 715, 481, 903, 741, 816, 741, 722, 816, 1284, 1492, 1411, 1277, 1057, 1144, 1144, 1043, 1050, 910, 1050, 1043, 135, 268, 54, 349, 482, 268, 482, 822, 742, 822, 1058, 742, 1058, 1493, 1412, 136, 269, 55, 350, 483, 269, 483, 823, 743, 743, 922, 932, 1290, 1112, 1150, 1150, 932, 922, 1315, 1494, 1413, 137, 270, 56, 351, 484, 270, 565, 728, 484, 1346, 1059, 1137, 1137, 1030, 1036, 1352, 1495, 1414, 896, 734, 890, 890, 1030, 896, 28, 216, 2, 216, 456, 430, 430, 648, 655, 944, 1252, 1226, 1252, 1360, 1226, 701, 655, 648, 701, 944, 694, 138, 271, 57, 271, 566, 485, 485, 824, 744, 744, 994, 1009, 1291, 1113, 1151, 1151, 1009, 994, 1316, 1496, 1415, 139, 272, 58, 272, 567, 486, 486, 825, 745, 745, 1176, 1060, 1060, 1497, 1416, 140, 273, 59, 354, 487, 273, 487, 826, 746, 826, 1061, 746, 1061, 1498, 1417, 141, 274, 60, 274, 569, 488, 569, 747, 488, 827, 1062, 747, 1062, 1499, 1418, 142, 275, 61, 275, 570, 489, 570, 748, 489, 828, 1063, 748, 1063, 1500, 1419, 143, 276, 62, 357, 490, 276, 571, 729, 490, 1347, 1064, 1138, 1138, 1031, 1037, 1353, 1501, 1420, 897, 735, 891, 891, 1031, 897, 144, 277, 63, 358, 491, 277, 491, 829, 749, 749, 923, 933, 1292, 1114, 1152, 1152, 933, 923, 1317, 1502, 1421, 145, 278, 64, 278, 573, 492, 492, 830, 750, 830, 1065, 750, 1180, 1422, 1065, 146, 279, 65, 360, 493, 279, 493, 831, 751, 831, 1066, 751, 1066, 1504, 1423, 147, 280, 66, 280, 575, 494, 575, 752, 494, 832, 1067, 752, 1067, 1505, 1424, 148, 281, 67, 281, 576, 495, 576, 753, 495, 833, 1068, 753, 1068, 1506, 1425, 29, 217, 3, 217, 457, 431, 457, 645, 431, 1024, 945, 968, 968, 916, 919, 1340, 1387, 1361, 1343, 1247, 1253, 1253, 1218, 1221, 1027, 1221, 1218, 711, 642, 708, 708, 916, 711, 30, 218, 4, 218, 458, 432, 458, 664, 432, 680, 946, 664, 946, 1254, 1227, 1254, 1362, 1227, 149, 282, 68, 282, 577, 496, 577, 754, 496, 834, 1069, 754, 1069, 1507, 1426, 150, 283, 69, 283, 578, 497, 578, 755, 497, 835, 1070, 755, 1070, 1508, 1427, 151, 284, 70, 284, 579, 498, 498, 836, 756, 756, 1186, 1071, 1071, 1509, 1428, 152, 285, 71, 366, 499, 285, 499, 837, 757, 837, 1072, 757, 1072, 1510, 1429, 153, 286, 72, 286, 581, 500, 581, 758, 500, 838, 1073, 758, 1073, 1511, 1430, 154, 287, 73, 287, 582, 501, 582, 759, 501, 839, 1074, 759, 1074, 1512, 1431, 155, 288, 74, 288, 583, 502, 583, 760, 502, 840, 1075, 760, 1075, 1513, 1432, 156, 289, 75, 289, 584, 503, 584, 761, 503, 841, 1076, 761, 1076, 1514, 1433, 157, 290, 76, 371, 504, 290, 504, 842, 762, 762, 924, 934, 1293, 1115, 1153, 1153, 934, 924, 1318, 1515, 1434, 158, 291, 77, 372, 505, 291, 586, 716, 505, 904, 763, 817, 763, 723, 817, 1285, 1516, 1435, 1278, 1077, 1145, 1145, 1044, 1051, 911, 1051, 1044, 159, 292, 78, 373, 506, 292, 587, 764, 506, 843, 1078, 764, 1192, 1436, 1078, 160, 293, 79, 293, 588, 507, 588, 765, 507, 844, 1079, 765, 1079, 1518, 1437, 161, 294, 80, 294, 589, 508, 589, 766, 508, 845, 1080, 766, 1080, 1519, 1438, 162, 295, 81, 376, 509, 295, 509, 846, 767, 846, 1081, 767, 1195, 1439, 1081, 163, 296, 82, 377, 510, 296, 510, 847, 768, 847, 1082, 768, 1082, 1521, 1440, 164, 297, 83, 297, 592, 511, 592, 769, 511, 848, 1083, 769, 1083, 1522, 1441, 165, 298, 84, 298, 593, 512, 593, 770, 512, 849, 1084, 770, 1084, 1523, 1442, 166, 299, 85, 380, 513, 299, 594, 717, 513, 905, 771, 818, 771, 724, 818, 1286, 1524, 1443, 1279, 1085, 1146, 1146, 1045, 1052, 912, 1052, 1045, 31, 219, 5, 219, 459, 433, 433, 649, 656, 947, 1255, 1228, 1255, 1363, 1228, 702, 656, 649, 702, 947, 695, 32, 220, 6, 220, 460, 434, 460, 665, 434, 681, 948, 665, 948, 1256, 1229, 1256, 1364, 1229, 33, 221, 7, 247, 435, 221, 461, 666, 435, 682, 949, 666, 977, 1230, 949, 1257, 1365, 1230, 167, 300, 86, 300, 595, 514, 514, 850, 772, 772, 995, 1010, 1294, 1116, 1154, 1154, 1010, 995, 1319, 1525, 1444, 168, 301, 87, 382, 515, 301, 596, 773, 515, 773, 996, 1011, 1295, 1117, 1155, 1155, 1011, 996, 1320, 1526, 1445, 169, 302, 88, 383, 516, 302, 597, 730, 516, 1348, 1086, 1139, 1139, 1032, 1038, 1354, 1527, 1446, 898, 736, 892, 892, 1032, 898, 170, 303, 89, 303, 598, 517, 517, 852, 774, 774, 997, 1012, 1296, 1118, 1156, 1156, 1012, 997, 1321, 1528, 1447, 171, 304, 90, 385, 518, 304, 599, 775, 518, 775, 998, 1013, 1297, 1119, 1157, 1157, 1013, 998, 1322, 1529, 1448, 172, 305, 91, 386, 519, 305, 519, 854, 776, 776, 925, 935, 1298, 1120, 1158, 1158, 935, 925, 1323, 1530, 1449, 173, 306, 92, 387, 520, 306, 601, 731, 520, 1349, 1087, 1140, 1140, 1033, 1039, 1355, 1531, 1450, 899, 737, 893, 893, 1033, 899, 174, 307, 93, 388, 521, 307, 521, 855, 777, 777, 926, 936, 1299, 1121, 1159, 1159, 936, 926, 1324, 1532, 1451, 175, 308, 94, 308, 603, 522, 522, 856, 778, 778, 999, 1014, 1300, 1122, 1160, 1160, 1014, 999, 1325, 1533, 1452, 176, 309, 95, 390, 523, 309, 604, 779, 523, 779, 1000, 1015, 1301, 1123, 1161, 1161, 1015, 1000, 1326, 1534, 1453, 34, 222, 8, 222, 462, 436, 462, 667, 436, 683, 950, 667, 950, 1258, 1231, 1258, 1366, 1231, 35, 223, 9, 223, 463, 437, 463, 646, 437, 1025, 951, 969, 969, 917, 920, 1341, 1393, 1367, 1344, 1248, 1259, 1259, 1219, 1222, 1028, 1222, 1219, 712, 643, 709, 709, 917, 712, 177, 310, 96, 391, 524, 310, 524, 858, 780, 858, 1088, 780, 1088, 1535, 1454, 36, 224, 10, 224, 464, 438, 464, 668, 438, 684, 952, 668, 952, 1260, 1232, 1260, 1368, 1232, 178, 311, 97, 392, 525, 311, 525, 859, 781, 781, 927, 937, 1302, 1124, 1162, 1162, 937, 927, 1327, 1536, 1455, 37, 225, 11, 225, 465, 439, 465, 669, 439, 685, 953, 669, 953, 1261, 1233, 1261, 1369, 1233, 38, 226, 12, 226, 466, 440, 466, 670, 440, 686, 954, 670, 954, 1262, 1234, 1262, 1370, 1234, 179, 312, 98, 312, 607, 526, 526, 860, 782, 782, 1001, 1016, 1303, 1125, 1163, 1163, 1016, 1001, 1328, 1537, 1456, 180, 313, 99, 394, 527, 313, 608, 783, 527, 783, 1002, 1017, 1304, 1126, 1164, 1164, 1017, 1002, 1329, 1538, 1457, 39, 227, 13, 227, 467, 441, 467, 671, 441, 687, 955, 671, 955, 1263, 1235, 1263, 1371, 1235, 40, 228, 14, 228, 468, 442, 468, 672, 442, 688, 956, 672, 956, 1264, 1236, 1264, 1372, 1236, 181, 314, 100, 395, 528, 314, 528, 862, 784, 784, 928, 938, 1305, 1127, 1165, 1165, 938, 928, 1330, 1539, 1458, 182, 315, 101, 396, 529, 315, 610, 718, 529, 906, 785, 819, 785, 725, 819, 1287, 1540, 1459, 1280, 1089, 1147, 1147, 1046, 1053, 913, 1053, 1046, 41, 229, 15, 229, 469, 443, 469, 673, 443, 689, 957, 673, 957, 1265, 1237, 1265, 1373, 1237, 183, 316, 102, 316, 611, 530, 530, 863, 786, 786, 1200, 1090, 1090, 1541, 1460, 184, 317, 103, 398, 531, 317, 531, 864, 787, 864, 1091, 787, 1091, 1542, 1461, 185, 318, 104, 318, 613, 532, 613, 788, 532, 865, 1092, 788, 1092, 1543, 1462, 186, 319, 105, 319, 614, 533, 614, 789, 533, 866, 1093, 789, 1093, 1544, 1463, 187, 320, 106, 320, 615, 534, 534, 867, 790, 790, 1003, 1018, 1306, 1128, 1166, 1166, 1018, 1003, 1331, 1545, 1464, 188, 321, 107, 402, 535, 321, 616, 791, 535, 791, 1004, 1019, 1307, 1129, 1167, 1167, 1019, 1004, 1332, 1546, 1465, 189, 322, 108, 403, 536, 322, 536, 869, 792, 792, 929, 939, 1308, 1130, 1168, 1168, 939, 929, 1333, 1547, 1466, 190, 323, 109, 323, 618, 537, 537, 870, 793, 793, 1204, 1094, 1094, 1548, 1467, 191, 324, 110, 405, 538, 324, 538, 871, 794, 871, 1095, 794, 1095, 1549, 1468, 192, 325, 111, 325, 620, 539, 620, 795, 539, 872, 1096, 795, 1096, 1550, 1469, 193, 326, 112, 326, 621, 540, 621, 796, 540, 873, 1097, 796, 1097, 1551, 1470, 194, 327, 113, 327, 622, 541, 541, 874, 797, 797, 1005, 1020, 1309, 1131, 1169, 1169, 1020, 1005, 1334, 1552, 1471, 195, 328, 114, 409, 542, 328, 623, 798, 542, 798, 1006, 1021, 1310, 1132, 1170, 1170, 1021, 1006, 1335, 1553, 1472, 42, 230, 16, 230, 470, 444, 444, 650, 657, 958, 1266, 1238, 1266, 1374, 1238, 703, 657, 650, 703, 958, 696, 43, 231, 17, 231, 471, 445, 445, 651, 658, 959, 1267, 1239, 1267, 1375, 1239, 704, 658, 651, 704, 959, 697, 44, 232, 18, 232, 472, 446, 446, 652, 659, 960, 1268, 1240, 1268, 1376, 1240, 705, 659, 652, 705, 960, 698, 196, 329, 115, 329, 624, 543, 543, 876, 799, 799, 1208, 1098, 1098, 1554, 1473, 197, 330, 116, 411, 544, 330, 544, 877, 800, 877, 1099, 800, 1099, 1555, 1474, 198, 331, 117, 331, 626, 545, 626, 801, 545, 878, 1100, 801, 1100, 1556, 1475, 199, 332, 118, 332, 627, 546, 627, 802, 546, 879, 1101, 802, 1101, 1557, 1476, 200, 333, 119, 414, 547, 333, 628, 719, 547, 907, 803, 820, 803, 726, 820, 1288, 1558, 1477, 1281, 1102, 1148, 1148, 1047, 1054, 914, 1054, 1047, 45, 233, 19, 233, 473, 447, 447, 653, 660, 961, 1269, 1241, 1269, 1377, 1241, 706, 660, 653, 706, 961, 699, 201, 334, 120, 415, 548, 334, 629, 720, 548, 908, 804, 821, 804, 727, 821, 1289, 1559, 1478, 1282, 1103, 1149, 1149, 1048, 1055, 915, 1055, 1048, 46, 234, 20, 234, 474, 448, 474, 674, 448, 690, 962, 674, 962, 1270, 1242, 1270, 1378, 1242, 202, 335, 121, 335, 630, 549, 549, 880, 805, 805, 1212, 1104, 1104, 1560, 1479, 203, 336, 122, 417, 550, 336, 550, 881, 806, 881, 1105, 806, 1105, 1561, 1480, 204, 337, 123, 337, 632, 551, 632, 807, 551, 882, 1106, 807, 1106, 1562, 1481, 205, 338, 124, 338, 633, 552, 633, 808, 552, 883, 1107, 808, 1107, 1563, 1482, 206, 339, 125, 420, 553, 339, 553, 884, 809, 809, 930, 940, 1311, 1133, 1171, 1171, 940, 930, 1336, 1564, 1483, 207, 340, 126, 340, 635, 554, 554, 885, 810, 810, 1007, 1022, 1312, 1134, 1172, 1172, 1022, 1007, 1337, 1565, 1484, 208, 341, 127, 422, 555, 341, 636, 811, 555, 811, 1008, 1023, 1313, 1135, 1173, 1173, 1023, 1008, 1338, 1566, 1485, 209, 342, 128, 423, 556, 342, 556, 887, 812, 812, 931, 941, 1314, 1136, 1174, 1174, 941, 931, 1339, 1567, 1486, 47, 235, 21, 235, 475, 449, 475, 647, 449, 1026, 963, 970, 970, 918, 921, 1342, 1405, 1379, 1345, 1249, 1271, 1271, 1220, 1223, 1029, 1223, 1220, 713, 644, 710, 710, 918, 713, 210, 343, 129, 424, 557, 343, 638, 732, 557, 1350, 1108, 1141, 1141, 1034, 1040, 1356, 1568, 1487, 900, 738, 894, 894, 1034, 900, 211, 344, 130, 425, 558, 344, 639, 813, 558, 888, 1109, 813, 1216, 1488, 1109, 212, 345, 131, 426, 559, 345, 559, 889, 814, 889, 1110, 814, 1110, 1570, 1489, 213, 346, 132, 427, 560, 346, 641, 733, 560, 1351, 1111, 1142, 1142, 1035, 1041, 1357, 1571, 1490, 901, 739, 895, 895, 1035, 901, 48, 236, 22, 236, 476, 450, 476, 675, 450, 691, 964, 675, 964, 1272, 1243, 1272, 1380, 1243, 49, 237, 23, 237, 477, 451, 477, 676, 451, 692, 965, 676, 965, 1273, 1244, 1273, 1381, 1244, 50, 238, 24, 238, 478, 452, 452, 693, 677, 677, 992, 966, 966, 1274, 1245, 1245, 1408, 1382, 51, 239, 25, 239, 479, 453, 453, 654, 661, 967, 1275, 1246, 1275, 1383, 1246, 707, 661, 654, 707, 967, 700, 26, 240, 214, 214, 240, 454, 454, 678, 662, 678, 971, 942, 942, 971, 1250, 1250, 1384, 1358, 133, 347, 266, 347, 561, 480, 561, 721, 714, 902, 909, 740, 740, 714, 721, 1283, 1276, 1491, 1276, 1283, 1056, 1143, 1056, 1042, 909, 902, 1049, 27, 241, 215, 215, 241, 455, 455, 679, 663, 679, 972, 943, 943, 972, 1251, 1251, 1385, 1359, 134, 348, 267, 348, 562, 481, 562, 722, 715, 903, 910, 741, 741, 715, 722, 1284, 1277, 1492, 1277, 1284, 1057, 1144, 1057, 1043, 910, 903, 1050, 135, 349, 268, 349, 563, 482, 482, 563, 822, 822, 1175, 1058, 1058, 1175, 1493, 136, 350, 269, 350, 564, 483, 483, 564, 823, 743, 823, 922, 1290, 1315, 1112, 1150, 1112, 932, 1315, 1290, 1494, 137, 351, 270, 351, 565, 484, 565, 734, 728, 1346, 1352, 1059, 1137, 1059, 1030, 1352, 1346, 1495, 896, 728, 734, 890, 1036, 1030, 28, 242, 216, 216, 242, 456, 430, 456, 648, 944, 973, 1252, 1252, 1386, 1360, 701, 694, 655, 701, 973, 944, 138, 352, 271, 271, 352, 566, 485, 566, 824, 744, 824, 994, 1291, 1316, 1113, 1151, 1113, 1009, 1316, 1291, 1496, 139, 353, 272, 272, 353, 567, 486, 567, 825, 745, 825, 1176, 1060, 1176, 1497, 140, 354, 273, 354, 568, 487, 487, 568, 826, 826, 1177, 1061, 1061, 1177, 1498, 141, 355, 274, 274, 355, 569, 569, 827, 747, 827, 1178, 1062, 1062, 1178, 1499, 142, 356, 275, 275, 356, 570, 570, 828, 748, 828, 1179, 1063, 1063, 1179, 1500, 143, 357, 276, 357, 571, 490, 571, 735, 729, 1347, 1353, 1064, 1138, 1064, 1031, 1353, 1347, 1501, 897, 729, 735, 891, 1037, 1031, 144, 358, 277, 358, 572, 491, 491, 572, 829, 749, 829, 923, 1292, 1317, 1114, 1152, 1114, 933, 1317, 1292, 1502, 145, 359, 278, 278, 359, 573, 492, 573, 830, 830, 1180, 1065, 1180, 1503, 1422, 146, 360, 279, 360, 574, 493, 493, 574, 831, 831, 1181, 1066, 1066, 1181, 1504, 147, 361, 280, 280, 361, 575, 575, 832, 752, 832, 1182, 1067, 1067, 1182, 1505, 148, 362, 281, 281, 362, 576, 576, 833, 753, 833, 1183, 1068, 1068, 1183, 1506, 29, 243, 217, 217, 243, 457, 457, 642, 645, 1024, 1027, 945, 968, 945, 916, 1340, 1343, 1387, 1343, 1340, 1247, 1253, 1247, 1218, 1027, 1024, 1221, 711, 645, 642, 708, 919, 916, 30, 244, 218, 218, 244, 458, 458, 680, 664, 680, 974, 946, 946, 974, 1254, 1254, 1388, 1362, 149, 363, 282, 282, 363, 577, 577, 834, 754, 834, 1184, 1069, 1069, 1184, 1507, 150, 364, 283, 283, 364, 578, 578, 835, 755, 835, 1185, 1070, 1070, 1185, 1508, 151, 365, 284, 284, 365, 579, 498, 579, 836, 756, 836, 1186, 1071, 1186, 1509, 152, 366, 285, 366, 580, 499, 499, 580, 837, 837, 1187, 1072, 1072, 1187, 1510, 153, 367, 286, 286, 367, 581, 581, 838, 758, 838, 1188, 1073, 1073, 1188, 1511, 154, 368, 287, 287, 368, 582, 582, 839, 759, 839, 1189, 1074, 1074, 1189, 1512, 155, 369, 288, 288, 369, 583, 583, 840, 760, 840, 1190, 1075, 1075, 1190, 1513, 156, 370, 289, 289, 370, 584, 584, 841, 761, 841, 1191, 1076, 1076, 1191, 1514, 157, 371, 290, 371, 585, 504, 504, 585, 842, 762, 842, 924, 1293, 1318, 1115, 1153, 1115, 934, 1318, 1293, 1515, 158, 372, 291, 372, 586, 505, 586, 723, 716, 904, 911, 763, 763, 716, 723, 1285, 1278, 1516, 1278, 1285, 1077, 1145, 1077, 1044, 911, 904, 1051, 159, 373, 292, 373, 587, 506, 587, 843, 764, 843, 1192, 1078, 1192, 1517, 1436, 160, 374, 293, 293, 374, 588, 588, 844, 765, 844, 1193, 1079, 1079, 1193, 1518, 161, 375, 294, 294, 375, 589, 589, 845, 766, 845, 1194, 1080, 1080, 1194, 1519, 162, 376, 295, 376, 590, 509, 509, 590, 846, 846, 1195, 1081, 1195, 1520, 1439, 163, 377, 296, 377, 591, 510, 510, 591, 847, 847, 1196, 1082, 1082, 1196, 1521, 164, 378, 297, 297, 378, 592, 592, 848, 769, 848, 1197, 1083, 1083, 1197, 1522, 165, 379, 298, 298, 379, 593, 593, 849, 770, 849, 1198, 1084, 1084, 1198, 1523, 166, 380, 299, 380, 594, 513, 594, 724, 717, 905, 912, 771, 771, 717, 724, 1286, 1279, 1524, 1279, 1286, 1085, 1146, 1085, 1045, 912, 905, 1052, 31, 245, 219, 219, 245, 459, 433, 459, 649, 947, 975, 1255, 1255, 1389, 1363, 702, 695, 656, 702, 975, 947, 32, 246, 220, 220, 246, 460, 460, 681, 665, 681, 976, 948, 948, 976, 1256, 1256, 1390, 1364, 33, 247, 221, 247, 461, 435, 461, 682, 666, 682, 977, 949, 977, 1257, 1230, 1257, 1391, 1365, 167, 381, 300, 300, 381, 595, 514, 595, 850, 772, 850, 995, 1294, 1319, 1116, 1154, 1116, 1010, 1319, 1294, 1525, 168, 382, 301, 382, 596, 515, 596, 851, 773, 773, 851, 996, 1295, 1320, 1117, 1155, 1117, 1011, 1320, 1295, 1526, 169, 383, 302, 383, 597, 516, 597, 736, 730, 1348, 1354, 1086, 1139, 1086, 1032, 1354, 1348, 1527, 898, 730, 736, 892, 1038, 1032, 170, 384, 303, 303, 384, 598, 517, 598, 852, 774, 852, 997, 1296, 1321, 1118, 1156, 1118, 1012, 1321, 1296, 1528, 171, 385, 304, 385, 599, 518, 599, 853, 775, 775, 853, 998, 1297, 1322, 1119, 1157, 1119, 1013, 1322, 1297, 1529, 172, 386, 305, 386, 600, 519, 519, 600, 854, 776, 854, 925, 1298, 1323, 1120, 1158, 1120, 935, 1323, 1298, 1530, 173, 387, 306, 387, 601, 520, 601, 737, 731, 1349, 1355, 1087, 1140, 1087, 1033, 1355, 1349, 1531, 899, 731, 737, 893, 1039, 1033, 174, 388, 307, 388, 602, 521, 521, 602, 855, 777, 855, 926, 1299, 1324, 1121, 1159, 1121, 936, 1324, 1299, 1532, 175, 389, 308, 308, 389, 603, 522, 603, 856, 778, 856, 999, 1300, 1325, 1122, 1160, 1122, 1014, 1325, 1300, 1533, 176, 390, 309, 390, 604, 523, 604, 857, 779, 779, 857, 1000, 1301, 1326, 1123, 1161, 1123, 1015, 1326, 1301, 1534, 34, 248, 222, 222, 248, 462, 462, 683, 667, 683, 978, 950, 950, 978, 1258, 1258, 1392, 1366, 35, 249, 223, 223, 249, 463, 463, 643, 646, 1025, 1028, 951, 969, 951, 917, 1341, 1344, 1393, 1344, 1341, 1248, 1259, 1248, 1219, 1028, 1025, 1222, 712, 646, 643, 709, 920, 917, 177, 391, 310, 391, 605, 524, 524, 605, 858, 858, 1199, 1088, 1088, 1199, 1535, 36, 250, 224, 224, 250, 464, 464, 684, 668, 684, 979, 952, 952, 979, 1260, 1260, 1394, 1368, 178, 392, 311, 392, 606, 525, 525, 606, 859, 781, 859, 927, 1302, 1327, 1124, 1162, 1124, 937, 1327, 1302, 1536, 37, 251, 225, 225, 251, 465, 465, 685, 669, 685, 980, 953, 953, 980, 1261, 1261, 1395, 1369, 38, 252, 226, 226, 252, 466, 466, 686, 670, 686, 981, 954, 954, 981, 1262, 1262, 1396, 1370, 179, 393, 312, 312, 393, 607, 526, 607, 860, 782, 860, 1001, 1303, 1328, 1125, 1163, 1125, 1016, 1328, 1303, 1537, 180, 394, 313, 394, 608, 527, 608, 861, 783, 783, 861, 1002, 1304, 1329, 1126, 1164, 1126, 1017, 1329, 1304, 1538, 39, 253, 227, 227, 253, 467, 467, 687, 671, 687, 982, 955, 955, 982, 1263, 1263, 1397, 1371, 40, 254, 228, 228, 254, 468, 468, 688, 672, 688, 983, 956, 956, 983, 1264, 1264, 1398, 1372, 181, 395, 314, 395, 609, 528, 528, 609, 862, 784, 862, 928, 1305, 1330, 1127, 1165, 1127, 938, 1330, 1305, 1539, 182, 396, 315, 396, 610, 529, 610, 725, 718, 906, 913, 785, 785, 718, 725, 1287, 1280, 1540, 1280, 1287, 1089, 1147, 1089, 1046, 913, 906, 1053, 41, 255, 229, 229, 255, 469, 469, 689, 673, 689, 984, 957, 957, 984, 1265, 1265, 1399, 1373, 183, 397, 316, 316, 397, 611, 530, 611, 863, 786, 863, 1200, 1090, 1200, 1541, 184, 398, 317, 398, 612, 531, 531, 612, 864, 864, 1201, 1091, 1091, 1201, 1542, 185, 399, 318, 318, 399, 613, 613, 865, 788, 865, 1202, 1092, 1092, 1202, 1543, 186, 400, 319, 319, 400, 614, 614, 866, 789, 866, 1203, 1093, 1093, 1203, 1544, 187, 401, 320, 320, 401, 615, 534, 615, 867, 790, 867, 1003, 1306, 1331, 1128, 1166, 1128, 1018, 1331, 1306, 1545, 188, 402, 321, 402, 616, 535, 616, 868, 791, 791, 868, 1004, 1307, 1332, 1129, 1167, 1129, 1019, 1332, 1307, 1546, 189, 403, 322, 403, 617, 536, 536, 617, 869, 792, 869, 929, 1308, 1333, 1130, 1168, 1130, 939, 1333, 1308, 1547, 190, 404, 323, 323, 404, 618, 537, 618, 870, 793, 870, 1204, 1094, 1204, 1548, 191, 405, 324, 405, 619, 538, 538, 619, 871, 871, 1205, 1095, 1095, 1205, 1549, 192, 406, 325, 325, 406, 620, 620, 872, 795, 872, 1206, 1096, 1096, 1206, 1550, 193, 407, 326, 326, 407, 621, 621, 873, 796, 873, 1207, 1097, 1097, 1207, 1551, 194, 408, 327, 327, 408, 622, 541, 622, 874, 797, 874, 1005, 1309, 1334, 1131, 1169, 1131, 1020, 1334, 1309, 1552, 195, 409, 328, 409, 623, 542, 623, 875, 798, 798, 875, 1006, 1310, 1335, 1132, 1170, 1132, 1021, 1335, 1310, 1553, 42, 256, 230, 230, 256, 470, 444, 470, 650, 958, 985, 1266, 1266, 1400, 1374, 703, 696, 657, 703, 985, 958, 43, 257, 231, 231, 257, 471, 445, 471, 651, 959, 986, 1267, 1267, 1401, 1375, 704, 697, 658, 704, 986, 959, 44, 258, 232, 232, 258, 472, 446, 472, 652, 960, 987, 1268, 1268, 1402, 1376, 705, 698, 659, 705, 987, 960, 196, 410, 329, 329, 410, 624, 543, 624, 876, 799, 876, 1208, 1098, 1208, 1554, 197, 411, 330, 411, 625, 544, 544, 625, 877, 877, 1209, 1099, 1099, 1209, 1555, 198, 412, 331, 331, 412, 626, 626, 878, 801, 878, 1210, 1100, 1100, 1210, 1556, 199, 413, 332, 332, 413, 627, 627, 879, 802, 879, 1211, 1101, 1101, 1211, 1557, 200, 414, 333, 414, 628, 547, 628, 726, 719, 907, 914, 803, 803, 719, 726, 1288, 1281, 1558, 1281, 1288, 1102, 1148, 1102, 1047, 914, 907, 1054, 45, 259, 233, 233, 259, 473, 447, 473, 653, 961, 988, 1269, 1269, 1403, 1377, 706, 699, 660, 706, 988, 961, 201, 415, 334, 415, 629, 548, 629, 727, 720, 908, 915, 804, 804, 720, 727, 1289, 1282, 1559, 1282, 1289, 1103, 1149, 1103, 1048, 915, 908, 1055, 46, 260, 234, 234, 260, 474, 474, 690, 674, 690, 989, 962, 962, 989, 1270, 1270, 1404, 1378, 202, 416, 335, 335, 416, 630, 549, 630, 880, 805, 880, 1212, 1104, 1212, 1560, 203, 417, 336, 417, 631, 550, 550, 631, 881, 881, 1213, 1105, 1105, 1213, 1561, 204, 418, 337, 337, 418, 632, 632, 882, 807, 882, 1214, 1106, 1106, 1214, 1562, 205, 419, 338, 338, 419, 633, 633, 883, 808, 883, 1215, 1107, 1107, 1215, 1563, 206, 420, 339, 420, 634, 553, 553, 634, 884, 809, 884, 930, 1311, 1336, 1133, 1171, 1133, 940, 1336, 1311, 1564, 207, 421, 340, 340, 421, 635, 554, 635, 885, 810, 885, 1007, 1312, 1337, 1134, 1172, 1134, 1022, 1337, 1312, 1565, 208, 422, 341, 422, 636, 555, 636, 886, 811, 811, 886, 1008, 1313, 1338, 1135, 1173, 1135, 1023, 1338, 1313, 1566, 209, 423, 342, 423, 637, 556, 556, 637, 887, 812, 887, 931, 1314, 1339, 1136, 1174, 1136, 941, 1339, 1314, 1567, 47, 261, 235, 235, 261, 475, 475, 644, 647, 1026, 1029, 963, 970, 963, 918, 1342, 1345, 1405, 1345, 1342, 1249, 1271, 1249, 1220, 1029, 1026, 1223, 713, 647, 644, 710, 921, 918, 210, 424, 343, 424, 638, 557, 638, 738, 732, 1350, 1356, 1108, 1141, 1108, 1034, 1356, 1350, 1568, 900, 732, 738, 894, 1040, 1034, 211, 425, 344, 425, 639, 558, 639, 888, 813, 888, 1216, 1109, 1216, 1569, 1488, 212, 426, 345, 426, 640, 559, 559, 640, 889, 889, 1217, 1110, 1110, 1217, 1570, 213, 427, 346, 427, 641, 560, 641, 739, 733, 1351, 1357, 1111, 1142, 1111, 1035, 1357, 1351, 1571, 901, 733, 739, 895, 1041, 1035, 48, 262, 236, 236, 262, 476, 476, 691, 675, 691, 990, 964, 964, 990, 1272, 1272, 1406, 1380, 49, 263, 237, 237, 263, 477, 477, 692, 676, 692, 991, 965, 965, 991, 1273, 1273, 1407, 1381, 50, 264, 238, 238, 264, 478, 452, 478, 693, 677, 693, 992, 966, 992, 1274, 1245, 1274, 1408, 51, 265, 239, 239, 265, 479, 453, 479, 654, 967, 993, 1275, 1275, 1409, 1383, 707, 700, 661, 707, 993, 967]
                    uniform token subdivisionScheme = "none"
                }
            }
        }
    }
}

