#usda 1.0
(
    customLayerData = {
        dictionary renderSettings = {
        }
    }
    defaultPrim = "ReferenceTarget"
    metersPerUnit = 1
    upAxis = "Z"
)

def Xform "ReferenceTarget" (
    kind = "group"
)
{
    float3 xformOp:rotateXYZ = (0, 0, 0)
    float3 xformOp:scale = (1, 1, 1)
    double3 xformOp:translate = (0, 0, 0)
    uniform token[] xformOpOrder = ["xformOp:translate", "xformOp:rotateXYZ", "xformOp:scale"]

    def Xform "XForms" (
        kind = "group"
    )
    {
        float3 xformOp:rotateXYZ = (0, 0, 0)
        float3 xformOp:scale = (0.1, 0.1, 0.1)
        double3 xformOp:translate = (0, 0, 0)
        uniform token[] xformOpOrder = ["xformOp:translate", "xformOp:rotateXYZ", "xformOp:scale"]

        def Xform "World" (
            kind = "component"
        )
        {
            float3 xformOp:rotateXYZ = (0, 0, 0)
            float3 xformOp:scale = (1, 1, 1)
            double3 xformOp:translate = (0, 0, 0)
            uniform token[] xformOpOrder = ["xformOp:translate", "xformOp:rotateXYZ", "xformOp:scale"]

            def Scope "Looks" (references = @materials.usda@</Looks>)
            {
            }

            def Xform "plant_20b_dry"
            {
                float3 xformOp:rotateXYZ = (0, 0, 0)
                float3 xformOp:scale = (1, 1, 1)
                double3 xformOp:translate = (0, 0, 0)
                uniform token[] xformOpOrder = ["xformOp:translate", "xformOp:rotateXYZ", "xformOp:scale"]

                def Mesh "B__zierCurve_006" (
                    prepend apiSchemas = ["MaterialBindingAPI"]
                )
                {
                    float3[] extent = [(-0.28686243, -0.25800896, 5.5933263e-8), (0.30865538, 0.34100327, 1.1913953)]
                    int[] faceVertexCounts = [3, 3, 3, 3, 3, 3, 3, 3, 3, 3, 3, 3, 3, 3, 3, 3, 3, 3, 3, 3, 3, 3, 3, 3, 3, 3, 3, 3, 3, 3, 3, 3, 3, 3, 3, 3, 3, 3, 3, 3, 3, 3, 3, 3, 3, 3, 3, 3, 3, 3, 3, 3, 3, 3, 3, 3, 3, 3, 3, 3, 3, 3, 3, 3, 3, 3, 3, 3, 3, 3, 3, 3, 3, 3, 3, 3, 3, 3, 3, 3, 3, 3, 3, 3, 3, 3, 3, 3, 3, 3, 3, 3, 3, 3, 3, 3, 3, 3, 3, 3, 3, 3, 3, 3, 3, 3, 3, 3, 3, 3, 3, 3, 3, 3, 3, 3, 3, 3, 3, 3, 3, 3, 3, 3, 3, 3, 3, 3, 3, 3, 3, 3, 3, 3, 3, 3, 3, 3, 3, 3, 3, 3, 3, 3, 3, 3, 3, 3, 3, 3, 3, 3, 3, 3, 3, 3, 3, 3, 3, 3, 3, 3, 3, 3, 3, 3, 3, 3, 3, 3, 3, 3, 3, 3, 3, 3, 3, 3, 3, 3, 3, 3, 3, 3, 3, 3, 3, 3, 3, 3, 3, 3, 3, 3, 3, 3, 3, 3, 3, 3, 3, 3, 3, 3, 3, 3, 3, 3, 3, 3, 3, 3, 3, 3, 3, 3, 3, 3, 3, 3, 3, 3, 3, 3, 3, 3, 3, 3, 3, 3, 3, 3, 3, 3, 3, 3, 3, 3, 3, 3, 3, 3, 3, 3, 3, 3, 3, 3, 3, 3, 3, 3, 3, 3, 3, 3, 3, 3, 3, 3, 3, 3, 3, 3, 3, 3, 3, 3, 3, 3, 3, 3, 3, 3, 3, 3, 3, 3, 3, 3, 3, 3, 3, 3, 3, 3, 3, 3, 3, 3, 3, 3, 3, 3, 3, 3, 3, 3, 3, 3, 3, 3, 3, 3, 3, 3, 3, 3, 3, 3, 3, 3, 3, 3, 3, 3, 3, 3, 3, 3, 3, 3, 3, 3, 3, 3, 3, 3, 3, 3, 3, 3, 3, 3, 3, 3, 3, 3, 3, 3, 3, 3, 3, 3, 3, 3, 3, 3, 3, 3, 3, 3, 3, 3, 3, 3, 3, 3, 3, 3, 3, 3, 3, 3, 3, 3, 3, 3, 3, 3, 3, 3, 3, 3, 3, 3, 3, 3, 3, 3, 3, 3, 3, 3, 3, 3, 3, 3, 3, 3, 3, 3, 3, 3, 3, 3, 3, 3, 3, 3, 3, 3, 3, 3, 3, 3, 3, 3, 3, 3, 3, 3, 3, 3, 3, 3, 3, 3, 3, 3, 3, 3, 3, 3, 3, 3, 3, 3, 3, 3, 3, 3, 3, 3, 3, 3, 3, 3, 3, 3, 3, 3, 3, 3, 3, 3, 3, 3, 3, 3, 3, 3, 3, 3, 3, 3, 3, 3, 3, 3, 3, 3, 3, 3, 3, 3, 3, 3, 3, 3, 3, 3, 3, 3, 3, 3, 3, 3, 3, 3, 3, 3, 3, 3, 3, 3, 3, 3, 3, 3, 3, 3, 3, 3, 3, 3, 3, 3, 3, 3, 3, 3, 3, 3, 3, 3, 3, 3, 3, 3, 3, 3, 3, 3, 3, 3, 3, 3, 3, 3, 3, 3, 3, 3, 3, 3, 3, 3, 3, 3, 3, 3, 3, 3, 3, 3, 3, 3, 3, 3, 3, 3, 3, 3, 3, 3, 3, 3, 3, 3, 3, 3, 3, 3, 3, 3, 3, 3, 3, 3, 3, 3, 3, 3, 3, 3, 3, 3, 3, 3, 3, 3, 3, 3, 3, 3, 3, 3, 3, 3, 3, 3, 3, 3, 3, 3, 3, 3, 3, 3, 3, 3, 3, 3, 3, 3, 3, 3, 3, 3, 3, 3, 3, 3, 3, 3, 3, 3, 3, 3, 3, 3, 3, 3, 3, 3, 3, 3, 3, 3, 3, 3, 3, 3, 3, 3, 3, 3, 3, 3, 3, 3, 3, 3, 3, 3, 3, 3, 3, 3, 3, 3, 3, 3, 3, 3, 3, 3, 3, 3, 3, 3, 3, 3, 3, 3, 3, 3, 3, 3, 3, 3, 3, 3, 3, 3, 3, 3, 3, 3, 3, 3, 3, 3, 3, 3, 3, 3, 3, 3, 3, 3, 3, 3, 3, 3, 3, 3, 3, 3, 3, 3, 3, 3, 3, 3, 3, 3, 3, 3, 3, 3, 3, 3, 3, 3, 3, 3, 3, 3, 3, 3, 3, 3, 3, 3, 3, 3, 3, 3, 3, 3, 3, 3, 3, 3, 3, 3, 3, 3, 3, 3, 3, 3, 3, 3, 3, 3, 3, 3, 3, 3, 3, 3, 3, 3, 3, 3, 3, 3, 3, 3, 3, 3, 3, 3, 3, 3, 3, 3, 3, 3, 3, 3, 3, 3, 3, 3, 3, 3, 3, 3, 3, 3, 3, 3, 3, 3, 3, 3, 3, 3, 3, 3, 3, 3, 3, 3, 3, 3, 3, 3, 3, 3, 3, 3, 3, 3, 3, 3, 3, 3, 3, 3, 3, 3, 3, 3, 3, 3, 3, 3, 3, 3, 3, 3, 3, 3, 3, 3, 3, 3, 3, 3, 3, 3, 3, 3, 3, 3, 3, 3, 3, 3, 3, 3, 3, 3, 3, 3, 3, 3, 3, 3, 3, 3, 3, 3, 3, 3, 3, 3, 3, 3, 3, 3, 3, 3, 3, 3, 3, 3, 3, 3, 3, 3, 3, 3, 3, 3, 3, 3, 3, 3, 3, 3, 3, 3, 3, 3, 3, 3, 3, 3, 3, 3, 3, 3, 3, 3, 3, 3, 3, 3, 3, 3, 3, 3, 3, 3, 3, 3, 3, 3, 3, 3, 3, 3, 3, 3, 3, 3, 3, 3, 3, 3, 3, 3, 3, 3, 3, 3, 3, 3, 3, 3, 3, 3, 3, 3, 3, 3, 3, 3, 3, 3, 3, 3, 3, 3, 3, 3, 3, 3, 3, 3, 3, 3, 3, 3, 3, 3, 3, 3, 3, 3, 3, 3, 3, 3, 3, 3, 3, 3, 3, 3, 3, 3, 3, 3, 3, 3, 3, 3, 3, 3, 3, 3, 3, 3, 3, 3, 3, 3, 3, 3, 3, 3, 3, 3, 3, 3, 3, 3, 3, 3, 3, 3, 3, 3, 3, 3, 3, 3, 3, 3, 3, 3, 3, 3, 3, 3, 3, 3, 3, 3, 3, 3, 3, 3, 3, 3, 3, 3, 3, 3, 3, 3, 3, 3, 3, 3, 3, 3, 3, 3, 3, 3, 3, 3, 3, 3, 3, 3, 3, 3, 3, 3, 3, 3, 3, 3, 3, 3, 3, 3, 3, 3, 3, 3, 3, 3, 3, 3, 3, 3, 3, 3, 3, 3, 3, 3, 3, 3, 3, 3, 3, 3, 3, 3, 3, 3, 3, 3, 3, 3, 3, 3, 3, 3, 3, 3, 3, 3, 3, 3, 3, 3, 3, 3, 3, 3, 3, 3, 3, 3, 3, 3, 3, 3, 3, 3, 3, 3, 3, 3, 3, 3, 3, 3, 3, 3, 3, 3, 3, 3, 3, 3, 3, 3, 3, 3, 3, 3, 3, 3, 3, 3, 3, 3, 3, 3, 3, 3, 3, 3, 3, 3, 3, 3, 3, 3, 3, 3, 3, 3, 3, 3, 3, 3, 3, 3, 3, 3, 3, 3, 3, 3, 3, 3, 3, 3, 3, 3, 3, 3, 3, 3, 3, 3, 3, 3, 3, 3, 3, 3, 3, 3, 3, 3, 3, 3, 3, 3, 3, 3, 3, 3, 3, 3, 3, 3, 3, 3, 3, 3, 3, 3, 3, 3, 3, 3, 3, 3, 3, 3, 3, 3, 3, 3, 3, 3, 3, 3, 3, 3, 3, 3, 3, 3, 3, 3, 3, 3, 3, 3, 3, 3, 3, 3, 3, 3, 3, 3, 3, 3, 3, 3, 3, 3, 3, 3, 3, 3, 3, 3, 3, 3, 3, 3, 3, 3, 3, 3, 3, 3, 3, 3, 3, 3, 3, 3, 3, 3, 3, 3, 3, 3, 3, 3, 3, 3, 3, 3, 3, 3, 3, 3, 3, 3, 3, 3, 3, 3, 3, 3, 3, 3, 3, 3, 3, 3, 3, 3, 3, 3, 3, 3, 3, 3, 3, 3, 3, 3, 3, 3, 3, 3, 3, 3, 3, 3, 3, 3, 3, 3, 3, 3, 3, 3, 3, 3, 3, 3, 3, 3, 3, 3, 3, 3, 3, 3, 3, 3, 3, 3, 3, 3, 3, 3, 3, 3, 3, 3, 3, 3, 3, 3, 3, 3, 3, 3, 3, 3, 3, 3, 3, 3, 3, 3, 3, 3, 3, 3, 3, 3, 3, 3, 3, 3, 3, 3, 3, 3, 3, 3, 3, 3, 3, 3, 3, 3, 3, 3, 3, 3, 3, 3, 3, 3, 3, 3, 3, 3, 3, 3, 3, 3, 3, 3, 3, 3, 3, 3, 3, 3, 3, 3, 3, 3, 3, 3, 3, 3, 3, 3, 3, 3, 3, 3, 3, 3, 3, 3, 3, 3, 3, 3, 3, 3, 3, 3, 3, 3, 3, 3, 3, 3, 3, 3, 3, 3, 3, 3, 3, 3, 3, 3, 3, 3, 3, 3, 3, 3, 3, 3, 3, 3, 3, 3, 3, 3, 3, 3, 3, 3, 3, 3, 3, 3, 3, 3, 3, 3, 3, 3, 3, 3, 3, 3, 3, 3, 3, 3, 3, 3, 3, 3, 3, 3, 3, 3, 3, 3]
                    int[] faceVertexIndices = [6, 5, 0, 7, 0, 1, 8, 1, 2, 3, 8, 2, 4, 9, 3, 5, 10, 4, 12, 11, 6, 13, 6, 7, 8, 13, 7, 9, 14, 8, 10, 15, 9, 17, 10, 11, 18, 17, 12, 13, 18, 12, 14, 19, 13, 15, 20, 14, 22, 15, 16, 23, 16, 17, 24, 23, 18, 25, 18, 19, 20, 25, 19, 21, 26, 20, 22, 27, 21, 29, 22, 23, 41, 30, 31, 32, 31, 30, 34, 33, 32, 34, 37, 35, 36, 39, 37, 38, 41, 39, 34, 32, 30, 0, 41, 31, 1, 31, 33, 35, 1, 33, 37, 2, 35, 39, 3, 37, 41, 4, 39, 42, 45, 44, 44, 47, 46, 47, 48, 46, 48, 51, 50, 51, 52, 53, 50, 54, 48, 55, 56, 59, 53, 57, 51, 51, 56, 50, 59, 60, 63, 58, 61, 57, 57, 60, 56, 60, 67, 63, 61, 66, 65, 61, 64, 60, 72, 71, 73, 75, 70, 69, 72, 69, 68, 64, 75, 72, 65, 74, 75, 64, 73, 67, 76, 79, 78, 78, 81, 80, 81, 82, 80, 82, 85, 84, 85, 86, 87, 84, 88, 82, 89, 90, 93, 87, 91, 85, 85, 90, 84, 93, 94, 97, 92, 95, 91, 91, 94, 90, 94, 101, 97, 95, 100, 99, 95, 98, 94, 106, 105, 107, 109, 104, 103, 106, 103, 102, 98, 109, 106, 99, 108, 109, 98, 107, 101, 110, 113, 112, 112, 115, 114, 115, 116, 114, 116, 119, 118, 119, 120, 121, 118, 122, 116, 123, 124, 127, 121, 125, 119, 119, 124, 118, 127, 128, 131, 126, 129, 125, 125, 128, 124, 128, 135, 131, 129, 134, 133, 129, 132, 128, 140, 139, 141, 143, 138, 137, 140, 137, 136, 132, 143, 140, 133, 142, 143, 132, 141, 135, 144, 147, 146, 146, 149, 148, 149, 150, 148, 150, 153, 152, 153, 154, 155, 152, 156, 150, 157, 158, 161, 155, 159, 153, 153, 158, 152, 161, 162, 165, 160, 163, 159, 159, 162, 158, 162, 169, 165, 163, 168, 167, 163, 166, 162, 174, 173, 175, 177, 172, 171, 174, 171, 170, 166, 177, 174, 167, 176, 177, 166, 175, 169, 178, 181, 180, 180, 183, 182, 183, 184, 182, 184, 187, 186, 187, 188, 189, 186, 190, 184, 191, 192, 195, 189, 193, 187, 187, 192, 186, 195, 196, 199, 194, 197, 193, 193, 196, 192, 196, 203, 199, 197, 202, 201, 197, 200, 196, 208, 207, 209, 211, 206, 205, 208, 205, 204, 200, 211, 208, 201, 210, 211, 200, 209, 203, 212, 215, 214, 214, 217, 216, 217, 218, 216, 218, 221, 220, 221, 222, 223, 220, 224, 218, 225, 226, 229, 223, 227, 221, 221, 226, 220, 229, 230, 233, 228, 231, 227, 227, 230, 226, 230, 237, 233, 231, 236, 235, 231, 234, 230, 242, 241, 243, 245, 240, 239, 242, 239, 238, 234, 245, 242, 235, 244, 245, 234, 243, 237, 246, 249, 248, 248, 251, 250, 251, 252, 250, 252, 255, 254, 255, 256, 257, 254, 258, 252, 259, 260, 263, 257, 261, 255, 255, 260, 254, 263, 264, 267, 262, 265, 261, 261, 264, 260, 264, 271, 267, 265, 270, 269, 265, 268, 264, 276, 275, 277, 279, 274, 273, 276, 273, 272, 268, 279, 276, 269, 278, 279, 268, 277, 271, 280, 283, 282, 282, 285, 284, 285, 286, 284, 286, 289, 288, 289, 290, 291, 288, 292, 286, 293, 294, 297, 291, 295, 289, 289, 294, 288, 297, 298, 301, 296, 299, 295, 295, 298, 294, 298, 305, 301, 299, 304, 303, 299, 302, 298, 310, 309, 311, 313, 308, 307, 310, 307, 306, 302, 313, 310, 303, 312, 313, 302, 311, 305, 314, 317, 316, 316, 319, 318, 319, 320, 318, 320, 323, 322, 323, 324, 325, 322, 326, 320, 327, 328, 331, 325, 329, 323, 323, 328, 322, 331, 332, 335, 330, 333, 329, 329, 332, 328, 332, 339, 335, 333, 338, 337, 333, 336, 332, 344, 343, 345, 347, 342, 341, 344, 341, 340, 336, 347, 344, 337, 346, 347, 336, 345, 339, 348, 351, 350, 350, 353, 352, 353, 354, 352, 354, 357, 356, 357, 358, 359, 356, 360, 354, 361, 362, 365, 359, 363, 357, 357, 362, 356, 365, 366, 369, 364, 367, 363, 363, 366, 362, 366, 373, 369, 367, 372, 371, 367, 370, 366, 378, 377, 379, 381, 376, 375, 378, 375, 374, 370, 381, 378, 371, 380, 381, 370, 379, 373, 382, 385, 384, 384, 387, 386, 387, 388, 386, 388, 391, 390, 391, 392, 393, 390, 394, 388, 395, 396, 399, 393, 397, 391, 391, 396, 390, 399, 400, 403, 398, 401, 397, 397, 400, 396, 400, 407, 403, 401, 406, 405, 401, 404, 400, 412, 411, 413, 415, 410, 409, 412, 409, 408, 404, 415, 412, 405, 414, 415, 404, 413, 407, 416, 419, 418, 418, 421, 420, 421, 422, 420, 422, 425, 424, 425, 426, 427, 424, 428, 422, 429, 430, 433, 427, 431, 425, 425, 430, 424, 433, 434, 437, 432, 435, 431, 431, 434, 430, 434, 441, 437, 435, 440, 439, 435, 438, 434, 446, 445, 447, 449, 444, 443, 446, 443, 442, 438, 449, 446, 439, 448, 449, 438, 447, 441, 450, 453, 452, 452, 455, 454, 455, 456, 454, 456, 459, 458, 459, 460, 461, 458, 462, 456, 463, 464, 467, 461, 465, 459, 459, 464, 458, 467, 468, 471, 466, 469, 465, 465, 468, 464, 468, 475, 471, 469, 474, 473, 469, 472, 468, 480, 479, 481, 483, 478, 477, 480, 477, 476, 472, 483, 480, 473, 482, 483, 472, 481, 475, 484, 487, 486, 486, 489, 488, 489, 490, 488, 490, 493, 492, 493, 494, 495, 492, 496, 490, 497, 498, 501, 495, 499, 493, 493, 498, 492, 501, 502, 505, 500, 503, 499, 499, 502, 498, 502, 509, 505, 503, 508, 507, 503, 506, 502, 514, 513, 515, 517, 512, 511, 514, 511, 510, 506, 517, 514, 507, 516, 517, 506, 515, 509, 518, 521, 520, 520, 523, 522, 523, 524, 522, 524, 527, 526, 527, 528, 529, 526, 530, 524, 531, 532, 535, 529, 533, 527, 527, 532, 526, 535, 536, 539, 534, 537, 533, 533, 536, 532, 536, 543, 539, 537, 542, 541, 537, 540, 536, 548, 547, 549, 551, 546, 545, 548, 545, 544, 540, 551, 548, 541, 550, 551, 540, 549, 543, 552, 555, 554, 554, 557, 556, 557, 558, 556, 558, 561, 560, 561, 562, 563, 560, 564, 558, 565, 566, 569, 563, 567, 561, 561, 566, 560, 569, 570, 573, 568, 571, 567, 567, 570, 566, 570, 577, 573, 571, 576, 575, 571, 574, 570, 582, 581, 583, 585, 580, 579, 582, 579, 578, 574, 585, 582, 575, 584, 585, 574, 583, 577, 586, 589, 588, 588, 591, 590, 591, 592, 590, 592, 595, 594, 595, 596, 597, 594, 598, 592, 599, 600, 603, 597, 601, 595, 595, 600, 594, 603, 604, 607, 602, 605, 601, 601, 604, 600, 604, 611, 607, 605, 610, 609, 605, 608, 604, 616, 615, 617, 619, 614, 613, 616, 613, 612, 608, 619, 616, 609, 618, 619, 608, 617, 611, 620, 623, 622, 622, 625, 624, 625, 626, 624, 626, 629, 628, 629, 630, 631, 628, 632, 626, 633, 634, 637, 631, 635, 629, 629, 634, 628, 637, 638, 641, 636, 639, 635, 635, 638, 634, 638, 645, 641, 639, 644, 643, 639, 642, 638, 650, 649, 651, 653, 648, 647, 650, 647, 646, 642, 653, 650, 643, 652, 653, 642, 651, 645, 654, 657, 656, 656, 659, 658, 659, 660, 658, 660, 663, 662, 663, 664, 665, 662, 666, 660, 667, 668, 671, 665, 669, 663, 663, 668, 662, 671, 672, 675, 670, 673, 669, 669, 672, 668, 672, 679, 675, 673, 678, 677, 673, 676, 672, 684, 683, 685, 687, 682, 681, 684, 681, 680, 676, 687, 684, 677, 686, 687, 676, 685, 679, 688, 691, 690, 690, 693, 692, 693, 694, 692, 694, 697, 696, 697, 698, 699, 696, 700, 694, 701, 702, 705, 699, 703, 697, 697, 702, 696, 705, 706, 709, 704, 707, 703, 703, 706, 702, 706, 713, 709, 707, 712, 711, 707, 710, 706, 718, 717, 719, 721, 716, 715, 718, 715, 714, 710, 721, 718, 711, 720, 721, 710, 719, 713, 722, 725, 724, 724, 727, 726, 727, 728, 726, 728, 731, 730, 731, 732, 733, 730, 734, 728, 735, 736, 739, 733, 737, 731, 731, 736, 730, 739, 740, 743, 738, 741, 737, 737, 740, 736, 740, 747, 743, 741, 746, 745, 741, 744, 740, 752, 751, 753, 755, 750, 749, 752, 749, 748, 744, 755, 752, 745, 754, 755, 744, 753, 747, 756, 759, 758, 758, 761, 760, 761, 762, 760, 762, 765, 764, 765, 766, 767, 764, 768, 762, 769, 770, 773, 767, 771, 765, 765, 770, 764, 773, 774, 777, 772, 775, 771, 771, 774, 770, 774, 781, 777, 775, 780, 779, 775, 778, 774, 786, 785, 787, 789, 784, 783, 786, 783, 782, 778, 789, 786, 779, 788, 789, 778, 787, 781, 790, 793, 792, 792, 795, 794, 795, 796, 794, 796, 799, 798, 799, 800, 801, 798, 802, 796, 803, 804, 807, 801, 805, 799, 799, 804, 798, 807, 808, 811, 806, 809, 805, 805, 808, 804, 808, 815, 811, 809, 814, 813, 809, 812, 808, 820, 819, 821, 823, 818, 817, 820, 817, 816, 812, 823, 820, 813, 822, 823, 812, 821, 815, 824, 827, 826, 826, 829, 828, 829, 830, 828, 830, 833, 832, 833, 834, 835, 832, 836, 830, 837, 838, 841, 835, 839, 833, 833, 838, 832, 841, 842, 845, 840, 843, 839, 839, 842, 838, 842, 849, 845, 843, 848, 847, 843, 846, 842, 854, 853, 855, 857, 852, 851, 854, 851, 850, 846, 857, 854, 847, 856, 857, 846, 855, 849, 858, 861, 860, 860, 863, 862, 863, 864, 862, 864, 867, 866, 867, 868, 869, 866, 870, 864, 871, 872, 875, 869, 873, 867, 867, 872, 866, 875, 876, 879, 874, 877, 873, 873, 876, 872, 876, 883, 879, 877, 882, 881, 877, 880, 876, 888, 887, 889, 891, 886, 885, 888, 885, 884, 880, 891, 888, 881, 890, 891, 880, 889, 883, 892, 895, 894, 894, 897, 896, 897, 898, 896, 898, 901, 900, 901, 902, 903, 900, 904, 898, 905, 906, 909, 903, 907, 901, 901, 906, 900, 909, 910, 913, 908, 911, 907, 907, 910, 906, 910, 917, 913, 911, 916, 915, 911, 914, 910, 922, 921, 923, 925, 920, 919, 922, 919, 918, 914, 925, 922, 915, 924, 925, 914, 923, 917, 926, 929, 928, 928, 931, 930, 931, 932, 930, 932, 935, 934, 935, 936, 937, 934, 938, 932, 939, 940, 943, 937, 941, 935, 935, 940, 934, 943, 944, 947, 942, 945, 941, 941, 944, 940, 944, 951, 947, 945, 950, 949, 945, 948, 944, 956, 955, 957, 959, 954, 953, 956, 953, 952, 948, 959, 956, 949, 958, 959, 948, 957, 951, 960, 963, 962, 962, 965, 964, 965, 966, 964, 966, 969, 968, 969, 970, 971, 968, 972, 966, 973, 974, 977, 971, 975, 969, 969, 974, 968, 977, 978, 981, 976, 979, 975, 975, 978, 974, 978, 985, 981, 979, 984, 983, 979, 982, 978, 990, 989, 991, 993, 988, 987, 990, 987, 986, 982, 993, 990, 983, 992, 993, 982, 991, 985, 994, 997, 996, 996, 999, 998, 999, 1000, 998, 1000, 1003, 1002, 1003, 1004, 1005, 1002, 1006, 1000, 1007, 1008, 1011, 1005, 1009, 1003, 1003, 1008, 1002, 1011, 1012, 1015, 1010, 1013, 1009, 1009, 1012, 1008, 1012, 1019, 1015, 1013, 1018, 1017, 1013, 1016, 1012, 1024, 1023, 1025, 1027, 1022, 1021, 1024, 1021, 1020, 1016, 1027, 1024, 1017, 1026, 1027, 1016, 1025, 1019, 1028, 1031, 1030, 1030, 1033, 1032, 1033, 1034, 1032, 1034, 1037, 1036, 1037, 1038, 1039, 1036, 1040, 1034, 1041, 1042, 1045, 1039, 1043, 1037, 1037, 1042, 1036, 1045, 1046, 1049, 1044, 1047, 1043, 1043, 1046, 1042, 1046, 1053, 1049, 1047, 1052, 1051, 1047, 1050, 1046, 1058, 1057, 1059, 1061, 1056, 1055, 1058, 1055, 1054, 1050, 1061, 1058, 1051, 1060, 1061, 1050, 1059, 1053, 1062, 1065, 1064, 1064, 1067, 1066, 1067, 1068, 1066, 1068, 1071, 1070, 1071, 1072, 1073, 1070, 1074, 1068, 1075, 1076, 1079, 1073, 1077, 1071, 1071, 1076, 1070, 1079, 1080, 1083, 1078, 1081, 1077, 1077, 1080, 1076, 1080, 1087, 1083, 1081, 1086, 1085, 1081, 1084, 1080, 1092, 1091, 1093, 1095, 1090, 1089, 1092, 1089, 1088, 1084, 1095, 1092, 1085, 1094, 1095, 1084, 1093, 1087, 1096, 1099, 1098, 1098, 1101, 1100, 1101, 1102, 1100, 1102, 1105, 1104, 1105, 1106, 1107, 1104, 1108, 1102, 1109, 1110, 1113, 1107, 1111, 1105, 1105, 1110, 1104, 1113, 1114, 1117, 1112, 1115, 1111, 1111, 1114, 1110, 1114, 1121, 1117, 1115, 1120, 1119, 1115, 1118, 1114, 1126, 1125, 1127, 1129, 1124, 1123, 1126, 1123, 1122, 1118, 1129, 1126, 1119, 1128, 1129, 1118, 1127, 1121, 1130, 1133, 1132, 1132, 1135, 1134, 1135, 1136, 1134, 1136, 1139, 1138, 1139, 1140, 1141, 1138, 1142, 1136, 1143, 1144, 1147, 1141, 1145, 1139, 1139, 1144, 1138, 1147, 1148, 1151, 1146, 1149, 1145, 1145, 1148, 1144, 1148, 1155, 1151, 1149, 1154, 1153, 1149, 1152, 1148, 1160, 1159, 1161, 1163, 1158, 1157, 1160, 1157, 1156, 1152, 1163, 1160, 1153, 1162, 1163, 1152, 1161, 1155, 1164, 1167, 1166, 1166, 1169, 1168, 1169, 1170, 1168, 1170, 1173, 1172, 1173, 1174, 1175, 1172, 1176, 1170, 1177, 1178, 1181, 1175, 1179, 1173, 1173, 1178, 1172, 1181, 1182, 1185, 1180, 1183, 1179, 1179, 1182, 1178, 1182, 1189, 1185, 1183, 1188, 1187, 1183, 1186, 1182, 1194, 1193, 1195, 1197, 1192, 1191, 1194, 1191, 1190, 1186, 1197, 1194, 1187, 1196, 1197, 1186, 1195, 1189, 6, 11, 5, 7, 6, 0, 8, 7, 1, 3, 9, 8, 4, 10, 9, 5, 11, 10, 12, 17, 11, 13, 12, 6, 8, 14, 13, 9, 15, 14, 10, 16, 15, 17, 16, 10, 18, 23, 17, 13, 19, 18, 14, 20, 19, 15, 21, 20, 22, 21, 15, 23, 22, 16, 24, 29, 23, 25, 24, 18, 20, 26, 25, 21, 27, 26, 22, 28, 27, 29, 28, 22, 41, 40, 30, 32, 33, 31, 34, 35, 33, 34, 36, 37, 36, 38, 39, 38, 40, 41, 30, 40, 38, 38, 36, 30, 36, 34, 30, 0, 5, 41, 1, 0, 31, 35, 2, 1, 37, 3, 2, 39, 4, 3, 41, 5, 4, 42, 43, 45, 44, 45, 47, 47, 49, 48, 48, 49, 51, 51, 49, 52, 50, 55, 54, 55, 50, 56, 53, 58, 57, 51, 57, 56, 59, 56, 60, 58, 62, 61, 57, 61, 60, 60, 64, 67, 61, 62, 66, 61, 65, 64, 72, 68, 71, 75, 74, 70, 72, 75, 69, 64, 65, 75, 65, 66, 74, 64, 72, 73, 76, 77, 79, 78, 79, 81, 81, 83, 82, 82, 83, 85, 85, 83, 86, 84, 89, 88, 89, 84, 90, 87, 92, 91, 85, 91, 90, 93, 90, 94, 92, 96, 95, 91, 95, 94, 94, 98, 101, 95, 96, 100, 95, 99, 98, 106, 102, 105, 109, 108, 104, 106, 109, 103, 98, 99, 109, 99, 100, 108, 98, 106, 107, 110, 111, 113, 112, 113, 115, 115, 117, 116, 116, 117, 119, 119, 117, 120, 118, 123, 122, 123, 118, 124, 121, 126, 125, 119, 125, 124, 127, 124, 128, 126, 130, 129, 125, 129, 128, 128, 132, 135, 129, 130, 134, 129, 133, 132, 140, 136, 139, 143, 142, 138, 140, 143, 137, 132, 133, 143, 133, 134, 142, 132, 140, 141, 144, 145, 147, 146, 147, 149, 149, 151, 150, 150, 151, 153, 153, 151, 154, 152, 157, 156, 157, 152, 158, 155, 160, 159, 153, 159, 158, 161, 158, 162, 160, 164, 163, 159, 163, 162, 162, 166, 169, 163, 164, 168, 163, 167, 166, 174, 170, 173, 177, 176, 172, 174, 177, 171, 166, 167, 177, 167, 168, 176, 166, 174, 175, 178, 179, 181, 180, 181, 183, 183, 185, 184, 184, 185, 187, 187, 185, 188, 186, 191, 190, 191, 186, 192, 189, 194, 193, 187, 193, 192, 195, 192, 196, 194, 198, 197, 193, 197, 196, 196, 200, 203, 197, 198, 202, 197, 201, 200, 208, 204, 207, 211, 210, 206, 208, 211, 205, 200, 201, 211, 201, 202, 210, 200, 208, 209, 212, 213, 215, 214, 215, 217, 217, 219, 218, 218, 219, 221, 221, 219, 222, 220, 225, 224, 225, 220, 226, 223, 228, 227, 221, 227, 226, 229, 226, 230, 228, 232, 231, 227, 231, 230, 230, 234, 237, 231, 232, 236, 231, 235, 234, 242, 238, 241, 245, 244, 240, 242, 245, 239, 234, 235, 245, 235, 236, 244, 234, 242, 243, 246, 247, 249, 248, 249, 251, 251, 253, 252, 252, 253, 255, 255, 253, 256, 254, 259, 258, 259, 254, 260, 257, 262, 261, 255, 261, 260, 263, 260, 264, 262, 266, 265, 261, 265, 264, 264, 268, 271, 265, 266, 270, 265, 269, 268, 276, 272, 275, 279, 278, 274, 276, 279, 273, 268, 269, 279, 269, 270, 278, 268, 276, 277, 280, 281, 283, 282, 283, 285, 285, 287, 286, 286, 287, 289, 289, 287, 290, 288, 293, 292, 293, 288, 294, 291, 296, 295, 289, 295, 294, 297, 294, 298, 296, 300, 299, 295, 299, 298, 298, 302, 305, 299, 300, 304, 299, 303, 302, 310, 306, 309, 313, 312, 308, 310, 313, 307, 302, 303, 313, 303, 304, 312, 302, 310, 311, 314, 315, 317, 316, 317, 319, 319, 321, 320, 320, 321, 323, 323, 321, 324, 322, 327, 326, 327, 322, 328, 325, 330, 329, 323, 329, 328, 331, 328, 332, 330, 334, 333, 329, 333, 332, 332, 336, 339, 333, 334, 338, 333, 337, 336, 344, 340, 343, 347, 346, 342, 344, 347, 341, 336, 337, 347, 337, 338, 346, 336, 344, 345, 348, 349, 351, 350, 351, 353, 353, 355, 354, 354, 355, 357, 357, 355, 358, 356, 361, 360, 361, 356, 362, 359, 364, 363, 357, 363, 362, 365, 362, 366, 364, 368, 367, 363, 367, 366, 366, 370, 373, 367, 368, 372, 367, 371, 370, 378, 374, 377, 381, 380, 376, 378, 381, 375, 370, 371, 381, 371, 372, 380, 370, 378, 379, 382, 383, 385, 384, 385, 387, 387, 389, 388, 388, 389, 391, 391, 389, 392, 390, 395, 394, 395, 390, 396, 393, 398, 397, 391, 397, 396, 399, 396, 400, 398, 402, 401, 397, 401, 400, 400, 404, 407, 401, 402, 406, 401, 405, 404, 412, 408, 411, 415, 414, 410, 412, 415, 409, 404, 405, 415, 405, 406, 414, 404, 412, 413, 416, 417, 419, 418, 419, 421, 421, 423, 422, 422, 423, 425, 425, 423, 426, 424, 429, 428, 429, 424, 430, 427, 432, 431, 425, 431, 430, 433, 430, 434, 432, 436, 435, 431, 435, 434, 434, 438, 441, 435, 436, 440, 435, 439, 438, 446, 442, 445, 449, 448, 444, 446, 449, 443, 438, 439, 449, 439, 440, 448, 438, 446, 447, 450, 451, 453, 452, 453, 455, 455, 457, 456, 456, 457, 459, 459, 457, 460, 458, 463, 462, 463, 458, 464, 461, 466, 465, 459, 465, 464, 467, 464, 468, 466, 470, 469, 465, 469, 468, 468, 472, 475, 469, 470, 474, 469, 473, 472, 480, 476, 479, 483, 482, 478, 480, 483, 477, 472, 473, 483, 473, 474, 482, 472, 480, 481, 484, 485, 487, 486, 487, 489, 489, 491, 490, 490, 491, 493, 493, 491, 494, 492, 497, 496, 497, 492, 498, 495, 500, 499, 493, 499, 498, 501, 498, 502, 500, 504, 503, 499, 503, 502, 502, 506, 509, 503, 504, 508, 503, 507, 506, 514, 510, 513, 517, 516, 512, 514, 517, 511, 506, 507, 517, 507, 508, 516, 506, 514, 515, 518, 519, 521, 520, 521, 523, 523, 525, 524, 524, 525, 527, 527, 525, 528, 526, 531, 530, 531, 526, 532, 529, 534, 533, 527, 533, 532, 535, 532, 536, 534, 538, 537, 533, 537, 536, 536, 540, 543, 537, 538, 542, 537, 541, 540, 548, 544, 547, 551, 550, 546, 548, 551, 545, 540, 541, 551, 541, 542, 550, 540, 548, 549, 552, 553, 555, 554, 555, 557, 557, 559, 558, 558, 559, 561, 561, 559, 562, 560, 565, 564, 565, 560, 566, 563, 568, 567, 561, 567, 566, 569, 566, 570, 568, 572, 571, 567, 571, 570, 570, 574, 577, 571, 572, 576, 571, 575, 574, 582, 578, 581, 585, 584, 580, 582, 585, 579, 574, 575, 585, 575, 576, 584, 574, 582, 583, 586, 587, 589, 588, 589, 591, 591, 593, 592, 592, 593, 595, 595, 593, 596, 594, 599, 598, 599, 594, 600, 597, 602, 601, 595, 601, 600, 603, 600, 604, 602, 606, 605, 601, 605, 604, 604, 608, 611, 605, 606, 610, 605, 609, 608, 616, 612, 615, 619, 618, 614, 616, 619, 613, 608, 609, 619, 609, 610, 618, 608, 616, 617, 620, 621, 623, 622, 623, 625, 625, 627, 626, 626, 627, 629, 629, 627, 630, 628, 633, 632, 633, 628, 634, 631, 636, 635, 629, 635, 634, 637, 634, 638, 636, 640, 639, 635, 639, 638, 638, 642, 645, 639, 640, 644, 639, 643, 642, 650, 646, 649, 653, 652, 648, 650, 653, 647, 642, 643, 653, 643, 644, 652, 642, 650, 651, 654, 655, 657, 656, 657, 659, 659, 661, 660, 660, 661, 663, 663, 661, 664, 662, 667, 666, 667, 662, 668, 665, 670, 669, 663, 669, 668, 671, 668, 672, 670, 674, 673, 669, 673, 672, 672, 676, 679, 673, 674, 678, 673, 677, 676, 684, 680, 683, 687, 686, 682, 684, 687, 681, 676, 677, 687, 677, 678, 686, 676, 684, 685, 688, 689, 691, 690, 691, 693, 693, 695, 694, 694, 695, 697, 697, 695, 698, 696, 701, 700, 701, 696, 702, 699, 704, 703, 697, 703, 702, 705, 702, 706, 704, 708, 707, 703, 707, 706, 706, 710, 713, 707, 708, 712, 707, 711, 710, 718, 714, 717, 721, 720, 716, 718, 721, 715, 710, 711, 721, 711, 712, 720, 710, 718, 719, 722, 723, 725, 724, 725, 727, 727, 729, 728, 728, 729, 731, 731, 729, 732, 730, 735, 734, 735, 730, 736, 733, 738, 737, 731, 737, 736, 739, 736, 740, 738, 742, 741, 737, 741, 740, 740, 744, 747, 741, 742, 746, 741, 745, 744, 752, 748, 751, 755, 754, 750, 752, 755, 749, 744, 745, 755, 745, 746, 754, 744, 752, 753, 756, 757, 759, 758, 759, 761, 761, 763, 762, 762, 763, 765, 765, 763, 766, 764, 769, 768, 769, 764, 770, 767, 772, 771, 765, 771, 770, 773, 770, 774, 772, 776, 775, 771, 775, 774, 774, 778, 781, 775, 776, 780, 775, 779, 778, 786, 782, 785, 789, 788, 784, 786, 789, 783, 778, 779, 789, 779, 780, 788, 778, 786, 787, 790, 791, 793, 792, 793, 795, 795, 797, 796, 796, 797, 799, 799, 797, 800, 798, 803, 802, 803, 798, 804, 801, 806, 805, 799, 805, 804, 807, 804, 808, 806, 810, 809, 805, 809, 808, 808, 812, 815, 809, 810, 814, 809, 813, 812, 820, 816, 819, 823, 822, 818, 820, 823, 817, 812, 813, 823, 813, 814, 822, 812, 820, 821, 824, 825, 827, 826, 827, 829, 829, 831, 830, 830, 831, 833, 833, 831, 834, 832, 837, 836, 837, 832, 838, 835, 840, 839, 833, 839, 838, 841, 838, 842, 840, 844, 843, 839, 843, 842, 842, 846, 849, 843, 844, 848, 843, 847, 846, 854, 850, 853, 857, 856, 852, 854, 857, 851, 846, 847, 857, 847, 848, 856, 846, 854, 855, 858, 859, 861, 860, 861, 863, 863, 865, 864, 864, 865, 867, 867, 865, 868, 866, 871, 870, 871, 866, 872, 869, 874, 873, 867, 873, 872, 875, 872, 876, 874, 878, 877, 873, 877, 876, 876, 880, 883, 877, 878, 882, 877, 881, 880, 888, 884, 887, 891, 890, 886, 888, 891, 885, 880, 881, 891, 881, 882, 890, 880, 888, 889, 892, 893, 895, 894, 895, 897, 897, 899, 898, 898, 899, 901, 901, 899, 902, 900, 905, 904, 905, 900, 906, 903, 908, 907, 901, 907, 906, 909, 906, 910, 908, 912, 911, 907, 911, 910, 910, 914, 917, 911, 912, 916, 911, 915, 914, 922, 918, 921, 925, 924, 920, 922, 925, 919, 914, 915, 925, 915, 916, 924, 914, 922, 923, 926, 927, 929, 928, 929, 931, 931, 933, 932, 932, 933, 935, 935, 933, 936, 934, 939, 938, 939, 934, 940, 937, 942, 941, 935, 941, 940, 943, 940, 944, 942, 946, 945, 941, 945, 944, 944, 948, 951, 945, 946, 950, 945, 949, 948, 956, 952, 955, 959, 958, 954, 956, 959, 953, 948, 949, 959, 949, 950, 958, 948, 956, 957, 960, 961, 963, 962, 963, 965, 965, 967, 966, 966, 967, 969, 969, 967, 970, 968, 973, 972, 973, 968, 974, 971, 976, 975, 969, 975, 974, 977, 974, 978, 976, 980, 979, 975, 979, 978, 978, 982, 985, 979, 980, 984, 979, 983, 982, 990, 986, 989, 993, 992, 988, 990, 993, 987, 982, 983, 993, 983, 984, 992, 982, 990, 991, 994, 995, 997, 996, 997, 999, 999, 1001, 1000, 1000, 1001, 1003, 1003, 1001, 1004, 1002, 1007, 1006, 1007, 1002, 1008, 1005, 1010, 1009, 1003, 1009, 1008, 1011, 1008, 1012, 1010, 1014, 1013, 1009, 1013, 1012, 1012, 1016, 1019, 1013, 1014, 1018, 1013, 1017, 1016, 1024, 1020, 1023, 1027, 1026, 1022, 1024, 1027, 1021, 1016, 1017, 1027, 1017, 1018, 1026, 1016, 1024, 1025, 1028, 1029, 1031, 1030, 1031, 1033, 1033, 1035, 1034, 1034, 1035, 1037, 1037, 1035, 1038, 1036, 1041, 1040, 1041, 1036, 1042, 1039, 1044, 1043, 1037, 1043, 1042, 1045, 1042, 1046, 1044, 1048, 1047, 1043, 1047, 1046, 1046, 1050, 1053, 1047, 1048, 1052, 1047, 1051, 1050, 1058, 1054, 1057, 1061, 1060, 1056, 1058, 1061, 1055, 1050, 1051, 1061, 1051, 1052, 1060, 1050, 1058, 1059, 1062, 1063, 1065, 1064, 1065, 1067, 1067, 1069, 1068, 1068, 1069, 1071, 1071, 1069, 1072, 1070, 1075, 1074, 1075, 1070, 1076, 1073, 1078, 1077, 1071, 1077, 1076, 1079, 1076, 1080, 1078, 1082, 1081, 1077, 1081, 1080, 1080, 1084, 1087, 1081, 1082, 1086, 1081, 1085, 1084, 1092, 1088, 1091, 1095, 1094, 1090, 1092, 1095, 1089, 1084, 1085, 1095, 1085, 1086, 1094, 1084, 1092, 1093, 1096, 1097, 1099, 1098, 1099, 1101, 1101, 1103, 1102, 1102, 1103, 1105, 1105, 1103, 1106, 1104, 1109, 1108, 1109, 1104, 1110, 1107, 1112, 1111, 1105, 1111, 1110, 1113, 1110, 1114, 1112, 1116, 1115, 1111, 1115, 1114, 1114, 1118, 1121, 1115, 1116, 1120, 1115, 1119, 1118, 1126, 1122, 1125, 1129, 1128, 1124, 1126, 1129, 1123, 1118, 1119, 1129, 1119, 1120, 1128, 1118, 1126, 1127, 1130, 1131, 1133, 1132, 1133, 1135, 1135, 1137, 1136, 1136, 1137, 1139, 1139, 1137, 1140, 1138, 1143, 1142, 1143, 1138, 1144, 1141, 1146, 1145, 1139, 1145, 1144, 1147, 1144, 1148, 1146, 1150, 1149, 1145, 1149, 1148, 1148, 1152, 1155, 1149, 1150, 1154, 1149, 1153, 1152, 1160, 1156, 1159, 1163, 1162, 1158, 1160, 1163, 1157, 1152, 1153, 1163, 1153, 1154, 1162, 1152, 1160, 1161, 1164, 1165, 1167, 1166, 1167, 1169, 1169, 1171, 1170, 1170, 1171, 1173, 1173, 1171, 1174, 1172, 1177, 1176, 1177, 1172, 1178, 1175, 1180, 1179, 1173, 1179, 1178, 1181, 1178, 1182, 1180, 1184, 1183, 1179, 1183, 1182, 1182, 1186, 1189, 1183, 1184, 1188, 1183, 1187, 1186, 1194, 1190, 1193, 1197, 1196, 1192, 1194, 1197, 1191, 1186, 1187, 1197, 1187, 1188, 1196, 1186, 1194, 1195]
                    rel material:binding = </ReferenceTarget/XForms/World/Looks/plants_atlas_6_dry>
                    normal3f[] normals = [(-0.52479136, 0.8494551, 0.054954797), (-0.9127513, 0.0057099718, 0.40847573), (-0.48026574, 0.85448086, 0.1980082), (0.43937367, 0.88373476, -0.1611324), (-0.48026574, 0.85448086, 0.1980082), (0.42730495, 0.882542, -0.19629088), (0.97701555, 0.014976246, -0.21264109), (0.42730495, 0.882542, -0.19629088), (0.92328507, 0.010922096, -0.38396013), (0.4603411, -0.87490684, -0.15041326), (0.97701555, 0.014976246, -0.21264109), (0.92328507, 0.010922096, -0.38396013), (-0.4610806, -0.85259485, 0.24594034), (0.49900705, -0.866307, -0.02245187), (0.4603411, -0.87490684, -0.15041326), (-0.9127513, 0.0057099718, 0.40847573), (-0.48179686, -0.855199, 0.19106694), (-0.4610806, -0.85259485, 0.24594034), (-0.5307768, 0.8462277, -0.04663283), (-0.97604513, 0.003429543, 0.2175412), (-0.52479136, 0.8494551, 0.054954797), (0.46535772, 0.8743359, -0.1377641), (-0.52479136, 0.8494551, 0.054954797), (0.43937367, 0.88373476, -0.1611324), (0.97701555, 0.014976246, -0.21264109), (0.46535772, 0.8743359, -0.1377641), (0.43937367, 0.88373476, -0.1611324), (0.49900705, -0.866307, -0.02245187), (0.9963379, 0.006749621, -0.08523688), (0.97701555, 0.014976246, -0.21264109), (-0.48179686, -0.855199, 0.19106694), (0.5114756, -0.85757065, 0.054454755), (0.49900705, -0.866307, -0.02245187), (-0.996199, -0.0069939997, 0.08682462), (-0.48179686, -0.855199, 0.19106694), (-0.97604513, 0.003429543, 0.2175412), (-0.51905006, 0.8540296, -0.034933984), (-0.996199, -0.0069939997, 0.08682462), (-0.5307768, 0.8462277, -0.04663283), (0.46535772, 0.8743359, -0.1377641), (-0.51905006, 0.8540296, -0.034933984), (-0.5307768, 0.8462277, -0.04663283), (0.9963379, 0.006749621, -0.08523688), (0.4948596, 0.8663007, -0.06809625), (0.46535772, 0.8743359, -0.1377641), (0.5114756, -0.85757065, 0.054454755), (0.9994908, -0.012475755, -0.02936656), (0.9963379, 0.006749621, -0.08523688), (-0.48677266, -0.87100405, 0.06636478), (0.5114756, -0.85757065, 0.054454755), (-0.48620978, -0.86293024, 0.13766421), (-0.99925053, -0.019488072, 0.033444352), (-0.48620978, -0.86293024, 0.13766421), (-0.996199, -0.0069939997, 0.08682462), (-0.5068595, 0.8620259, 0.0021889382), (-0.99925053, -0.019488072, 0.033444352), (-0.51905006, 0.8540296, -0.034933984), (0.49737993, 0.8673568, -0.017475896), (-0.51905006, 0.8540296, -0.034933984), (0.4948596, 0.8663007, -0.06809625), (0.9994908, -0.012475755, -0.02936656), (0.49737993, 0.8673568, -0.017475896), (0.4948596, 0.8663007, -0.06809625), (0.49963236, -0.8654877, 0.03603447), (0.99979943, -0.0050762994, -0.019371465), (0.9994908, -0.012475755, -0.02936656), (-0.48677266, -0.87100405, 0.06636478), (0.49318054, -0.8699252, -0.0017370322), (0.49963236, -0.8654877, 0.03603447), (-0.99979585, -0.005175273, 0.019530732), (-0.48677266, -0.87100405, 0.06636478), (-0.99925053, -0.019488072, 0.033444352), (-0.58198893, -0.0022904284, 0.8131935), (0.34322914, 0.38120556, 0.8584148), (-0.18500265, 0.8051733, 0.56344473), (0.70344377, 0.37365922, 0.60460365), (-0.18500265, 0.8051733, 0.56344473), (0.34322914, 0.38120556, 0.8584148), (0.8770373, -0.0025924868, 0.48041523), (0.59946096, 0.7969975, 0.07376617), (0.70344377, 0.37365922, 0.60460365), (0.8770373, -0.0025924868, 0.48041523), (0.60405165, -0.7936886, 0.0719728), (0.9862377, 0.0024057373, -0.1653158), (0.7038335, -0.37924576, 0.60065883), (-0.18071103, -0.80765355, 0.5612836), (0.60405165, -0.7936886, 0.0719728), (0.34356812, -0.38952905, 0.85453385), (-0.58198893, -0.0022904284, 0.8131935), (-0.18071103, -0.80765355, 0.5612836), (0.8770373, -0.0025924868, 0.48041523), (0.70344377, 0.37365922, 0.60460365), (0.34322914, 0.38120556, 0.8584148), (-0.48026574, 0.85448086, 0.1980082), (-0.58198893, -0.0022904284, 0.8131935), (-0.18500265, 0.8051733, 0.56344473), (0.42730495, 0.882542, -0.19629088), (-0.18500265, 0.8051733, 0.56344473), (0.59946096, 0.7969975, 0.07376617), (0.9862377, 0.0024057373, -0.1653158), (0.42730495, 0.882542, -0.19629088), (0.59946096, 0.7969975, 0.07376617), (0.60405165, -0.7936886, 0.0719728), (0.92328507, 0.010922096, -0.38396013), (0.9862377, 0.0024057373, -0.1653158), (-0.18071103, -0.80765355, 0.5612836), (0.4603411, -0.87490684, -0.15041326), (0.60405165, -0.7936886, 0.0719728), (-0.58198893, -0.0022904284, 0.8131935), (-0.4610806, -0.85259485, 0.24594034), (-0.18071103, -0.80765355, 0.5612836), (0.20119815, -0.8638361, 0.46185112), (0.17968081, -0.8137451, 0.55275106), (0.17421839, -0.8036359, 0.5690494), (0.17421839, -0.8036359, 0.5690494), (0.036786288, -0.6852777, 0.72735226), (0.03552339, -0.6839278, 0.7286844), (0.036786288, -0.6852777, 0.72735226), (0.04039785, -0.5626854, 0.82568353), (0.03552339, -0.6839278, 0.7286844), (0.04039785, -0.5626854, 0.82568353), (0.1777089, -0.47862917, 0.8598451), (0.07911142, -0.499715, 0.8625696), (0.1777089, -0.47862917, 0.8598451), (0.2020467, -0.43967554, 0.8751357), (0.23652168, -0.44158587, 0.86548215), (0.07911142, -0.499715, 0.8625696), (0.016036317, -0.5390282, 0.842135), (0.04039785, -0.5626854, 0.82568353), (-0.009060885, -0.48035157, 0.8770292), (0.030074244, -0.3596409, 0.932606), (-0.005092994, -0.33699673, 0.9414921), (0.23652168, -0.44158587, 0.86548215), (0.1463207, -0.3546753, 0.92346936), (0.1777089, -0.47862917, 0.8598451), (0.1777089, -0.47862917, 0.8598451), (0.030074244, -0.3596409, 0.932606), (0.07911142, -0.499715, 0.8625696), (-0.005092994, -0.33699673, 0.9414921), (0.01914766, -0.13949239, 0.990038), (0.00209913, -0.16754289, 0.9858625), (0.18443431, -0.39399552, 0.9004175), (0.08707352, -0.14242478, 0.98596823), (0.1463207, -0.3546753, 0.92346936), (0.1463207, -0.3546753, 0.92346936), (0.01914766, -0.13949239, 0.990038), (0.030074244, -0.3596409, 0.932606), (0.01914766, -0.13949239, 0.990038), (0.010881176, -0.10359097, 0.9945605), (0.00209913, -0.16754289, 0.9858625), (0.08707352, -0.14242478, 0.98596823), (0.095960714, -0.0486122, 0.99419737), (0.08939428, -0.072608285, 0.99334615), (0.08707352, -0.14242478, 0.98596823), (0.052191947, -0.11717207, 0.9917392), (0.01914766, -0.13949239, 0.990038), (0.15781045, -0.14745201, 0.97639835), (0.064021185, -0.083089404, 0.99448353), (0.028391138, -0.19212115, 0.9809604), (0.21749386, -0.1433021, 0.9654848), (0.11616745, -0.13320456, 0.9842569), (0.12561683, -0.082610875, 0.98863333), (0.15781045, -0.14745201, 0.97639835), (0.12561683, -0.082610875, 0.98863333), (0.123120844, -0.06602275, 0.99019307), (0.052191947, -0.11717207, 0.9917392), (0.21749386, -0.1433021, 0.9654848), (0.15781045, -0.14745201, 0.97639835), (0.08939428, -0.072608285, 0.99334615), (0.15364136, -0.122267656, 0.980533), (0.21749386, -0.1433021, 0.9654848), (0.052191947, -0.11717207, 0.9917392), (0.028391138, -0.19212115, 0.9809604), (0.010881176, -0.10359097, 0.9945605), (0.7774521, -0.40061346, 0.4848475), (0.7203164, -0.39016384, 0.5735124), (0.70819587, -0.3888407, 0.589289), (0.70819587, -0.3888407, 0.589289), (0.5222935, -0.4293313, 0.73680675), (0.52037877, -0.42953867, 0.7380396), (0.5222935, -0.4293313, 0.73680675), (0.42366067, -0.35442036, 0.83360535), (0.52037877, -0.42953867, 0.7380396), (0.42366067, -0.35442036, 0.83360535), (0.4414131, -0.19628364, 0.87557244), (0.39656723, -0.28656346, 0.87213296), (0.4414131, -0.19628364, 0.87557244), (0.42527068, -0.15367445, 0.8919244), (0.4486553, -0.12750876, 0.884562), (0.39656723, -0.28656346, 0.87213296), (0.3891996, -0.3594393, 0.8481315), (0.42366067, -0.35442036, 0.83360535), (0.3259543, -0.34401616, 0.8805718), (0.25300404, -0.24067728, 0.9370504), (0.21300787, -0.25443494, 0.94334006), (0.4486553, -0.12750876, 0.884562), (0.3217412, -0.14636946, 0.93544567), (0.4414131, -0.19628364, 0.87557244), (0.4414131, -0.19628364, 0.87557244), (0.25300404, -0.24067728, 0.9370504), (0.39656723, -0.28656346, 0.87213296), (0.21300787, -0.25443494, 0.94334006), (0.07108218, -0.1146173, 0.99086344), (0.082661174, -0.14521481, 0.98594105), (0.3773277, -0.14007787, 0.91542447), (0.1157473, -0.063195586, 0.9912663), (0.3217412, -0.14636946, 0.93544567), (0.3217412, -0.14636946, 0.93544567), (0.07108218, -0.1146173, 0.99086344), (0.25300404, -0.24067728, 0.9370504), (0.07108218, -0.1146173, 0.99086344), (0.03763924, -0.09891011, 0.9943843), (0.082661174, -0.14521481, 0.98594105), (0.1157473, -0.063195586, 0.9912663), (0.047457058, 0.0018170036, 0.9988716), (0.062194463, -0.018214742, 0.9978978), (0.1157473, -0.063195586, 0.9912663), (0.074047044, -0.07496462, 0.99443316), (0.07108218, -0.1146173, 0.99086344), (0.16406506, -0.010651846, 0.986392), (0.05459067, -0.044621907, 0.99751127), (0.11845708, -0.13976426, 0.98307365), (0.1984175, 0.039032843, 0.9793401), (0.1266941, -0.034633476, 0.991337), (0.092749424, 0.0040488397, 0.9956812), (0.16406506, -0.010651846, 0.986392), (0.092749424, 0.0040488397, 0.9956812), (0.078140646, 0.0123524675, 0.9968658), (0.074047044, -0.07496462, 0.99443316), (0.1984175, 0.039032843, 0.9793401), (0.16406506, -0.010651846, 0.986392), (0.062194463, -0.018214742, 0.9978978), (0.14157571, 0.0016071605, 0.98992616), (0.1984175, 0.039032843, 0.9793401), (0.074047044, -0.07496462, 0.99443316), (0.11845708, -0.13976426, 0.98307365), (0.03763924, -0.09891011, 0.9943843), (-0.7563404, 0.50896394, 0.4109805), (-0.71296656, 0.48642918, 0.50504), (-0.703249, 0.48262367, 0.5220299), (-0.703249, 0.48262367, 0.5220299), (-0.53280324, 0.4870968, 0.69199526), (-0.531033, 0.4869622, 0.69344926), (-0.53280324, 0.4870968, 0.69199526), (-0.4601867, 0.39388373, 0.79566556), (-0.531033, 0.4869622, 0.69344926), (-0.4601867, 0.39388373, 0.79566556), (-0.5082036, 0.23966677, 0.8272176), (-0.44931826, 0.3213098, 0.83359045), (-0.5082036, 0.23966677, 0.8272176), (-0.50128233, 0.1944804, 0.8431449), (-0.52748895, 0.17280325, 0.83180195), (-0.44931826, 0.3213098, 0.83359045), (-0.42742056, 0.39265358, 0.8143309), (-0.4601867, 0.39388373, 0.79566556), (-0.37195617, 0.3659453, 0.8530725), (-0.32411042, 0.2502262, 0.9123264), (-0.2834995, 0.25695172, 0.92390686), (-0.52748895, 0.17280325, 0.83180195), (-0.40641877, 0.16873787, 0.8979707), (-0.5082036, 0.23966677, 0.8272176), (-0.5082036, 0.23966677, 0.8272176), (-0.32411042, 0.2502262, 0.9123264), (-0.44931826, 0.3213098, 0.83359045), (-0.2834995, 0.25695172, 0.92390686), (-0.17289409, 0.0940948, 0.98043555), (-0.17868851, 0.1263346, 0.97576123), (-0.4594055, 0.17238978, 0.8713371), (-0.22496758, 0.05081835, 0.97304016), (-0.40641877, 0.16873787, 0.8979707), (-0.40641877, 0.16873787, 0.8979707), (-0.17289409, 0.0940948, 0.98043555), (-0.32411042, 0.2502262, 0.9123264), (-0.17289409, 0.0940948, 0.98043555), (-0.14310163, 0.072956756, 0.9870153), (-0.17868851, 0.1263346, 0.97576123), (-0.22496758, 0.05081835, 0.97304016), (-0.1694975, -0.024829147, 0.98521775), (-0.18058318, -0.0026030263, 0.9835563), (-0.22496758, 0.05081835, 0.97304016), (-0.1826204, 0.05540494, 0.98162115), (-0.17289409, 0.0940948, 0.98043555), (-0.28014922, 0.0072114915, 0.95992935), (-0.16883151, 0.022160131, 0.9853957), (-0.21427748, 0.12699735, 0.9684817), (-0.32092562, -0.035834894, 0.9464262), (-0.240283, 0.024490066, 0.9703939), (-0.21381935, -0.019408457, 0.97668034), (-0.28014922, 0.0072114915, 0.95992935), (-0.21381935, -0.019408457, 0.97668034), (-0.20099436, -0.030063681, 0.979131), (-0.1826204, 0.05540494, 0.98162115), (-0.32092562, -0.035834894, 0.9464262), (-0.28014922, 0.0072114915, 0.95992935), (-0.18058318, -0.0026030263, 0.9835563), (-0.2605335, -0.008715806, 0.9654255), (-0.32092562, -0.035834894, 0.9464262), (-0.1826204, 0.05540494, 0.98162115), (-0.21427748, 0.12699735, 0.9684817), (-0.14310163, 0.072956756, 0.9870153), (-0.23211296, -0.8768818, 0.42095375), (-0.21982042, -0.8287725, 0.51460177), (-0.21843132, -0.8183724, 0.53155833), (-0.21843132, -0.8183724, 0.53155833), (-0.26752937, -0.6577858, 0.7040922), (-0.26786363, -0.65607375, 0.7055609), (-0.26752937, -0.6577858, 0.7040922), (-0.1966325, -0.56007886, 0.80476546), (-0.26786363, -0.65607375, 0.7055609), (-0.1966325, -0.56007886, 0.80476546), (-0.03385797, -0.5582348, 0.8289919), (-0.12929568, -0.52740574, 0.8397177), (-0.03385797, -0.5582348, 0.8289919), (0.0076658465, -0.5377273, 0.84308404), (0.035829514, -0.5559587, 0.8304374), (-0.12929568, -0.52740574, 0.8397177), (-0.20471202, -0.5285548, 0.82384634), (-0.1966325, -0.56007886, 0.80476546), (-0.1946677, -0.46759832, 0.8622392), (-0.096760705, -0.3864589, 0.91721696), (-0.11514075, -0.3499148, 0.92967856), (0.035829514, -0.5559587, 0.8304374), (0.0053851563, -0.4396092, 0.8981731), (-0.03385797, -0.5582348, 0.8289919), (-0.03385797, -0.5582348, 0.8289919), (-0.096760705, -0.3864589, 0.91721696), (-0.12929568, -0.52740574, 0.8397177), (-0.11514075, -0.3499148, 0.92967856), (0.008100725, -0.19453186, 0.9808628), (-0.02096153, -0.20998487, 0.97747993), (0.0170324, -0.49110824, 0.8709321), (0.06493247, -0.23071273, 0.9708529), (0.0053851563, -0.4396092, 0.8981731), (0.0053851563, -0.4396092, 0.8981731), (0.008100725, -0.19453186, 0.9808628), (-0.096760705, -0.3864589, 0.91721696), (0.008100725, -0.19453186, 0.9808628), (0.019308325, -0.15968047, 0.98697984), (-0.02096153, -0.20998487, 0.97747993), (0.06493247, -0.23071273, 0.9708529), (0.12028374, -0.15463005, 0.9806229), (0.102507055, -0.17202942, 0.97974396), (0.06493247, -0.23071273, 0.9708529), (0.0479228, -0.19185568, 0.98025244), (0.008100725, -0.19453186, 0.9808628), (0.12278527, -0.26974493, 0.9550714), (0.07542517, -0.16849051, 0.98281324), (-0.010958791, -0.24402857, 0.9697062), (0.17564596, -0.29524636, 0.9391369), (0.09455552, -0.23716803, 0.966856), (0.12840307, -0.19844979, 0.97166365), (0.12278527, -0.26974493, 0.9550714), (0.12840307, -0.19844979, 0.97166365), (0.13467729, -0.18296722, 0.97385067), (0.0479228, -0.19185568, 0.98025244), (0.17564596, -0.29524636, 0.9391369), (0.12278527, -0.26974493, 0.9550714), (0.102507055, -0.17202942, 0.97974396), (0.1321206, -0.24617405, 0.9601784), (0.17564596, -0.29524636, 0.9391369), (0.0479228, -0.19185568, 0.98025244), (-0.010958791, -0.24402857, 0.9697062), (0.019308325, -0.15968047, 0.98697984), (0.8415471, 0.2850504, 0.4588517), (0.79137486, 0.26623362, 0.55031395), (0.781357, 0.26119208, 0.56679785), (0.781357, 0.26119208, 0.56679785), (0.6691792, 0.12692007, 0.73218197), (0.66787636, 0.1256496, 0.7335894), (0.6691792, 0.12692007, 0.73218197), (0.5449589, 0.12900087, 0.8284797), (0.66787636, 0.1256496, 0.7335894), (0.5449589, 0.12900087, 0.8284797), (0.45188928, 0.2625806, 0.8525536), (0.4790762, 0.16590594, 0.8619519), (0.45188928, 0.2625806, 0.8525536), (0.41123027, 0.28531748, 0.8657271), (0.41113183, 0.31915614, 0.8538794), (0.4790762, 0.16590594, 0.8619519), (0.52261376, 0.104292326, 0.8461667), (0.5449589, 0.12900087, 0.8284797), (0.46504578, 0.07779179, 0.88186216), (0.34119487, 0.112623625, 0.9332213), (0.32065338, 0.076730356, 0.94408363), (0.41113183, 0.31915614, 0.8538794), (0.32909265, 0.22749138, 0.91648555), (0.45188928, 0.2625806, 0.8525536), (0.45188928, 0.2625806, 0.8525536), (0.34119487, 0.112623625, 0.9332213), (0.4790762, 0.16590594, 0.8619519), (0.32065338, 0.076730356, 0.94408363), (0.12122319, 0.091379486, 0.9884102), (0.15035255, 0.075929105, 0.98571235), (0.36632037, 0.26648515, 0.8915128), (0.119952224, 0.15895487, 0.9799719), (0.32909265, 0.22749138, 0.91648555), (0.32909265, 0.22749138, 0.91648555), (0.12122319, 0.091379486, 0.9884102), (0.34119487, 0.112623625, 0.9332213), (0.12122319, 0.091379486, 0.9884102), (0.085839614, 0.081151254, 0.99299854), (0.15035255, 0.075929105, 0.98571235), (0.119952224, 0.15895487, 0.9799719), (0.025639482, 0.16235778, 0.98639876), (0.050011802, 0.15729374, 0.98628473), (0.119952224, 0.15895487, 0.9799719), (0.09684537, 0.122978754, 0.9876727), (0.12122319, 0.091379486, 0.9884102), (0.12068796, 0.22910264, 0.9658915), (0.062044267, 0.13277102, 0.9892029), (0.17331587, 0.103365146, 0.97942704), (0.11298323, 0.2875805, 0.95106906), (0.10894888, 0.18725309, 0.97625124), (0.05780103, 0.19368003, 0.9793606), (0.12068796, 0.22910264, 0.9658915), (0.05780103, 0.19368003, 0.9793606), (0.041375987, 0.19023529, 0.9808662), (0.09684537, 0.122978754, 0.9876727), (0.11298323, 0.2875805, 0.95106906), (0.12068796, 0.22910264, 0.9658915), (0.050011802, 0.15729374, 0.98628473), (0.09574473, 0.22362162, 0.96996206), (0.11298323, 0.2875805, 0.95106906), (0.09684537, 0.122978754, 0.9876727), (0.17331587, 0.103365146, 0.97942704), (0.085839614, 0.081151254, 0.99299854), (0.6935211, 0.5228679, 0.49561855), (0.6583022, 0.4754255, 0.583617), (0.6516677, 0.46499065, 0.5992602), (0.6516677, 0.46499065, 0.5992602), (0.60568434, 0.27907848, 0.74515885), (0.6050243, 0.27725393, 0.74637514), (0.60568434, 0.27907848, 0.74515885), (0.49428207, 0.22226807, 0.84040594), (0.6050243, 0.27725393, 0.74637514), (0.49428207, 0.22226807, 0.84040594), (0.3591519, 0.30678213, 0.8814162), (0.42098016, 0.22715521, 0.8781663), (0.3591519, 0.30678213, 0.8814162), (0.31358907, 0.31068426, 0.89729434), (0.30027685, 0.34316295, 0.88998485), (0.42098016, 0.22715521, 0.8781663), (0.48365507, 0.18897457, 0.8546147), (0.49428207, 0.22226807, 0.84040594), (0.4419125, 0.13853547, 0.88629633), (0.31651902, 0.11745078, 0.9412869), (0.31145003, 0.0754168, 0.9472651), (0.30027685, 0.34316295, 0.88998485), (0.26150906, 0.22037154, 0.93970704), (0.3591519, 0.30678213, 0.8814162), (0.3591519, 0.30678213, 0.8814162), (0.31651902, 0.11745078, 0.9412869), (0.42098016, 0.22715521, 0.8781663), (0.31145003, 0.0754168, 0.9472651), (0.123314664, 0.008147803, 0.9923341), (0.15595655, 0.005291617, 0.98774976), (0.28023854, 0.27328014, 0.9202088), (0.096433796, 0.07072787, 0.9928233), (0.26150906, 0.22037154, 0.93970704), (0.26150906, 0.22037154, 0.93970704), (0.123314664, 0.008147803, 0.9923341), (0.31651902, 0.11745078, 0.9412869), (0.123314664, 0.008147803, 0.9923341), (0.09459009, -0.015159013, 0.9954009), (0.15595655, 0.005291617, 0.98774976), (0.096433796, 0.07072787, 0.9928233), (0.008116576, 0.037462845, 0.9992651), (0.032576993, 0.042027686, 0.99858516), (0.096433796, 0.07072787, 0.9928233), (0.088867106, 0.028039567, 0.99564874), (0.123314664, 0.008147803, 0.9923341), (0.07018808, 0.13711905, 0.9880648), (0.053049613, 0.023700736, 0.99831057), (0.16664644, 0.03991349, 0.9852085), (0.04046631, 0.18970446, 0.98100704), (0.07547514, 0.093002036, 0.9928012), (0.025828747, 0.07923316, 0.9965215), (0.07018808, 0.13711905, 0.9880648), (0.025828747, 0.07923316, 0.9965215), (0.011989585, 0.06968494, 0.99749696), (0.088867106, 0.028039567, 0.99564874), (0.04046631, 0.18970446, 0.98100704), (0.07018808, 0.13711905, 0.9880648), (0.032576993, 0.042027686, 0.99858516), (0.049330745, 0.12217457, 0.9912819), (0.04046631, 0.18970446, 0.98100704), (0.088867106, 0.028039567, 0.99564874), (0.16664644, 0.03991349, 0.9852085), (0.09459009, -0.015159013, 0.9954009), (0.89197284, -0.22374931, 0.39283678), (0.8459373, -0.21520942, 0.48792922), (0.8359319, -0.21453795, 0.50516474), (0.8359319, -0.21453795, 0.50516474), (0.68080795, -0.27215365, 0.6800243), (0.67913646, -0.27257034, 0.681527), (0.68080795, -0.27215365, 0.6800243), (0.5840597, -0.20640302, 0.78502995), (0.67913646, -0.27257034, 0.681527), (0.5840597, -0.20640302, 0.78502995), (0.5791924, -0.04446905, 0.8139771), (0.5507677, -0.14085402, 0.8226877), (0.5791924, -0.04446905, 0.8139771), (0.5581193, -0.003839671, 0.8297518), (0.5754039, 0.02507963, 0.8174847), (0.5507677, -0.14085402, 0.8226877), (0.5531979, -0.21574536, 0.80462784), (0.5840597, -0.20640302, 0.78502995), (0.49300388, -0.20818812, 0.8447514), (0.41109273, -0.11376522, 0.90446675), (0.3752853, -0.13331997, 0.91727144), (0.5754039, 0.02507963, 0.8174847), (0.46147126, -0.009929578, 0.8870996), (0.5791924, -0.04446905, 0.8139771), (0.5791924, -0.04446905, 0.8139771), (0.41109273, -0.11376522, 0.90446675), (0.5507677, -0.14085402, 0.8226877), (0.3752853, -0.13331997, 0.91727144), (0.21851644, -0.015170405, 0.97571534), (0.23452204, -0.043764755, 0.9711252), (0.5120091, 0.0036620954, 0.8589723), (0.2531671, 0.042737033, 0.96647817), (0.46147126, -0.009929578, 0.8870996), (0.46147126, -0.009929578, 0.8870996), (0.21851644, -0.015170405, 0.97571534), (0.41109273, -0.11376522, 0.90446675), (0.21851644, -0.015170405, 0.97571534), (0.18358286, -0.0049433727, 0.98299176), (0.23452204, -0.043764755, 0.9711252), (0.2531671, 0.042737033, 0.96647817), (0.17613603, 0.09602996, 0.9796705), (0.19390213, 0.07868331, 0.97786033), (0.2531671, 0.042737033, 0.96647817), (0.21494135, 0.02457489, 0.9763177), (0.21851644, -0.015170405, 0.97571534), (0.29050097, 0.10188771, 0.95143473), (0.19105227, 0.051465515, 0.98022974), (0.26813668, -0.032767847, 0.96282345), (0.31441635, 0.15574709, 0.93642145), (0.25885755, 0.0725959, 0.96318364), (0.21952005, 0.1054049, 0.9698973), (0.29050097, 0.10188771, 0.95143473), (0.21952005, 0.1054049, 0.9698973), (0.20397052, 0.11127249, 0.9726327), (0.21494135, 0.02457489, 0.9763177), (0.31441635, 0.15574709, 0.93642145), (0.29050097, 0.10188771, 0.95143473), (0.19390213, 0.07868331, 0.97786033), (0.26686284, 0.11053647, 0.9573745), (0.31441635, 0.15574709, 0.93642145), (0.21494135, 0.02457489, 0.9763177), (0.26813668, -0.032767847, 0.96282345), (0.18358286, -0.0049433727, 0.98299176), (-0.74992365, -0.45474017, 0.48044336), (-0.7113642, -0.411955, 0.5694332), (-0.703937, -0.4023953, 0.5852784), (-0.703937, -0.4023953, 0.5852784), (-0.64153856, -0.22349036, 0.7338122), (-0.64070874, -0.2217535, 0.7350631), (-0.64153856, -0.22349036, 0.7338122), (-0.5263653, -0.17915191, 0.8311703), (-0.64070874, -0.2217535, 0.7350631), (-0.5263653, -0.17915191, 0.8311703), (-0.4010723, -0.2772932, 0.87306905), (-0.4544856, -0.19179356, 0.86986095), (-0.4010723, -0.2772932, 0.87306905), (-0.35637143, -0.28593475, 0.88951707), (-0.34630418, -0.3195218, 0.8820314), (-0.4544856, -0.19179356, 0.86986095), (-0.5126372, -0.14724259, 0.8458857), (-0.5263653, -0.17915191, 0.8311703), (-0.46647716, -0.10159055, 0.87868), (-0.340408, -0.093828484, 0.9355846), (-0.33120412, -0.05257908, 0.942093), (-0.34630418, -0.3195218, 0.8820314), (-0.29605886, -0.20176618, 0.9336164), (-0.4010723, -0.2772932, 0.87306905), (-0.4010723, -0.2772932, 0.87306905), (-0.340408, -0.093828484, 0.9355846), (-0.4544856, -0.19179356, 0.86986095), (-0.33120412, -0.05257908, 0.942093), (-0.13790815, -0.005122585, 0.9904317), (-0.17002496, 0.0010666446, 0.9854391), (-0.31974965, -0.2523172, 0.91328865), (-0.117496975, -0.070103265, 0.9905958), (-0.29605886, -0.20176618, 0.9336164), (-0.29605886, -0.20176618, 0.9336164), (-0.13790815, -0.005122585, 0.9904317), (-0.340408, -0.093828484, 0.9355846), (-0.13790815, -0.005122585, 0.9904317), (-0.10702692, 0.015131156, 0.99414104), (-0.17002496, 0.0010666446, 0.9854391), (-0.117496975, -0.070103265, 0.9905958), (-0.026375389, -0.046005372, 0.9985929), (-0.051163368, -0.04806336, 0.9975331), (-0.117496975, -0.070103265, 0.9905958), (-0.105701976, -0.028424522, 0.99399155), (-0.13790815, -0.005122585, 0.9904317), (-0.098029576, -0.13875899, 0.9854624), (-0.06966474, -0.02775866, 0.9971842), (-0.18412416, -0.032270227, 0.9823731), (-0.07367234, -0.19401042, 0.9782292), (-0.09890044, -0.09437787, 0.9906117), (-0.048177235, -0.08574207, 0.9951518), (-0.098029576, -0.13875899, 0.9854624), (-0.048177235, -0.08574207, 0.9951518), (-0.0334502, -0.077653654, 0.9964191), (-0.105701976, -0.028424522, 0.99399155), (-0.07367234, -0.19401042, 0.9782292), (-0.098029576, -0.13875899, 0.9854624), (-0.051163368, -0.04806336, 0.9975331), (-0.07581458, -0.12603189, 0.9891249), (-0.07367234, -0.19401042, 0.9782292), (-0.105701976, -0.028424522, 0.99399155), (-0.18412416, -0.032270227, 0.9823731), (-0.10702692, 0.015131156, 0.99414104), (0.88732445, 0.0042408495, 0.46112624), (0.8335374, 0.007225565, 0.55241585), (0.82236785, 0.006538928, 0.56891865), (0.82236785, 0.006538928, 0.56891865), (0.6711483, -0.07518289, 0.73750085), (0.66951466, -0.07589362, 0.73891157), (0.6711483, -0.07518289, 0.73750085), (0.5546635, -0.02743368, 0.83162236), (0.66951466, -0.07589362, 0.73891157), (0.5546635, -0.02743368, 0.83162236), (0.5119461, 0.13054672, 0.84904), (0.50497156, 0.030839039, 0.8625848), (0.5119461, 0.13054672, 0.84904), (0.4812886, 0.16615841, 0.8606699), (0.492617, 0.19753475, 0.84753084), (0.50497156, 0.030839039, 0.8625848), (0.52525574, -0.042430207, 0.849886), (0.5546635, -0.02743368, 0.83162236), (0.46204504, -0.04651435, 0.8856358), (0.3570325, 0.030059358, 0.9336082), (0.32558328, 0.0036428876, 0.9455064), (0.492617, 0.19753475, 0.84753084), (0.38435513, 0.14150321, 0.91227627), (0.5119461, 0.13054672, 0.84904), (0.5119461, 0.13054672, 0.84904), (0.3570325, 0.030059358, 0.9336082), (0.50497156, 0.030839039, 0.8625848), (0.32558328, 0.0036428876, 0.9455064), (0.142633, 0.08635143, 0.9860016), (0.16486335, 0.061902046, 0.98437196), (0.43259957, 0.16461806, 0.8864302), (0.16420963, 0.15000246, 0.97495353), (0.38435513, 0.14150321, 0.91227627), (0.38435513, 0.14150321, 0.91227627), (0.142633, 0.08635143, 0.9860016), (0.3570325, 0.030059358, 0.9336082), (0.142633, 0.08635143, 0.9860016), (0.10585775, 0.088818476, 0.99040675), (0.16486335, 0.061902046, 0.98437196), (0.16420963, 0.15000246, 0.97495353), (0.076532155, 0.18519007, 0.9797181), (0.09777496, 0.17222281, 0.98019356), (0.16420963, 0.15000246, 0.97495353), (0.13031876, 0.12424635, 0.98365635), (0.142633, 0.08635143, 0.9860016), (0.18855336, 0.21516907, 0.95820135), (0.10083847, 0.1452226, 0.98424685), (0.19573547, 0.07973303, 0.9774099), (0.20102157, 0.27215683, 0.9410212), (0.16338864, 0.18016307, 0.9699719), (0.11738815, 0.20356491, 0.97199863), (0.18855336, 0.21516907, 0.95820135), (0.11738815, 0.20356491, 0.97199863), (0.100755185, 0.20590556, 0.97337115), (0.13031876, 0.12424635, 0.98365635), (0.20102157, 0.27215683, 0.9410212), (0.18855336, 0.21516907, 0.95820135), (0.09777496, 0.17222281, 0.98019356), (0.16321105, 0.21856344, 0.962077), (0.20102157, 0.27215683, 0.9410212), (0.13031876, 0.12424635, 0.98365635), (0.19573547, 0.07973303, 0.9774099), (0.10585775, 0.088818476, 0.99040675), (0.20109893, 0.84295195, 0.49899015), (0.19475703, 0.78528833, 0.58770055), (0.19453217, 0.77321446, 0.60356987), (0.19453217, 0.77321446, 0.60356987), (0.2582229, 0.5994794, 0.75759184), (0.2587208, 0.5976413, 0.7588731), (0.2582229, 0.5994794, 0.75759184), (0.1962729, 0.48856738, 0.850164), (0.2587208, 0.5976413, 0.7588731), (0.1962729, 0.48856738, 0.850164), (0.034804046, 0.47529185, 0.87913954), (0.13205346, 0.44892684, 0.8837571), (0.034804046, 0.47529185, 0.87913954), (-0.005047251, 0.45121828, 0.8923993), (-0.034567196, 0.46900535, 0.8825186), (0.13205346, 0.44892684, 0.8837571), (0.20667712, 0.45582688, 0.86574036), (0.1962729, 0.48856738, 0.850164), (0.20124517, 0.3909353, 0.89814806), (0.1097986, 0.29946756, 0.9477676), (0.13050558, 0.26295993, 0.95593953), (-0.034567196, 0.46900535, 0.8825186), (0.0043828967, 0.3484537, 0.93731576), (0.034804046, 0.47529185, 0.87913954), (0.034804046, 0.47529185, 0.87913954), (0.1097986, 0.29946756, 0.9477676), (0.13205346, 0.44892684, 0.8837571), (0.13050558, 0.26295993, 0.95593953), (0.01752211, 0.096681826, 0.9951611), (0.04559046, 0.11398901, 0.9924354), (-0.010934472, 0.40164652, 0.91572946), (-0.04145538, 0.13044597, 0.99058837), (0.0043828967, 0.3484537, 0.93731576), (0.0043828967, 0.3484537, 0.93731576), (0.01752211, 0.096681826, 0.9951611), (0.1097986, 0.29946756, 0.9477676), (0.01752211, 0.096681826, 0.9951611), (0.008383628, 0.06082916, 0.998113), (0.04559046, 0.11398901, 0.9924354), (-0.04145538, 0.13044597, 0.99058837), (-0.0923541, 0.050808117, 0.9944291), (-0.07555103, 0.06917323, 0.9947397), (-0.04145538, 0.13044597, 0.99058837), (-0.022095053, 0.09186418, 0.9955264), (0.01752211, 0.096681826, 0.9951611), (-0.10181319, 0.16755092, 0.980592), (-0.04822941, 0.06686522, 0.99659574), (0.03354239, 0.14802024, 0.9884154), (-0.15648276, 0.19150557, 0.9689369), (-0.071501926, 0.13559945, 0.9881803), (-0.103092216, 0.09477427, 0.99014634), (-0.10181319, 0.16755092, 0.980592), (-0.103092216, 0.09477427, 0.99014634), (-0.10846259, 0.07882786, 0.99097025), (-0.022095053, 0.09186418, 0.9955264), (-0.15648276, 0.19150557, 0.9689369), (-0.10181319, 0.16755092, 0.980592), (-0.07555103, 0.06917323, 0.9947397), (-0.109708615, 0.14311257, 0.983607), (-0.15648276, 0.19150557, 0.9689369), (-0.022095053, 0.09186418, 0.9955264), (0.03354239, 0.14802024, 0.9884154), (0.008383628, 0.06082916, 0.998113), (-0.8890698, -0.025981598, 0.45703372), (-0.8363277, -0.013088812, 0.54807353), (-0.8254595, -0.009419582, 0.5643828), (-0.8254595, -0.009419582, 0.5643828), (-0.6839698, 0.10518098, 0.721888), (-0.68240786, 0.10619221, 0.72321695), (-0.6839698, 0.10518098, 0.721888), (-0.5649072, 0.07967261, 0.8212991), (-0.68240786, 0.10619221, 0.72321695), (-0.5649072, 0.07967261, 0.8212991), (-0.5088179, -0.07064366, 0.8579708), (-0.5107098, 0.030195784, 0.85922265), (-0.5088179, -0.07064366, 0.8579708), (-0.47531942, -0.10174266, 0.8739107), (-0.48371652, -0.13535817, 0.8646945), (-0.5107098, 0.030195784, 0.85922265), (-0.53713864, 0.099306785, 0.8376278), (-0.5649072, 0.07967261, 0.8212991), (-0.4749555, 0.11325095, 0.87269205), (-0.36426535, 0.052612443, 0.9298079), (-0.33537647, 0.082938746, 0.9384262), (-0.48371652, -0.13535817, 0.8646945), (-0.38152736, -0.06256579, 0.92223763), (-0.5088179, -0.07064366, 0.8579708), (-0.5088179, -0.07064366, 0.8579708), (-0.36426535, 0.052612443, 0.9298079), (-0.5107098, 0.030195784, 0.85922265), (-0.33537647, 0.082938746, 0.9384262), (-0.14642316, 0.022167046, 0.9889737), (-0.1706762, 0.04419023, 0.9843358), (-0.427263, -0.09280566, 0.89935166), (-0.16224474, -0.044003278, 0.9857689), (-0.38152736, -0.06256579, 0.92223763), (-0.38152736, -0.06256579, 0.92223763), (-0.14642316, 0.022167046, 0.9889737), (-0.36426535, 0.052612443, 0.9298079), (-0.14642316, 0.022167046, 0.9889737), (-0.10963161, 0.023496483, 0.9936945), (-0.1706762, 0.04419023, 0.9843358), (-0.16224474, -0.044003278, 0.9857689), (-0.07190324, -0.07050777, 0.9949163), (-0.09419978, -0.05949738, 0.9937738), (-0.16224474, -0.044003278, 0.9857689), (-0.13083148, -0.014502308, 0.9912985), (-0.14642316, 0.022167046, 0.9889737), (-0.1806238, -0.11261143, 0.97708434), (-0.09965004, -0.03258085, 0.9944891), (-0.19979697, 0.023002036, 0.9795673), (-0.18787907, -0.17213964, 0.9669899), (-0.15874332, -0.074353, 0.98451626), (-0.11090711, -0.093211934, 0.9894499), (-0.1806238, -0.11261143, 0.97708434), (-0.11090711, -0.093211934, 0.9894499), (-0.09415219, -0.09390047, 0.99111956), (-0.13083148, -0.014502308, 0.9912985), (-0.18787907, -0.17213964, 0.9669899), (-0.1806238, -0.11261143, 0.97708434), (-0.09419978, -0.05949738, 0.9937738), (-0.15513207, -0.11326443, 0.9813792), (-0.18787907, -0.17213964, 0.9669899), (-0.13083148, -0.014502308, 0.9912985), (-0.19979697, 0.023002036, 0.9795673), (-0.10963161, 0.023496483, 0.9936945), (-0.82726485, 0.29872328, 0.4758122), (-0.7756351, 0.27886212, 0.5662386), (-0.76452905, 0.27594072, 0.58253926), (-0.76452905, 0.27594072, 0.58253926), (-0.5910818, 0.30401516, 0.74712586), (-0.5892746, 0.30414996, 0.74849737), (-0.5910818, 0.30401516, 0.74712586), (-0.4953474, 0.220972, 0.8401204), (-0.5892746, 0.30414996, 0.74849737), (-0.4953474, 0.220972, 0.8401204), (-0.50769955, 0.058012065, 0.8595788), (-0.46741217, 0.14974, 0.8712656), (-0.50769955, 0.058012065, 0.8595788), (-0.49051368, 0.014307303, 0.871316), (-0.5119849, -0.011589411, 0.8589163), (-0.46741217, 0.14974, 0.8712656), (-0.46222886, 0.22542621, 0.857629), (-0.4953474, 0.220972, 0.8401204), (-0.40054977, 0.2084516, 0.8922487), (-0.32628372, 0.10160943, 0.9397949), (-0.28754792, 0.11606787, 0.9507073), (-0.5119849, -0.011589411, 0.8589163), (-0.3898378, 0.005569333, 0.9208667), (-0.50769955, 0.058012065, 0.8595788), (-0.50769955, 0.058012065, 0.8595788), (-0.32628372, 0.10160943, 0.9397949), (-0.46741217, 0.14974, 0.8712656), (-0.28754792, 0.11606787, 0.9507073), (-0.14208795, -0.02278706, 0.9895917), (-0.15486367, 0.0076860576, 0.9879059), (-0.4435836, -0.00029881275, 0.89623296), (-0.18398675, -0.07562523, 0.98001516), (-0.3898378, 0.005569333, 0.9208667), (-0.3898378, 0.005569333, 0.9208667), (-0.14208795, -0.02278706, 0.9895917), (-0.32628372, 0.10160943, 0.9397949), (-0.14208795, -0.02278706, 0.9895917), (-0.108183, -0.037400313, 0.9934272), (-0.15486367, 0.0076860576, 0.9879059), (-0.18398675, -0.07562523, 0.98001516), (-0.11310066, -0.13813604, 0.9839342), (-0.1287546, -0.11879107, 0.984536), (-0.18398675, -0.07562523, 0.98001516), (-0.14324638, -0.06264163, 0.9877026), (-0.14208795, -0.02278706, 0.9895917), (-0.22912447, -0.12901993, 0.9648087), (-0.122502685, -0.09228529, 0.98816824), (-0.19007039, 0.0011725824, 0.9817698), (-0.26034427, -0.17870371, 0.94883394), (-0.19342989, -0.10436524, 0.97554743), (-0.15789942, -0.14182222, 0.9772175), (-0.22912447, -0.12901993, 0.9648087), (-0.15789942, -0.14182222, 0.9772175), (-0.14299475, -0.14959487, 0.9783526), (-0.14324638, -0.06264163, 0.9877026), (-0.26034427, -0.17870371, 0.94883394), (-0.22912447, -0.12901993, 0.9648087), (-0.1287546, -0.11879107, 0.984536), (-0.20631045, -0.14068161, 0.96832055), (-0.26034427, -0.17870371, 0.94883394), (-0.14324638, -0.06264163, 0.9877026), (-0.19007039, 0.0011725824, 0.9817698), (-0.108183, -0.037400313, 0.9934272), (0.54878783, -0.682565, 0.48263538), (0.5085774, -0.64315766, 0.5724484), (0.49944004, -0.63574487, 0.5885474), (0.49944004, -0.63574487, 0.5885474), (0.32566625, -0.5809907, 0.7459164), (0.32394528, -0.5802536, 0.74723834), (0.32566625, -0.5809907, 0.7459164), (0.27772424, -0.4650361, 0.8406014), (0.32394528, -0.5802536, 0.74723834), (0.27772424, -0.4650361, 0.8406014), (0.36696392, -0.32987007, 0.86978346), (0.2864584, -0.390417, 0.87493783), (0.36696392, -0.32987007, 0.86978346), (0.37268814, -0.2837975, 0.88349456), (0.40470937, -0.27133206, 0.8732636), (0.2864584, -0.390417, 0.87493783), (0.24574584, -0.4533023, 0.8568115), (0.27772424, -0.4650361, 0.8406014), (0.19841565, -0.40951014, 0.89046764), (0.18327549, -0.28174227, 0.9418234), (0.14188509, -0.27572882, 0.95070624), (0.40470937, -0.27133206, 0.8732636), (0.28654897, -0.22859037, 0.9303957), (0.36696392, -0.32987007, 0.86978346), (0.36696392, -0.32987007, 0.86978346), (0.18327549, -0.28174227, 0.9418234), (0.2864584, -0.390417, 0.87493783), (0.14188509, -0.27572882, 0.95070624), (0.08083047, -0.08487403, 0.9931076), (0.07718168, -0.11761459, 0.99005544), (0.33757877, -0.24895358, 0.90777904), (0.14364235, -0.05905996, 0.9878658), (0.28654897, -0.22859037, 0.9303957), (0.28654897, -0.22859037, 0.9303957), (0.08083047, -0.08487403, 0.9931076), (0.18327549, -0.28174227, 0.9418234), (0.08083047, -0.08487403, 0.9931076), (0.058225248, -0.05566037, 0.9967506), (0.07718168, -0.11761459, 0.99005544), (0.14364235, -0.05905996, 0.9878658), (0.11219776, 0.029993221, 0.9932331), (0.11635439, 0.0054496843, 0.99319285), (0.14364235, -0.05905996, 0.9878658), (0.10139601, -0.05066599, 0.9935552), (0.08083047, -0.08487403, 0.9931076), (0.20985284, -0.03414699, 0.97713655), (0.097768106, -0.014698634, 0.9951006), (0.111361645, -0.12898305, 0.98537403), (0.26217216, -0.005617624, 0.96500474), (0.16614324, -0.038499158, 0.9853498), (0.15338995, 0.011479499, 0.98809904), (0.20985284, -0.03414699, 0.97713655), (0.15338995, 0.011479499, 0.98809904), (0.14413337, 0.025511766, 0.9892294), (0.10139601, -0.05066599, 0.9935552), (0.26217216, -0.005617624, 0.96500474), (0.20985284, -0.03414699, 0.97713655), (0.11635439, 0.0054496843, 0.99319285), (0.19548474, -0.012931993, 0.9806215), (0.26217216, -0.005617624, 0.96500474), (0.10139601, -0.05066599, 0.9935552), (0.111361645, -0.12898305, 0.98537403), (0.058225248, -0.05566037, 0.9967506), (-0.10339043, -0.91280377, 0.39509454), (-0.10200817, -0.8657063, 0.49004787), (-0.10285478, -0.85564417, 0.5072415), (-0.10285478, -0.85564417, 0.5072415), (-0.18259853, -0.70922214, 0.6809271), (-0.18323797, -0.7076176, 0.682423), (-0.18259853, -0.70922214, 0.6809271), (-0.13154593, -0.6040542, 0.7860116), (-0.18323797, -0.7076176, 0.682423), (-0.13154593, -0.6040542, 0.7860116), (0.027968666, -0.57705057, 0.81622934), (-0.0714621, -0.5620086, 0.82403857), (0.027968666, -0.57705057, 0.81622934), (0.06520646, -0.5505807, 0.8322314), (0.09631486, -0.56379956, 0.8202765), (-0.0714621, -0.5620086, 0.82403857), (-0.1451679, -0.5746954, 0.805389), (-0.13154593, -0.6040542, 0.7860116), (-0.1462344, -0.5138938, 0.84529805), (-0.06437766, -0.41966483, 0.90539324), (-0.08874011, -0.38681713, 0.9178767), (0.09631486, -0.56379956, 0.8202765), (0.045502055, -0.45546895, 0.8890881), (0.027968666, -0.57705057, 0.81622934), (0.027968666, -0.57705057, 0.81622934), (-0.06437766, -0.41966483, 0.90539324), (-0.0714621, -0.5620086, 0.82403857), (-0.08874011, -0.38681713, 0.9178767), (0.00642526, -0.21519622, 0.9765497), (-0.019679166, -0.23496963, 0.9718034), (0.066100255, -0.5037765, 0.8613014), (0.06859362, -0.2416549, 0.96793485), (0.045502055, -0.45546895, 0.8890881), (0.045502055, -0.45546895, 0.8890881), (0.00642526, -0.21519622, 0.9765497), (-0.06437766, -0.41966483, 0.90539324), (0.00642526, -0.21519622, 0.9765497), (0.011731211, -0.17917241, 0.9837477), (-0.019679166, -0.23496963, 0.9718034), (0.06859362, -0.2416549, 0.96793485), (0.110770434, -0.15803376, 0.98120093), (0.09601877, -0.17800026, 0.97933465), (0.06859362, -0.2416549, 0.96793485), (0.045302052, -0.20622921, 0.9774545), (0.00642526, -0.21519622, 0.9765497), (0.13241665, -0.2706216, 0.95353544), (0.06864602, -0.17887752, 0.9814737), (-0.0041316715, -0.2667949, 0.96374446), (0.18915938, -0.28701875, 0.93906283), (0.09897352, -0.2432335, 0.964905), (0.12605259, -0.19977793, 0.9716993), (0.13241665, -0.2706216, 0.95353544), (0.12605259, -0.19977793, 0.9716993), (0.12971528, -0.18355641, 0.9744132), (0.045302052, -0.20622921, 0.9774545), (0.18915938, -0.28701875, 0.93906283), (0.13241665, -0.2706216, 0.95353544), (0.09601877, -0.17800026, 0.97933465), (0.13769968, -0.24600586, 0.9594373), (0.18915938, -0.28701875, 0.93906283), (0.045302052, -0.20622921, 0.9774545), (-0.0041316715, -0.2667949, 0.96374446), (0.011731211, -0.17917241, 0.9837477), (-0.8943904, -0.070240036, 0.44173756), (-0.84445053, -0.050896823, 0.53320986), (-0.8341765, -0.04598021, 0.5495775), (-0.8341765, -0.04598021, 0.5495775), (-0.7037516, 0.08289548, 0.70559335), (-0.70228016, 0.08405441, 0.70692116), (-0.7037516, 0.08289548, 0.70559335), (-0.5852769, 0.068647034, 0.8079223), (-0.70228016, 0.08405441, 0.70692116), (-0.5852769, 0.068647034, 0.8079223), (-0.5201282, -0.076314054, 0.850672), (-0.5287002, 0.024161285, 0.8484647), (-0.5201282, -0.076314054, 0.850672), (-0.4849752, -0.10457314, 0.8682531), (-0.49094656, -0.13895693, 0.8600363), (-0.5287002, 0.024161285, 0.8484647), (-0.55919707, 0.0906121, 0.824068), (-0.5852769, 0.068647034, 0.8079223), (-0.49878642, 0.10981018, 0.85974056), (-0.38549945, 0.05858642, 0.9208462), (-0.35885593, 0.091037884, 0.9289427), (-0.49094656, -0.13895693, 0.8600363), (-0.3949631, -0.057671674, 0.916885), (-0.5201282, -0.076314054, 0.850672), (-0.5201282, -0.076314054, 0.850672), (-0.38549945, 0.05858642, 0.9208462), (-0.5287002, 0.024161285, 0.8484647), (-0.35885593, 0.091037884, 0.9289427), (-0.16735232, 0.044688288, 0.98488384), (-0.19291084, 0.06487843, 0.979069), (-0.43813303, -0.09162558, 0.8942282), (-0.17870201, -0.022459244, 0.98364687), (-0.3949631, -0.057671674, 0.916885), (-0.3949631, -0.057671674, 0.916885), (-0.16735232, 0.044688288, 0.98488384), (-0.38549945, 0.05858642, 0.9208462), (-0.16735232, 0.044688288, 0.98488384), (-0.13082998, 0.048618622, 0.990212), (-0.19291084, 0.06487843, 0.979069), (-0.17870201, -0.022459244, 0.98364687), (-0.08700818, -0.042572085, 0.9952976), (-0.10995419, -0.03311551, 0.9933849), (-0.17870201, -0.022459244, 0.98364687), (-0.14942154, 0.009233864, 0.9887305), (-0.16735232, 0.044688288, 0.98488384), (-0.19233155, -0.09238662, 0.97697145), (-0.11718505, -0.006610826, 0.9930881), (-0.22046252, 0.04165288, 0.9745056), (-0.1954363, -0.15256682, 0.9687765), (-0.17317662, -0.05253725, 0.9834885), (-0.124310374, -0.067990035, 0.9899112), (-0.19233155, -0.09238662, 0.97697145), (-0.124310374, -0.067990035, 0.9899112), (-0.1075852, -0.067504324, 0.9919015), (-0.14942154, 0.009233864, 0.9887305), (-0.1954363, -0.15256682, 0.9687765), (-0.19233155, -0.09238662, 0.97697145), (-0.10995419, -0.03311551, 0.9933849), (-0.16694276, -0.09120378, 0.9817393), (-0.1954363, -0.15256682, 0.9687765), (-0.14942154, 0.009233864, 0.9887305), (-0.22046252, 0.04165288, 0.9745056), (-0.13082998, 0.048618622, 0.990212), (0.7188201, -0.5151178, 0.46685264), (0.665148, -0.4977666, 0.55660254), (0.6535877, -0.49492833, 0.5725985), (0.6535877, -0.49492833, 0.5725985), (0.46606106, -0.51024044, 0.7228013), (0.46414578, -0.5101909, 0.7240676), (0.46606106, -0.51024044, 0.7228013), (0.3807668, -0.42323735, 0.82212335), (0.46414578, -0.5101909, 0.7240676), (0.3807668, -0.42323735, 0.82212335), (0.42180467, -0.2698953, 0.86558497), (0.36435148, -0.35271472, 0.86188185), (0.42180467, -0.2698953, 0.86558497), (0.41223624, -0.22563455, 0.88269496), (0.43903413, -0.20301299, 0.8752342), (0.36435148, -0.35271472, 0.86188185), (0.34618163, -0.42343223, 0.83717585), (0.3807668, -0.42323735, 0.82212335), (0.28632635, -0.39950204, 0.8708705), (0.22992343, -0.287516, 0.9297687), (0.18846484, -0.29545137, 0.93658394), (0.43903413, -0.20301299, 0.8752342), (0.31151742, -0.20408511, 0.92806584), (0.42180467, -0.2698953, 0.86558497), (0.42180467, -0.2698953, 0.86558497), (0.22992343, -0.287516, 0.9297687), (0.36435148, -0.35271472, 0.86188185), (0.18846484, -0.29545137, 0.93658394), (0.06894394, -0.1373024, 0.9881269), (0.07590742, -0.16918384, 0.9826571), (0.36711708, -0.20559476, 0.9071691), (0.12056324, -0.09286663, 0.9883523), (0.31151742, -0.20408511, 0.92806584), (0.31151742, -0.20408511, 0.92806584), (0.06894394, -0.1373024, 0.9881269), (0.22992343, -0.287516, 0.9297687), (0.06894394, -0.1373024, 0.9881269), (0.038174134, -0.11699303, 0.99239874), (0.07590742, -0.16918384, 0.9826571), (0.12056324, -0.09286663, 0.9883523), (0.06249413, -0.018807005, 0.9978681), (0.07417192, -0.040744137, 0.99641275), (0.12056324, -0.09286663, 0.9883523), (0.07765503, -0.098554, 0.99209714), (0.06894394, -0.1373024, 0.9881269), (0.17588508, -0.047771446, 0.9832509), (0.062830694, -0.065758616, 0.9958555), (0.11207113, -0.16891201, 0.97923887), (0.21693681, -0.0034630208, 0.97617954), (0.13551834, -0.06619062, 0.98856133), (0.10758753, -0.02308279, 0.9939276), (0.17588508, -0.047771446, 0.9832509), (0.10758753, -0.02308279, 0.9939276), (0.09434578, -0.012769762, 0.9954576), (0.07765503, -0.098554, 0.99209714), (0.21693681, -0.0034630208, 0.97617954), (0.17588508, -0.047771446, 0.9832509), (0.07417192, -0.040744137, 0.99641275), (0.15544969, -0.03245468, 0.9873105), (0.21693681, -0.0034630208, 0.97617954), (0.07765503, -0.098554, 0.99209714), (0.11207113, -0.16891201, 0.97923887), (0.038174134, -0.11699303, 0.99239874), (0.1844076, 0.87946725, 0.4387838), (0.18526402, 0.82695866, 0.530864), (0.1864087, 0.81585544, 0.54738635), (0.1864087, 0.81585544, 0.54738635), (0.26595387, 0.65468955, 0.7075664), (0.2665814, 0.6529616, 0.70892555), (0.26595387, 0.65468955, 0.7075664), (0.21409005, 0.5467917, 0.8094345), (0.2665814, 0.6529616, 0.70892555), (0.21409005, 0.5467917, 0.8094345), (0.05508712, 0.52794045, 0.8474929), (0.15360692, 0.5063436, 0.8485405), (0.05508712, 0.52794045, 0.8474929), (0.017150229, 0.5029145, 0.86416596), (-0.013648817, 0.5187206, 0.85483485), (0.15360692, 0.5063436, 0.8485405), (0.22682886, 0.51554173, 0.82629615), (0.21409005, 0.5467917, 0.8094345), (0.22614919, 0.4525176, 0.86260325), (0.1417986, 0.36010912, 0.92207086), (0.16462478, 0.32513225, 0.9312292), (-0.013648817, 0.5187206, 0.85483485), (0.033747368, 0.40354383, 0.91433775), (0.05508712, 0.52794045, 0.8474929), (0.05508712, 0.52794045, 0.8474929), (0.1417986, 0.36010912, 0.92207086), (0.15360692, 0.5063436, 0.8485405), (0.16462478, 0.32513225, 0.9312292), (0.061899886, 0.15652634, 0.98573214), (0.08892779, 0.17489712, 0.98056257), (0.01482532, 0.45460448, 0.8905701), (0.0012038518, 0.18724273, 0.98231286), (0.033747368, 0.40354383, 0.91433775), (0.033747368, 0.40354383, 0.91433775), (0.061899886, 0.15652634, 0.98573214), (0.1417986, 0.36010912, 0.92207086), (0.061899886, 0.15652634, 0.98573214), (0.054662485, 0.12053436, 0.991203), (0.08892779, 0.17489712, 0.98056257), (0.0012038518, 0.18724273, 0.98231286), (-0.04553168, 0.10574472, 0.9933503), (-0.029642936, 0.12483993, 0.991734), (0.0012038518, 0.18724273, 0.98231286), (0.02262233, 0.14994241, 0.9884358), (0.061899886, 0.15652634, 0.98573214), (-0.061300553, 0.22090437, 0.97336715), (-0.0021925147, 0.123892255, 0.9922932), (0.07506131, 0.208044, 0.9752351), (-0.11757421, 0.2416127, 0.9632236), (-0.02914027, 0.19087481, 0.98118174), (-0.058555264, 0.14884274, 0.9871257), (-0.061300553, 0.22090437, 0.97336715), (-0.058555264, 0.14884274, 0.9871257), (-0.06311265, 0.13274561, 0.9891388), (0.02262233, 0.14994241, 0.9884358), (-0.11757421, 0.2416127, 0.9632236), (-0.061300553, 0.22090437, 0.97336715), (-0.029642936, 0.12483993, 0.991734), (-0.06784415, 0.19635557, 0.9781828), (-0.11757421, 0.2416127, 0.9632236), (0.02262233, 0.14994241, 0.9884358), (0.07506131, 0.208044, 0.9752351), (0.054662485, 0.12053436, 0.991203), (-0.664514, 0.5797208, 0.4715346), (-0.6123479, 0.5570664, 0.56098765), (-0.60103977, 0.553092, 0.57692325), (-0.60103977, 0.553092, 0.57692325), (-0.41226023, 0.5500335, 0.7262952), (-0.41035792, 0.54979587, 0.7275512), (-0.41226023, 0.5500335, 0.7262952), (-0.33519888, 0.45500833, 0.82499045), (-0.41035792, 0.54979587, 0.7275512), (-0.33519888, 0.45500833, 0.82499045), (-0.39044073, 0.3061356, 0.8682379), (-0.32538614, 0.38312605, 0.8644873), (-0.39044073, 0.3061356, 0.8682379), (-0.38505572, 0.26111168, 0.8851852), (-0.41391513, 0.24116442, 0.87778926), (-0.32538614, 0.38312605, 0.8644873), (-0.30068138, 0.45186672, 0.8398852), (-0.33519888, 0.45500833, 0.82499045), (-0.24322678, 0.42224988, 0.8732387), (-0.19748083, 0.30522436, 0.93157905), (-0.15542203, 0.3091612, 0.93822354), (-0.41391513, 0.24116442, 0.87778926), (-0.28664887, 0.2299383, 0.93003273), (-0.39044073, 0.3061356, 0.8682379), (-0.39044073, 0.3061356, 0.8682379), (-0.19748083, 0.30522436, 0.93157905), (-0.32538614, 0.38312605, 0.8644873), (-0.15542203, 0.3091612, 0.93822354), (-0.051272616, 0.14020224, 0.98879445), (-0.055189554, 0.17261842, 0.9834414), (-0.34194085, 0.23679647, 0.9093976), (-0.106884375, 0.10087732, 0.9891408), (-0.28664887, 0.2299383, 0.93003273), (-0.28664887, 0.2299383, 0.93003273), (-0.051272616, 0.14020224, 0.98879445), (-0.19748083, 0.30522436, 0.93157905), (-0.051272616, 0.14020224, 0.98879445), (-0.022550004, 0.11704576, 0.99287045), (-0.055189554, 0.17261842, 0.9834414), (-0.106884375, 0.10087732, 0.9891408), (-0.056078803, 0.0216016, 0.9981926), (-0.06562106, 0.0445521, 0.9968496), (-0.106884375, 0.10087732, 0.9891408), (-0.06360777, 0.102444224, 0.992703), (-0.051272616, 0.14020224, 0.98879445), (-0.16626084, 0.061265446, 0.9841767), (-0.051956214, 0.06837812, 0.99630564), (-0.09122827, 0.17579779, 0.98019), (-0.21137168, 0.021085545, 0.9771782), (-0.124302275, 0.07574338, 0.98934925), (-0.10057533, 0.030155646, 0.9944723), (-0.16626084, 0.061265446, 0.9841767), (-0.10057533, 0.030155646, 0.9944723), (-0.08837055, 0.018626455, 0.9959135), (-0.06360777, 0.102444224, 0.992703), (-0.21137168, 0.021085545, 0.9771782), (-0.16626084, 0.061265446, 0.9841767), (-0.06562106, 0.0445521, 0.9968496), (-0.14735872, 0.044062503, 0.9881012), (-0.21137168, 0.021085545, 0.9771782), (-0.06360777, 0.102444224, 0.992703), (-0.09122827, 0.17579779, 0.98019), (-0.022550004, 0.11704576, 0.99287045), (-0.570751, 0.66453034, 0.48233047), (-0.5269026, 0.62869793, 0.5719376), (-0.5170993, 0.62201905, 0.5879631), (-0.5170993, 0.62201905, 0.5879631), (-0.3377709, 0.5783836, 0.74255186), (-0.3359928, 0.5777526, 0.7438486), (-0.3377709, 0.5783836, 0.74255186), (-0.28246012, 0.46655166, 0.83818), (-0.3359928, 0.5777526, 0.7438486), (-0.28246012, 0.46655166, 0.83818), (-0.3645653, 0.32787243, 0.8715457), (-0.2869427, 0.3922346, 0.8739656), (-0.3645653, 0.32787243, 0.8715457), (-0.36781234, 0.28183648, 0.8861615), (-0.39940506, 0.2676914, 0.87682205), (-0.2869427, 0.3922346, 0.8739656), (-0.2496411, 0.45663455, 0.8539111), (-0.28246012, 0.46655166, 0.83818), (-0.19960976, 0.41574085, 0.887308), (-0.17737795, 0.28977853, 0.9405135), (-0.13557458, 0.28588864, 0.94862384), (-0.39940506, 0.2676914, 0.87682205), (-0.27821726, 0.23161383, 0.932175), (-0.3645653, 0.32787243, 0.8715457), (-0.3645653, 0.32787243, 0.8715457), (-0.17737795, 0.28977853, 0.9405135), (-0.2869427, 0.3922346, 0.8739656), (-0.13557458, 0.28588864, 0.94862384), (-0.06466973, 0.09892509, 0.99299127), (-0.06264347, 0.13174227, 0.98930264), (-0.33060253, 0.24913515, 0.9102932), (-0.12627558, 0.07008527, 0.9895163), (-0.27821726, 0.23161383, 0.932175), (-0.27821726, 0.23161383, 0.932175), (-0.06466973, 0.09892509, 0.99299127), (-0.17737795, 0.28977853, 0.9405135), (-0.06466973, 0.09892509, 0.99299127), (-0.040630404, 0.07088296, 0.9966568), (-0.06264347, 0.13174227, 0.98930264), (-0.12627558, 0.07008527, 0.9895163), (-0.09052901, -0.017271811, 0.99574405), (-0.095849335, 0.007042841, 0.9953709), (-0.12627558, 0.07008527, 0.9895163), (-0.083572246, 0.06379919, 0.9944573), (-0.06466973, 0.09892509, 0.99299127), (-0.19143128, 0.041885614, 0.98061186), (-0.078210056, 0.028073361, 0.9965415), (-0.097412035, 0.14139895, 0.9851483), (-0.24257013, 0.010703634, 0.9700748), (-0.14781919, 0.048443634, 0.9878272), (-0.13265061, -0.00081717066, 0.99116254), (-0.19143128, 0.041885614, 0.98061186), (-0.13265061, -0.00081717066, 0.99116254), (-0.12271911, -0.014378064, 0.9923373), (-0.083572246, 0.06379919, 0.9944573), (-0.24257013, 0.010703634, 0.9700748), (-0.19143128, 0.041885614, 0.98061186), (-0.095849335, 0.007042841, 0.9953709), (-0.17600201, 0.02143887, 0.9841563), (-0.24257013, 0.010703634, 0.9700748), (-0.083572246, 0.06379919, 0.9944573), (-0.097412035, 0.14139895, 0.9851483), (-0.040630404, 0.07088296, 0.9966568), (0.46776465, -0.74767405, 0.4713595), (0.43430918, -0.7039753, 0.56195575), (0.42644083, -0.69555736, 0.57822853), (0.42644083, -0.69555736, 0.57822853), (0.26353765, -0.6203103, 0.7387577), (0.26193458, -0.6193873, 0.7401011), (0.26353765, -0.6203103, 0.7387577), (0.2320429, -0.4997177, 0.83452874), (0.26193458, -0.6193873, 0.7401011), (0.2320429, -0.4997177, 0.83452874), (0.3379059, -0.37683317, 0.86244786), (0.25059134, -0.42691824, 0.8688756), (0.3379059, -0.37683317, 0.86244786), (0.3495507, -0.33189273, 0.87616295), (0.38269508, -0.323461, 0.86540025), (0.25059134, -0.42691824, 0.8688756), (0.20206209, -0.48416975, 0.85132277), (0.2320429, -0.4997177, 0.83452874), (0.16113308, -0.434981, 0.88590497), (0.16289665, -0.30654997, 0.93781227), (0.12273065, -0.29547602, 0.9474339), (0.38269508, -0.323461, 0.86540025), (0.27177197, -0.2666067, 0.9246951), (0.3379059, -0.37683317, 0.86244786), (0.3379059, -0.37683317, 0.86244786), (0.16289665, -0.30654997, 0.93781227), (0.25059134, -0.42691824, 0.8688756), (0.12273065, -0.29547602, 0.9474339), (0.0866405, -0.09869908, 0.99133843), (0.07889224, -0.13071795, 0.98827565), (0.31947184, -0.29306024, 0.90114015), (0.15207714, -0.08087638, 0.9850541), (0.27177197, -0.2666067, 0.9246951), (0.27177197, -0.2666067, 0.9246951), (0.0866405, -0.09869908, 0.99133843), (0.16289665, -0.30654997, 0.93781227), (0.0866405, -0.09869908, 0.99133843), (0.06791034, -0.06691741, 0.9954447), (0.07889224, -0.13071795, 0.98827565), (0.15207714, -0.08087638, 0.9850541), (0.13205583, 0.011370999, 0.9911771), (0.13312213, -0.013498101, 0.99100775), (0.15207714, -0.08087638, 0.9850541), (0.11130653, -0.067318104, 0.9915035), (0.0866405, -0.09869908, 0.99133843), (0.22068302, -0.06434566, 0.9732207), (0.112217076, -0.031184247, 0.9931943), (0.11130611, -0.14622968, 0.98296887), (0.2759298, -0.042492345, 0.960238), (0.1769128, -0.063264444, 0.9821912), (0.17052563, -0.012103167, 0.9852789), (0.22068302, -0.06434566, 0.9732207), (0.17052563, -0.012103167, 0.9852789), (0.1631144, 0.002969422, 0.98660266), (0.11130653, -0.067318104, 0.9915035), (0.2759298, -0.042492345, 0.960238), (0.22068302, -0.06434566, 0.9732207), (0.13312213, -0.013498101, 0.99100775), (0.20912346, -0.041524153, 0.9770072), (0.2759298, -0.042492345, 0.960238), (0.11130653, -0.067318104, 0.9915035), (0.11130611, -0.14622968, 0.98296887), (0.06791034, -0.06691741, 0.9954447), (0.80385274, 0.37907973, 0.45838773), (0.7630514, 0.34153143, 0.5487339), (0.75502557, 0.3329772, 0.56485623), (0.75502557, 0.3329772, 0.56485623), (0.6776312, 0.16325985, 0.7170511), (0.67666394, 0.1616305, 0.71833247), (0.6776312, 0.16325985, 0.7170511), (0.5606663, 0.13229923, 0.8174045), (0.67666394, 0.1616305, 0.71833247), (0.5606663, 0.13229923, 0.8174045), (0.44726452, 0.24346949, 0.860626), (0.49137822, 0.15281884, 0.85743445), (0.44726452, 0.24346949, 0.860626), (0.4040915, 0.25692552, 0.87789476), (0.39741996, 0.29129598, 0.87017477), (0.49137822, 0.15281884, 0.85743445), (0.5440142, 0.10216658, 0.8328328), (0.5606663, 0.13229923, 0.8174045), (0.4940818, 0.061962944, 0.8672046), (0.36920056, 0.06806604, 0.92685384), (0.3558858, 0.028080981, 0.9341074), (0.39741996, 0.29129598, 0.87017477), (0.33632827, 0.18002324, 0.92437816), (0.44726452, 0.24346949, 0.860626), (0.44726452, 0.24346949, 0.860626), (0.36920056, 0.06806604, 0.92685384), (0.49137822, 0.15281884, 0.85743445), (0.3558858, 0.028080981, 0.9341074), (0.15982844, 0.001648549, 0.98714346), (0.19100304, -0.0079204915, 0.9815575), (0.3647025, 0.22758918, 0.9028816), (0.1463184, 0.06840609, 0.9868696), (0.33632827, 0.18002324, 0.92437816), (0.33632827, 0.18002324, 0.92437816), (0.15982844, 0.001648549, 0.98714346), (0.36920056, 0.06806604, 0.92685384), (0.15982844, 0.001648549, 0.98714346), (0.12709075, -0.015216871, 0.9917743), (0.19100304, -0.0079204915, 0.9815575), (0.1463184, 0.06840609, 0.9868696), (0.05337888, 0.054067805, 0.9971095), (0.07821295, 0.05351234, 0.9954994), (0.1463184, 0.06840609, 0.9868696), (0.13031268, 0.028237326, 0.9910708), (0.15982844, 0.001648549, 0.98714346), (0.13400422, 0.13867156, 0.9812303), (0.09447939, 0.031382766, 0.9950321), (0.20842932, 0.023723317, 0.9777497), (0.11539202, 0.19608471, 0.97377384), (0.13036059, 0.09449605, 0.9869532), (0.07912796, 0.09125831, 0.9926785), (0.13400422, 0.13867156, 0.9812303), (0.07912796, 0.09125831, 0.9926785), (0.0636671, 0.0847736, 0.9943641), (0.13031268, 0.028237326, 0.9910708), (0.11539202, 0.19608471, 0.97377384), (0.13400422, 0.13867156, 0.9812303), (0.07821295, 0.05351234, 0.9954994), (0.11067795, 0.1283721, 0.98553085), (0.11539202, 0.19608471, 0.97377384), (0.13031268, 0.028237326, 0.9910708), (0.20842932, 0.023723317, 0.9777497), (0.12709075, -0.015216871, 0.9917743), (0.86331123, -0.21633798, 0.4559514), (0.8112841, -0.20485272, 0.54758877), (0.80019194, -0.20363976, 0.5641132), (0.80019194, -0.20363976, 0.5641132), (0.6337351, -0.2554834, 0.7301425), (0.63196665, -0.25584948, 0.73154575), (0.6337351, -0.2554834, 0.7301425), (0.53083426, -0.18628792, 0.8267478), (0.63196665, -0.25584948, 0.73154575), (0.53083426, -0.18628792, 0.8267478), (0.5251431, -0.023560623, 0.8506877), (0.49560314, -0.119523704, 0.8602858), (0.5251431, -0.023560623, 0.8506877), (0.50335664, 0.017600492, 0.8638995), (0.521579, 0.046074934, 0.851958), (0.49560314, -0.119523704, 0.8602858), (0.49871904, -0.19491619, 0.8445631), (0.53083426, -0.18628792, 0.8267478), (0.43610802, -0.18593419, 0.8804762), (0.35111588, -0.089456536, 0.9320489), (0.31443322, -0.10847294, 0.9430617), (0.521579, 0.046074934, 0.851958), (0.40316993, 0.013605363, 0.915024), (0.5251431, -0.023560623, 0.8506877), (0.5251431, -0.023560623, 0.8506877), (0.35111588, -0.089456536, 0.9320489), (0.49560314, -0.119523704, 0.8602858), (0.31443322, -0.10847294, 0.9430617), (0.15497181, 0.012016482, 0.98784584), (0.17105941, -0.016766025, 0.98511803), (0.45550373, 0.026151951, 0.88984966), (0.19051291, 0.06947623, 0.97922313), (0.40316993, 0.013605363, 0.915024), (0.40316993, 0.013605363, 0.915024), (0.15497181, 0.012016482, 0.98784584), (0.35111588, -0.089456536, 0.9320489), (0.15497181, 0.012016482, 0.98784584), (0.1197107, 0.022610847, 0.99255127), (0.17105941, -0.016766025, 0.98511803), (0.19051291, 0.06947623, 0.97922313), (0.11313514, 0.123477906, 0.9858771), (0.13086659, 0.106007464, 0.9857161), (0.19051291, 0.06947623, 0.97922313), (0.15161824, 0.05178304, 0.9870818), (0.15497181, 0.012016482, 0.98784584), (0.22911447, 0.12800516, 0.9649462), (0.12769017, 0.078881, 0.98867226), (0.20520547, -0.006165774, 0.9786995), (0.25429285, 0.18130128, 0.94998163), (0.19659741, 0.09920877, 0.97545224), (0.15712671, 0.1323654, 0.9786678), (0.22911447, 0.12800516, 0.9649462), (0.15712671, 0.1323654, 0.9786678), (0.14146239, 0.13837652, 0.98022467), (0.15161824, 0.05178304, 0.9870818), (0.25429285, 0.18130128, 0.94998163), (0.22911447, 0.12800516, 0.9649462), (0.13086659, 0.106007464, 0.9857161), (0.20519891, 0.136925, 0.9690949), (0.25429285, 0.18130128, 0.94998163), (0.15161824, 0.05178304, 0.9870818), (0.20520547, -0.006165774, 0.9786995), (0.1197107, 0.022610847, 0.99255127), (-0.65727174, 0.611341, 0.44074476), (-0.6190032, 0.576579, 0.533284), (-0.6101909, 0.5702291, 0.55000526), (-0.6101909, 0.5702291, 0.55000526), (-0.44246966, 0.53566253, 0.7192262), (-0.4407697, 0.53513134, 0.72066396), (-0.44246966, 0.53566253, 0.7192262), (-0.38787806, 0.42577317, 0.8174765), (-0.4407697, 0.53513134, 0.72066396), (-0.38787806, 0.42577317, 0.8174765), (-0.46240407, 0.28093207, 0.84098727), (-0.39012805, 0.3505067, 0.8514371), (-0.46240407, 0.28093207, 0.84098727), (-0.46360016, 0.2344522, 0.854463), (-0.49314997, 0.21834792, 0.842097), (-0.39012805, 0.3505067, 0.8514371), (-0.3559366, 0.41781756, 0.8359053), (-0.38787806, 0.42577317, 0.8174765), (-0.30622318, 0.37976184, 0.8729308), (-0.27974638, 0.2544554, 0.92573994), (-0.23864588, 0.2533182, 0.9374849), (-0.49314997, 0.21834792, 0.842097), (-0.37501422, 0.18957135, 0.9074288), (-0.46240407, 0.28093207, 0.84098727), (-0.46240407, 0.28093207, 0.84098727), (-0.27974638, 0.2544554, 0.92573994), (-0.39012805, 0.3505067, 0.8514371), (-0.23864588, 0.2533182, 0.9374849), (-0.1586458, 0.07079912, 0.9847939), (-0.1586688, 0.10375548, 0.98186505), (-0.42639807, 0.20388341, 0.88125837), (-0.21747248, 0.037797976, 0.97533435), (-0.37501422, 0.18957135, 0.9074288), (-0.37501422, 0.18957135, 0.9074288), (-0.1586458, 0.07079912, 0.9847939), (-0.27974638, 0.2544554, 0.92573994), (-0.1586458, 0.07079912, 0.9847939), (-0.1330654, 0.04443482, 0.99011064), (-0.1586688, 0.10375548, 0.98186505), (-0.21747248, 0.037797976, 0.97533435), (-0.17621681, -0.046957776, 0.98323065), (-0.18321912, -0.023074385, 0.9828013), (-0.21747248, 0.037797976, 0.97533435), (-0.17502627, 0.034408893, 0.98396236), (-0.1586458, 0.07079912, 0.9847939), (-0.27939436, 0.0053143236, 0.96016175), (-0.1673145, -0.00089208153, 0.98590314), (-0.19354397, 0.11104425, 0.97478706), (-0.32703137, -0.02912179, 0.9445647), (-0.23717053, 0.01474612, 0.97135603), (-0.21884605, -0.033392068, 0.9751879), (-0.27939436, 0.0053143236, 0.96016175), (-0.21884605, -0.033392068, 0.9751879), (-0.20810866, -0.04624891, 0.9770117), (-0.17502627, 0.034408893, 0.98396236), (-0.32703137, -0.02912179, 0.9445647), (-0.27939436, 0.0053143236, 0.96016175), (-0.18321912, -0.023074385, 0.9828013), (-0.26290324, -0.01407668, 0.9647196), (-0.32703137, -0.02912179, 0.9445647), (-0.17502627, 0.034408893, 0.98396236), (-0.19354397, 0.11104425, 0.97478706), (-0.1330654, 0.04443482, 0.99011064), (0.9050332, -0.034888487, 0.42390764), (0.85509336, -0.033479948, 0.517392), (0.84458584, -0.034411404, 0.5343132), (0.84458584, -0.034411404, 0.5343132), (0.69807774, -0.11757824, 0.7063023), (0.6964664, -0.11828352, 0.7077737), (0.69807774, -0.11757824, 0.7063023), (0.58688605, -0.06986511, 0.80664957), (0.6964664, -0.11828352, 0.7077737), (0.58688605, -0.06986511, 0.80664957), (0.5493832, 0.0885411, 0.8308661), (0.54015285, -0.011336951, 0.84149057), (0.5493832, 0.0885411, 0.8308661), (0.5202395, 0.124560334, 0.8448879), (0.53190744, 0.15603866, 0.83230186), (0.54015285, -0.011336951, 0.84149057), (0.5578319, -0.08466333, 0.8256244), (0.58688605, -0.06986511, 0.80664957), (0.49602866, -0.08822874, 0.86381197), (0.39524952, -0.010494879, 0.91851383), (0.36357328, -0.036432903, 0.9308529), (0.53190744, 0.15603866, 0.83230186), (0.42481896, 0.10081976, 0.8996467), (0.5493832, 0.0885411, 0.8308661), (0.5493832, 0.0885411, 0.8308661), (0.39524952, -0.010494879, 0.91851383), (0.54015285, -0.011336951, 0.84149057), (0.36357328, -0.036432903, 0.9308529), (0.18481731, 0.049775414, 0.98151153), (0.20626749, 0.024804648, 0.9781812), (0.47260976, 0.123477116, 0.8725786), (0.20771585, 0.113155544, 0.9716223), (0.42481896, 0.10081976, 0.8996467), (0.42481896, 0.10081976, 0.8996467), (0.18481731, 0.049775414, 0.98151153), (0.39524952, -0.010494879, 0.91851383), (0.18481731, 0.049775414, 0.98151153), (0.14833738, 0.053082906, 0.9875111), (0.20626749, 0.024804648, 0.9781812), (0.20771585, 0.113155544, 0.9716223), (0.121333174, 0.15051062, 0.9811345), (0.14220358, 0.13696863, 0.9803151), (0.20771585, 0.113155544, 0.9716223), (0.17349306, 0.08804558, 0.9808915), (0.18481731, 0.049775414, 0.98151153), (0.23319218, 0.17816085, 0.95597076), (0.14466844, 0.10977964, 0.98337144), (0.23732351, 0.04202105, 0.9705214), (0.24655832, 0.23533152, 0.94012123), (0.20754525, 0.14347681, 0.9676463), (0.16233996, 0.16802476, 0.9723237), (0.23319218, 0.17816085, 0.95597076), (0.16233996, 0.16802476, 0.9723237), (0.14585242, 0.17076947, 0.97445613), (0.17349306, 0.08804558, 0.9808915), (0.24655832, 0.23533152, 0.94012123), (0.23319218, 0.17816085, 0.95597076), (0.14220358, 0.13696863, 0.9803151), (0.20813519, 0.1821088, 0.96099746), (0.24655832, 0.23533152, 0.94012123), (0.17349306, 0.08804558, 0.9808915), (0.23732351, 0.04202105, 0.9705214), (0.14833738, 0.053082906, 0.9875111), (0.8003669, -0.37631497, 0.46669036), (0.75138134, -0.35272372, 0.5576845), (0.74069977, -0.34896567, 0.57409656), (0.74069977, -0.34896567, 0.57409656), (0.56659925, -0.3628443, 0.73980355), (0.56478703, -0.36281875, 0.74120057), (0.56659925, -0.3628443, 0.73980355), (0.47938624, -0.2723968, 0.8342595), (0.56478703, -0.36281875, 0.74120057), (0.47938624, -0.2723968, 0.8342595), (0.50649506, -0.11140032, 0.8550162), (0.4581993, -0.19923732, 0.86623204), (0.50649506, -0.11140032, 0.8550162), (0.49339575, -0.06643607, 0.867264), (0.51702315, -0.04246156, 0.8549176), (0.4581993, -0.19923732, 0.86623204), (0.44612682, -0.27401957, 0.85198826), (0.47938624, -0.2723968, 0.8342595), (0.38647485, -0.25188798, 0.8872371), (0.32246277, -0.13924634, 0.93628424), (0.28266242, -0.15026098, 0.9473772), (0.51702315, -0.04246156, 0.8549176), (0.39426804, -0.049139988, 0.9176807), (0.50649506, -0.11140032, 0.8550162), (0.50649506, -0.11140032, 0.8550162), (0.32246277, -0.13924634, 0.93628424), (0.4581993, -0.19923732, 0.86623204), (0.28266242, -0.15026098, 0.9473772), (0.15056872, 0.0007468948, 0.98859924), (0.1605406, -0.030734489, 0.98655057), (0.44814977, -0.047899537, 0.8926743), (0.19698521, 0.04968919, 0.9791464), (0.39426804, -0.049139988, 0.9176807), (0.39426804, -0.049139988, 0.9176807), (0.15056872, 0.0007468948, 0.98859924), (0.32246277, -0.13924634, 0.93628424), (0.15056872, 0.0007468948, 0.98859924), (0.11814647, 0.018315049, 0.9928273), (0.1605406, -0.030734489, 0.98655057), (0.19698521, 0.04968919, 0.9791464), (0.13204317, 0.11828387, 0.9841613), (0.145894, 0.09760279, 0.98447376), (0.19698521, 0.04968919, 0.9791464), (0.15529495, 0.040350605, 0.98704374), (0.15056872, 0.0007468948, 0.98859924), (0.24663411, 0.09894658, 0.96404415), (0.13730787, 0.07173559, 0.98792744), (0.19614458, -0.027357243, 0.98019326), (0.2820853, 0.1457675, 0.94825083), (0.20894617, 0.07750468, 0.974851), (0.17694986, 0.11798671, 0.9771222), (0.24663411, 0.09894658, 0.96404415), (0.17694986, 0.11798671, 0.9771222), (0.16281173, 0.1270574, 0.978442), (0.15529495, 0.040350605, 0.98704374), (0.2820853, 0.1457675, 0.94825083), (0.24663411, 0.09894658, 0.96404415), (0.145894, 0.09760279, 0.98447376), (0.22499053, 0.11258031, 0.9678352), (0.2820853, 0.1457675, 0.94825083), (0.15529495, 0.040350605, 0.98704374), (0.19614458, -0.027357243, 0.98019326), (0.11814647, 0.018315049, 0.9928273), (0.3552064, -0.85702, 0.37328953), (0.34053388, -0.81469995, 0.46936205), (0.33620018, -0.8061846, 0.48686334), (0.33620018, -0.8061846, 0.48686334), (0.20877148, -0.7134626, 0.66886896), (0.20754026, -0.7123452, 0.6704412), (0.20877148, -0.7134626, 0.66886896), (0.21181948, -0.5966677, 0.7740286), (0.20754026, -0.7123452, 0.6704412), (0.21181948, -0.5966677, 0.7740286), (0.34229568, -0.49884433, 0.7962336), (0.24788144, -0.5315887, 0.8099186), (0.34229568, -0.49884433, 0.7962336), (0.3639883, -0.4581412, 0.81093717), (0.3968731, -0.4554348, 0.79691327), (0.24788144, -0.5315887, 0.8099186), (0.18740043, -0.5769715, 0.7949748), (0.21181948, -0.5966677, 0.7740286), (0.1608203, -0.52360594, 0.83664423), (0.1933827, -0.40220645, 0.89489275), (0.15742046, -0.38439205, 0.9096491), (0.3968731, -0.4554348, 0.79691327), (0.30611163, -0.38301492, 0.87154764), (0.34229568, -0.49884433, 0.7962336), (0.34229568, -0.49884433, 0.7962336), (0.1933827, -0.40220645, 0.89489275), (0.24788144, -0.5315887, 0.8099186), (0.15742046, -0.38439205, 0.9096491), (0.16587168, -0.18824601, 0.9680134), (0.15163715, -0.2178587, 0.96412843), (0.34494257, -0.41626564, 0.84127134), (0.23255786, -0.18288317, 0.9552333), (0.30611163, -0.38301492, 0.87154764), (0.30611163, -0.38301492, 0.87154764), (0.16587168, -0.18824601, 0.9680134), (0.1933827, -0.40220645, 0.89489275), (0.16587168, -0.18824601, 0.9680134), (0.15435924, -0.15386574, 0.9759603), (0.15163715, -0.2178587, 0.96412843), (0.23255786, -0.18288317, 0.9552333), (0.23202306, -0.0892415, 0.96860796), (0.22810109, -0.113768004, 0.96696776), (0.23255786, -0.18288317, 0.9552333), (0.19617875, -0.1622833, 0.9670461), (0.16587168, -0.18824601, 0.9680134), (0.30150956, -0.17897289, 0.93651515), (0.2044249, -0.12722805, 0.9705789), (0.17960307, -0.23885293, 0.95430183), (0.358383, -0.16720454, 0.9184793), (0.25998, -0.17019874, 0.9504961), (0.2642509, -0.11914645, 0.95706606), (0.30150956, -0.17897289, 0.93651515), (0.2642509, -0.11914645, 0.95706606), (0.26016113, -0.103074364, 0.9600479), (0.19617875, -0.1622833, 0.9670461), (0.358383, -0.16720454, 0.9184793), (0.30150956, -0.17897289, 0.93651515), (0.22810109, -0.113768004, 0.96696776), (0.29517153, -0.15471159, 0.9428351), (0.358383, -0.16720454, 0.9184793), (0.19617875, -0.1622833, 0.9670461), (0.17960307, -0.23885293, 0.95430183), (0.15435924, -0.15386574, 0.9759603), (0.86467916, -0.22037826, 0.4514016), (0.8091301, -0.22870389, 0.5412976), (0.79748386, -0.23118496, 0.5572907), (0.79748386, -0.23118496, 0.5572907), (0.6312075, -0.3234203, 0.7049655), (0.6294394, -0.3241582, 0.70620644), (0.6312075, -0.3234203, 0.7049655), (0.5198759, -0.27995437, 0.8070655), (0.6294394, -0.3241582, 0.70620644), (0.5198759, -0.27995437, 0.8070655), (0.49946484, -0.12457617, 0.8573305), (0.47803164, -0.2228341, 0.84960616), (0.49946484, -0.12457617, 0.8573305), (0.47382495, -0.08810767, 0.87620026), (0.48987487, -0.056662872, 0.8699494), (0.47803164, -0.2228341, 0.84960616), (0.48810524, -0.29400262, 0.8217759), (0.5198759, -0.27995437, 0.8070655), (0.4239041, -0.29623935, 0.8558899), (0.3294034, -0.21694708, 0.9189273), (0.29418325, -0.24041902, 0.9250161), (0.48987487, -0.056662872, 0.8699494), (0.3728674, -0.108662546, 0.9215), (0.49946484, -0.12457617, 0.8573305), (0.49946484, -0.12457617, 0.8573305), (0.3294034, -0.21694708, 0.9189273), (0.47803164, -0.2228341, 0.84960616), (0.29418325, -0.24041902, 0.9250161), (0.12365771, -0.1423459, 0.98206234), (0.14224131, -0.16887712, 0.9753194), (0.42465627, -0.087907426, 0.9010768), (0.15435661, -0.08159978, 0.98463976), (0.3728674, -0.108662546, 0.9215), (0.3728674, -0.108662546, 0.9215), (0.12365771, -0.1423459, 0.98206234), (0.3294034, -0.21694708, 0.9189273), (0.12365771, -0.1423459, 0.98206234), (0.08748953, -0.13555084, 0.9869), (0.14224131, -0.16887712, 0.9753194), (0.15435661, -0.08159978, 0.98463976), (0.07244667, -0.03585628, 0.9967275), (0.09161509, -0.051574185, 0.994458), (0.15435661, -0.08159978, 0.98463976), (0.11691334, -0.10341707, 0.98774296), (0.12365771, -0.1423459, 0.98206234), (0.18817985, -0.018605111, 0.9819584), (0.0907009, -0.07897621, 0.99274176), (0.17552355, -0.15465094, 0.9722523), (0.2091082, 0.038291063, 0.9771425), (0.1579654, -0.051268607, 0.9861128), (0.1157045, -0.022391628, 0.9930313), (0.18817985, -0.018605111, 0.9819584), (0.1157045, -0.022391628, 0.9930313), (0.09954113, -0.01799943, 0.99487066), (0.11691334, -0.10341707, 0.98774296), (0.2091082, 0.038291063, 0.9771425), (0.18817985, -0.018605111, 0.9819584), (0.09161509, -0.051574185, 0.994458), (0.1634712, -0.012454404, 0.98646945), (0.2091082, 0.038291063, 0.9771425), (0.11691334, -0.10341707, 0.98774296), (0.17552355, -0.15465094, 0.9722523), (0.08748953, -0.13555084, 0.9869), (-0.21808092, -0.87672275, 0.42871648), (-0.20400569, -0.82823753, 0.5219236), (-0.20230326, -0.81777483, 0.5388114), (-0.20230326, -0.81777483, 0.5388114), (-0.24849528, -0.65689296, 0.7118579), (-0.2488121, -0.6551729, 0.7133309), (-0.24849528, -0.65689296, 0.7118579), (-0.17596029, -0.55846626, 0.81065), (-0.2488121, -0.6551729, 0.7133309), (-0.17596029, -0.55846626, 0.81065), (-0.0127081955, -0.5556627, 0.83131075), (-0.10805524, -0.5253145, 0.8440194), (-0.0127081955, -0.5556627, 0.83131075), (0.029000169, -0.53488344, 0.84442806), (0.056978643, -0.5530053, 0.8312272), (-0.10805524, -0.5253145, 0.8440194), (-0.18379365, -0.5269227, 0.8298026), (-0.17596029, -0.55846626, 0.81065), (-0.17324717, -0.46578658, 0.86777204), (-0.074613355, -0.38393795, 0.9203394), (-0.09291384, -0.34745312, 0.9330827), (0.056978643, -0.5530053, 0.8312272), (0.027381178, -0.4365982, 0.8992398), (-0.0127081955, -0.5556627, 0.83131075), (-0.0127081955, -0.5556627, 0.83131075), (-0.074613355, -0.38393795, 0.9203394), (-0.10805524, -0.5253145, 0.8440194), (-0.09291384, -0.34745312, 0.9330827), (0.030558415, -0.19123715, 0.981068), (0.001517653, -0.20685872, 0.9783696), (0.03871637, -0.48812422, 0.87191504), (0.08735623, -0.22714324, 0.9699354), (0.027381178, -0.4365982, 0.8992398), (0.027381178, -0.4365982, 0.8992398), (0.030558415, -0.19123715, 0.981068), (-0.074613355, -0.38393795, 0.9203394), (0.030558415, -0.19123715, 0.981068), (0.041709848, -0.1563057, 0.9868277), (0.001517653, -0.20685872, 0.9783696), (0.08735623, -0.22714324, 0.9699354), (0.1424922, -0.15073216, 0.97825134), (0.124794275, -0.16823006, 0.9778165), (0.08735623, -0.22714324, 0.9699354), (0.0703432, -0.18834822, 0.9795799), (0.030558415, -0.19123715, 0.981068), (0.1450656, -0.26591238, 0.95301974), (0.09777781, -0.16483022, 0.98146343), (0.011534283, -0.24087337, 0.970488), (0.1977047, -0.2911801, 0.93601656), (0.11692065, -0.2334511, 0.9653135), (0.1506503, -0.19453625, 0.96925753), (0.1450656, -0.26591238, 0.95301974), (0.1506503, -0.19453625, 0.96925753), (0.15689851, -0.17901543, 0.97125494), (0.0703432, -0.18834822, 0.9795799), (0.1977047, -0.2911801, 0.93601656), (0.1450656, -0.26591238, 0.95301974), (0.124794275, -0.16823006, 0.9778165), (0.15438107, -0.24227786, 0.95784545), (0.1977047, -0.2911801, 0.93601656), (0.0703432, -0.18834822, 0.9795799), (0.011534283, -0.24087337, 0.970488), (0.041709848, -0.1563057, 0.9868277), (-0.64586866, 0.57549715, 0.501654), (-0.6026483, 0.5368772, 0.59040475), (-0.5929424, 0.5298675, 0.6063495), (-0.5929424, 0.5298675, 0.6063495), (-0.41677994, 0.49011046, 0.7655626), (-0.41500562, 0.48954192, 0.7668892), (-0.41677994, 0.49011046, 0.7655626), (-0.35570395, 0.3765034, 0.85540634), (-0.41500562, 0.48954192, 0.7668892), (-0.35570395, 0.3765034, 0.85540634), (-0.42654115, 0.2292395, 0.8749354), (-0.3550474, 0.2995946, 0.88554186), (-0.42654115, 0.2292395, 0.8749354), (-0.42630124, 0.18212621, 0.88605714), (-0.45612717, 0.16609167, 0.8742777), (-0.3550474, 0.2995946, 0.88554186), (-0.3227902, 0.368254, 0.87189186), (-0.35570395, 0.3765034, 0.85540634), (-0.27072674, 0.32935986, 0.9045602), (-0.23962826, 0.2020966, 0.9495974), (-0.19800188, 0.20117031, 0.95933616), (-0.45612717, 0.16609167, 0.8742777), (-0.33453894, 0.13637275, 0.93246245), (-0.42654115, 0.2292395, 0.8749354), (-0.42654115, 0.2292395, 0.8749354), (-0.23962826, 0.2020966, 0.9495974), (-0.3550474, 0.2995946, 0.88554186), (-0.19800188, 0.20117031, 0.95933616), (-0.11273343, 0.01809562, 0.9934605), (-0.1134593, 0.051150713, 0.99222505), (-0.38734815, 0.15097876, 0.9094871), (-0.17137192, -0.015527396, 0.985084), (-0.33453894, 0.13637275, 0.93246245), (-0.33453894, 0.13637275, 0.93246245), (-0.11273343, 0.01809562, 0.9934605), (-0.23962826, 0.2020966, 0.9495974), (-0.11273343, 0.01809562, 0.9934605), (-0.086482994, -0.008000105, 0.9962212), (-0.1134593, 0.051150713, 0.99222505), (-0.17137192, -0.015527396, 0.985084), (-0.12834686, -0.09975348, 0.98669976), (-0.1357676, -0.076019675, 0.9878199), (-0.17137192, -0.015527396, 0.985084), (-0.12851173, -0.018518988, 0.99153507), (-0.11273343, 0.01809562, 0.9934605), (-0.23338376, -0.048406746, 0.97117907), (-0.1201134, -0.05371483, 0.9913059), (-0.14875108, 0.058105674, 0.9871661), (-0.2811147, -0.08293599, 0.9560838), (-0.19084227, -0.038729098, 0.98085636), (-0.17154065, -0.08663396, 0.98136044), (-0.23338376, -0.048406746, 0.97117907), (-0.17154065, -0.08663396, 0.98136044), (-0.1605086, -0.099353574, 0.9820213), (-0.12851173, -0.018518988, 0.99153507), (-0.2811147, -0.08293599, 0.9560838), (-0.23338376, -0.048406746, 0.97117907), (-0.1357676, -0.076019675, 0.9878199), (-0.21636502, -0.06767704, 0.9739641), (-0.2811147, -0.08293599, 0.9560838), (-0.12851173, -0.018518988, 0.99153507), (-0.14875108, 0.058105674, 0.9871661), (-0.086482994, -0.008000105, 0.9962212), (-0.16444238, -0.87951875, 0.44654837), (-0.1599022, -0.8272223, 0.53864145), (-0.16007043, -0.816152, 0.55522376), (-0.16007043, -0.816152, 0.55522376), (-0.2297718, -0.6549441, 0.719898), (-0.23031528, -0.6532166, 0.72129256), (-0.2297718, -0.6549441, 0.719898), (-0.17176405, -0.54755604, 0.8189502), (-0.23031528, -0.6532166, 0.72129256), (-0.17176405, -0.54755604, 0.8189502), (-0.010797703, -0.5296143, 0.84816974), (-0.10899174, -0.5075122, 0.8547234), (-0.010797703, -0.5296143, 0.84816974), (0.028136797, -0.5048239, 0.8627637), (0.058286846, -0.5207663, 0.85170716), (-0.10899174, -0.5075122, 0.8547234), (-0.1833819, -0.51628095, 0.83655554), (-0.17176405, -0.54755604, 0.8189502), (-0.18035874, -0.45334613, 0.8728964), (-0.09235088, -0.36151272, 0.92778224), (-0.11445184, -0.32643956, 0.93826336), (0.058286846, -0.5207663, 0.85170716), (0.014872843, -0.40548563, 0.91398036), (-0.010797703, -0.5296143, 0.84816974), (-0.010797703, -0.5296143, 0.84816974), (-0.09235088, -0.36151272, 0.92778224), (-0.10899174, -0.5075122, 0.8547234), (-0.11445184, -0.32643956, 0.93826336), (-0.007973181, -0.15849215, 0.98732805), (-0.035343282, -0.17671016, 0.9836282), (0.032176677, -0.45658734, 0.88909656), (0.05227577, -0.18951356, 0.98048556), (0.014872843, -0.40548563, 0.91398036), (0.014872843, -0.40548563, 0.91398036), (-0.007973181, -0.15849215, 0.98732805), (-0.09235088, -0.36151272, 0.92778224), (-0.007973181, -0.15849215, 0.98732805), (-0.00025517208, -0.12255017, 0.9924623), (-0.035343282, -0.17671016, 0.9836282), (0.05227577, -0.18951356, 0.98048556), (0.09997967, -0.108282775, 0.9890798), (0.08392422, -0.12729155, 0.9883084), (0.05227577, -0.18951356, 0.98048556), (0.03142406, -0.15211663, 0.98786294), (-0.007973181, -0.15849215, 0.98732805), (0.1140076, -0.22347662, 0.9680188), (0.056551237, -0.12620407, 0.990391), (-0.02196925, -0.2099179, 0.9774721), (0.16952163, -0.24445078, 0.9547283), (0.082490556, -0.1932985, 0.97766614), (0.112422355, -0.15143429, 0.9820534), (0.1140076, -0.22347662, 0.9680188), (0.112422355, -0.15143429, 0.9820534), (0.11716371, -0.13536583, 0.9838439), (0.03142406, -0.15211663, 0.98786294), (0.16952163, -0.24445078, 0.9547283), (0.1140076, -0.22347662, 0.9680188), (0.08392422, -0.12729155, 0.9883084), (0.120938666, -0.19897203, 0.9725143), (0.16952163, -0.24445078, 0.9547283), (0.03142406, -0.15211663, 0.98786294), (-0.02196925, -0.2099179, 0.9774721), (-0.00025517208, -0.12255017, 0.9924623), (0.72571474, -0.54763424, 0.41645494), (0.68338174, -0.52215743, 0.5102362), (0.67384046, -0.5177153, 0.5271716), (0.67384046, -0.5177153, 0.5271716), (0.5029062, -0.51169115, 0.6966043), (0.50115556, -0.51143694, 0.69805115), (0.5029062, -0.51169115, 0.6966043), (0.43527204, -0.4139641, 0.7994823), (0.50115556, -0.51143694, 0.69805115), (0.43527204, -0.4139641, 0.7994823), (0.4916938, -0.26245767, 0.8302729), (0.42834887, -0.34066638, 0.83693707), (0.4916938, -0.26245767, 0.8302729), (0.48723823, -0.21686216, 0.84591347), (0.51464206, -0.19674101, 0.83452773), (0.42834887, -0.34066638, 0.83693707), (0.40257555, -0.4108034, 0.8180303), (0.43527204, -0.4139641, 0.7994823), (0.3485666, -0.38082212, 0.8564321), (0.30704433, -0.2622667, 0.9148442), (0.26609027, -0.26665705, 0.92633146), (0.51464206, -0.19674101, 0.83452773), (0.3937923, -0.18556061, 0.90027493), (0.4916938, -0.26245767, 0.8302729), (0.4916938, -0.26245767, 0.8302729), (0.30704433, -0.2622667, 0.9148442), (0.42834887, -0.34066638, 0.83693707), (0.26609027, -0.26665705, 0.92633146), (0.1645261, -0.09757521, 0.98153466), (0.16854, -0.13011213, 0.9770697), (0.44657037, -0.19230978, 0.8738375), (0.2189434, -0.05730171, 0.97405356), (0.3937923, -0.18556061, 0.90027493), (0.3937923, -0.18556061, 0.90027493), (0.1645261, -0.09757521, 0.98153466), (0.30704433, -0.2622667, 0.9148442), (0.1645261, -0.09757521, 0.98153466), (0.13593577, -0.0747737, 0.9878919), (0.16854, -0.13011213, 0.9770697), (0.2189434, -0.05730171, 0.97405356), (0.16772595, 0.021382866, 0.98560166), (0.17756622, -0.0014327072, 0.9841079), (0.2189434, -0.05730171, 0.97405356), (0.17638569, -0.059474792, 0.9825227), (0.1645261, -0.09757521, 0.98153466), (0.27650288, -0.016898097, 0.9608645), (0.164457, -0.025495248, 0.9860548), (0.204051, -0.13279337, 0.9699119), (0.31964839, 0.02373698, 0.9472389), (0.23571496, -0.031877585, 0.97129923), (0.21169737, 0.013460958, 0.9772425), (0.27650288, -0.016898097, 0.9608645), (0.21169737, 0.013460958, 0.9772425), (0.19948079, 0.024825964, 0.9795872), (0.17638569, -0.059474792, 0.9825227), (0.31964839, 0.02373698, 0.9472389), (0.27650288, -0.016898097, 0.9608645), (0.17756622, -0.0014327072, 0.9841079), (0.25778157, 0.00012240207, 0.9662032), (0.31964839, 0.02373698, 0.9472389), (0.17638569, -0.059474792, 0.9825227), (0.204051, -0.13279337, 0.9699119), (0.13593577, -0.0747737, 0.9878919), (-0.5135397, 0.7290151, 0.4525639), (-0.47933903, 0.68843544, 0.54432595), (-0.47131112, 0.6806743, 0.5608461), (-0.47131112, 0.6806743, 0.5608461), (-0.30737194, 0.6163558, 0.72500217), (-0.30575585, 0.6155252, 0.72638977), (-0.30737194, 0.6163558, 0.72500217), (-0.27120894, 0.49896702, 0.8230902), (-0.30575585, 0.6155252, 0.72638977), (-0.27120894, 0.49896702, 0.8230902), (-0.37098524, 0.3711478, 0.8512457), (-0.28650373, 0.4258042, 0.85825783), (-0.37098524, 0.3711478, 0.8512457), (-0.3805044, 0.32586363, 0.86546487), (-0.4129867, 0.31556144, 0.85432017), (-0.28650373, 0.4258042, 0.85825783), (-0.2407319, 0.48524767, 0.8405849), (-0.27120894, 0.49896702, 0.8230902), (-0.19787416, 0.43876538, 0.8765447), (-0.19381325, 0.311184, 0.93037677), (-0.15328902, 0.30235836, 0.9407879), (-0.4129867, 0.31556144, 0.85432017), (-0.30024046, 0.26543328, 0.9161882), (-0.37098524, 0.3711478, 0.8512457), (-0.37098524, 0.3711478, 0.8512457), (-0.19381325, 0.311184, 0.93037677), (-0.28650373, 0.4258042, 0.85825783), (-0.15328902, 0.30235836, 0.9407879), (-0.1077544, 0.108385965, 0.98825175), (-0.1016285, 0.14071886, 0.98481965), (-0.34886092, 0.28901905, 0.8914954), (-0.17206724, 0.08708658, 0.98122823), (-0.30024046, 0.26543328, 0.9161882), (-0.30024046, 0.26543328, 0.9161882), (-0.1077544, 0.108385965, 0.98825175), (-0.19381325, 0.311184, 0.93037677), (-0.1077544, 0.108385965, 0.98825175), (-0.08746928, 0.077687934, 0.99313325), (-0.1016285, 0.14071886, 0.98481965), (-0.17206724, 0.08708658, 0.98122823), (-0.14738688, -0.0038924734, 0.98907125), (-0.14974107, 0.020882085, 0.98850477), (-0.17206724, 0.08708658, 0.98122823), (-0.1307584, 0.07576768, 0.9885148), (-0.1077544, 0.108385965, 0.98825175), (-0.23952243, 0.06683261, 0.9685878), (-0.12982163, 0.03966132, 0.9907439), (-0.1347139, 0.1544413, 0.9787747), (-0.29334244, 0.0419432, 0.9550869), (-0.19590718, 0.06816675, 0.9782503), (-0.18691997, 0.017458731, 0.98222), (-0.23952243, 0.06683261, 0.9685878), (-0.18691997, 0.017458731, 0.98222), (-0.1787604, 0.0028099497, 0.9838887), (-0.1307584, 0.07576768, 0.9885148), (-0.29334244, 0.0419432, 0.9550869), (-0.23952243, 0.06683261, 0.9685878), (-0.14974107, 0.020882085, 0.98850477), (-0.2268563, 0.0447025, 0.97290176), (-0.29334244, 0.0419432, 0.9550869), (-0.1307584, 0.07576768, 0.9885148), (-0.1347139, 0.1544413, 0.9787747), (-0.08746928, 0.077687934, 0.99313325), (0.34642518, 0.81520534, 0.4641442), (0.3444231, 0.7582693, 0.55353445), (0.3447764, 0.74624056, 0.5694332), (0.3447764, 0.74624056, 0.5694332), (0.40723836, 0.56624013, 0.71660936), (0.4076591, 0.5643645, 0.71784866), (0.40723836, 0.56624013, 0.71660936), (0.34510803, 0.46228302, 0.81682), (0.4076591, 0.5643645, 0.71784866), (0.34510803, 0.46228302, 0.81682), (0.18765292, 0.4661984, 0.8645493), (0.28142014, 0.42960626, 0.8580449), (0.18765292, 0.4661984, 0.8645493), (0.1472964, 0.44646937, 0.8825921), (0.11887905, 0.46733022, 0.8760538), (0.28142014, 0.42960626, 0.8580449), (0.3537329, 0.42856967, 0.8313851), (0.34510803, 0.46228302, 0.81682), (0.34526917, 0.3645286, 0.8648168), (0.25105768, 0.28317657, 0.9256247), (0.26858634, 0.24464461, 0.9316707), (0.11887905, 0.46733022, 0.8760538), (0.15094574, 0.34314835, 0.9270732), (0.18765292, 0.4661984, 0.8645493), (0.18765292, 0.4661984, 0.8645493), (0.25105768, 0.28317657, 0.9256247), (0.28142014, 0.42960626, 0.8580449), (0.26858634, 0.24464461, 0.9316707), (0.14395395, 0.09123435, 0.98536974), (0.17318691, 0.10545941, 0.9792265), (0.13894565, 0.39773571, 0.90691817), (0.08876864, 0.1311048, 0.9873863), (0.15094574, 0.34314835, 0.9270732), (0.15094574, 0.34314835, 0.9270732), (0.14395395, 0.09123435, 0.98536974), (0.25105768, 0.28317657, 0.9256247), (0.14395395, 0.09123435, 0.98536974), (0.13146615, 0.056550656, 0.98970634), (0.17318691, 0.10545941, 0.9792265), (0.08876864, 0.1311048, 0.9873863), (0.03049972, 0.057332974, 0.99788916), (0.049075276, 0.07380177, 0.9960647), (0.08876864, 0.1311048, 0.9873863), (0.10435971, 0.090665124, 0.9903983), (0.14395395, 0.09123435, 0.98536974), (0.031939883, 0.17446144, 0.9841459), (0.076016486, 0.06859254, 0.99474454), (0.1644338, 0.14059335, 0.97631705), (-0.02086262, 0.20414093, 0.9787192), (0.059363365, 0.13944033, 0.9884495), (0.024082184, 0.10220227, 0.9944721), (0.031939883, 0.17446144, 0.9841459), (0.024082184, 0.10220227, 0.9944721), (0.017169273, 0.08691758, 0.9960676), (0.10435971, 0.090665124, 0.9903983), (-0.02086262, 0.20414093, 0.9787192), (0.031939883, 0.17446144, 0.9841459), (0.049075276, 0.07380177, 0.9960647), (0.02190067, 0.15099365, 0.9882921), (-0.02086262, 0.20414093, 0.9787192), (0.10435971, 0.090665124, 0.9903983), (0.1644338, 0.14059335, 0.97631705), (0.13146615, 0.056550656, 0.98970634), (0.78068745, 0.43231142, 0.45125827), (0.73190063, 0.41159695, 0.54305565), (0.7223839, 0.40608993, 0.55968964), (0.7223839, 0.40608993, 0.55968964), (0.62767994, 0.26647094, 0.73144454), (0.6265546, 0.26510704, 0.73290354), (0.62767994, 0.26647094, 0.73144454), (0.5024924, 0.2557154, 0.8259001), (0.6265546, 0.26510704, 0.73290354), (0.5024924, 0.2557154, 0.8259001), (0.3903262, 0.37523177, 0.84074163), (0.43120947, 0.28434226, 0.85627556), (0.3903262, 0.37523177, 0.84074163), (0.3465038, 0.39242893, 0.85201806), (0.3416871, 0.4251409, 0.8381558), (0.43120947, 0.28434226, 0.85627556), (0.4836457, 0.22903392, 0.84476644), (0.5024924, 0.2557154, 0.8259001), (0.42985126, 0.1964173, 0.8812764), (0.30116615, 0.21546838, 0.92890924), (0.28589696, 0.17761445, 0.941656), (0.3416871, 0.4251409, 0.8381558), (0.27268666, 0.32612678, 0.9051427), (0.3903262, 0.37523177, 0.84074163), (0.3903262, 0.37523177, 0.84074163), (0.30116615, 0.21546838, 0.92890924), (0.43120947, 0.28434226, 0.85627556), (0.28589696, 0.17761445, 0.941656), (0.08558674, 0.16515891, 0.98254645), (0.11672127, 0.15405264, 0.98114425), (0.30431056, 0.36868304, 0.87833244), (0.07458632, 0.23120268, 0.97004235), (0.27268666, 0.32612678, 0.9051427), (0.27268666, 0.32612678, 0.9051427), (0.08558674, 0.16515891, 0.98254645), (0.30116615, 0.21546838, 0.92890924), (0.08558674, 0.16515891, 0.98254645), (0.05200034, 0.1500936, 0.9873034), (0.11672127, 0.15405264, 0.98114425), (0.07458632, 0.23120268, 0.97004235), (-0.019319294, 0.22099033, 0.97508466), (0.0055293725, 0.21958524, 0.97557765), (0.07458632, 0.23120268, 0.97004235), (0.056854386, 0.19270982, 0.97960734), (0.08558674, 0.16515891, 0.98254645), (0.06531027, 0.2997598, 0.95177656), (0.02096684, 0.19731915, 0.9801151), (0.13553083, 0.18417491, 0.9735045), (0.049418513, 0.35549977, 0.93336904), (0.059632905, 0.25729564, 0.96449107), (0.008034869, 0.256282, 0.96656865), (0.06531027, 0.2997598, 0.95177656), (0.008034869, 0.256282, 0.96656865), (-0.0077351136, 0.25053728, 0.96807605), (0.056854386, 0.19270982, 0.97960734), (0.049418513, 0.35549977, 0.93336904), (0.06531027, 0.2997598, 0.95177656), (0.0055293725, 0.21958524, 0.97557765), (0.04136397, 0.29089254, 0.95586115), (0.049418513, 0.35549977, 0.93336904), (0.056854386, 0.19270982, 0.97960734), (0.13553083, 0.18417491, 0.9735045), (0.05200034, 0.1500936, 0.9873034), (-0.52479136, 0.8494551, 0.054954797), (-0.97604513, 0.003429543, 0.2175412), (-0.9127513, 0.0057099718, 0.40847573), (0.43937367, 0.88373476, -0.1611324), (-0.52479136, 0.8494551, 0.054954797), (-0.48026574, 0.85448086, 0.1980082), (0.97701555, 0.014976246, -0.21264109), (0.43937367, 0.88373476, -0.1611324), (0.42730495, 0.882542, -0.19629088), (0.4603411, -0.87490684, -0.15041326), (0.49900705, -0.866307, -0.02245187), (0.97701555, 0.014976246, -0.21264109), (-0.4610806, -0.85259485, 0.24594034), (-0.48179686, -0.855199, 0.19106694), (0.49900705, -0.866307, -0.02245187), (-0.9127513, 0.0057099718, 0.40847573), (-0.97604513, 0.003429543, 0.2175412), (-0.48179686, -0.855199, 0.19106694), (-0.5307768, 0.8462277, -0.04663283), (-0.996199, -0.0069939997, 0.08682462), (-0.97604513, 0.003429543, 0.2175412), (0.46535772, 0.8743359, -0.1377641), (-0.5307768, 0.8462277, -0.04663283), (-0.52479136, 0.8494551, 0.054954797), (0.97701555, 0.014976246, -0.21264109), (0.9963379, 0.006749621, -0.08523688), (0.46535772, 0.8743359, -0.1377641), (0.49900705, -0.866307, -0.02245187), (0.5114756, -0.85757065, 0.054454755), (0.9963379, 0.006749621, -0.08523688), (-0.48179686, -0.855199, 0.19106694), (-0.48620978, -0.86293024, 0.13766421), (0.5114756, -0.85757065, 0.054454755), (-0.996199, -0.0069939997, 0.08682462), (-0.48620978, -0.86293024, 0.13766421), (-0.48179686, -0.855199, 0.19106694), (-0.51905006, 0.8540296, -0.034933984), (-0.99925053, -0.019488072, 0.033444352), (-0.996199, -0.0069939997, 0.08682462), (0.46535772, 0.8743359, -0.1377641), (0.4948596, 0.8663007, -0.06809625), (-0.51905006, 0.8540296, -0.034933984), (0.9963379, 0.006749621, -0.08523688), (0.9994908, -0.012475755, -0.02936656), (0.4948596, 0.8663007, -0.06809625), (0.5114756, -0.85757065, 0.054454755), (0.49963236, -0.8654877, 0.03603447), (0.9994908, -0.012475755, -0.02936656), (-0.48677266, -0.87100405, 0.06636478), (0.49963236, -0.8654877, 0.03603447), (0.5114756, -0.85757065, 0.054454755), (-0.99925053, -0.019488072, 0.033444352), (-0.48677266, -0.87100405, 0.06636478), (-0.48620978, -0.86293024, 0.13766421), (-0.5068595, 0.8620259, 0.0021889382), (-0.99979585, -0.005175273, 0.019530732), (-0.99925053, -0.019488072, 0.033444352), (0.49737993, 0.8673568, -0.017475896), (-0.5068595, 0.8620259, 0.0021889382), (-0.51905006, 0.8540296, -0.034933984), (0.9994908, -0.012475755, -0.02936656), (0.99979943, -0.0050762994, -0.019371465), (0.49737993, 0.8673568, -0.017475896), (0.49963236, -0.8654877, 0.03603447), (0.49318054, -0.8699252, -0.0017370322), (0.99979943, -0.0050762994, -0.019371465), (-0.48677266, -0.87100405, 0.06636478), (-0.5022592, -0.86454, 0.017503243), (0.49318054, -0.8699252, -0.0017370322), (-0.99979585, -0.005175273, 0.019530732), (-0.5022592, -0.86454, 0.017503243), (-0.48677266, -0.87100405, 0.06636478), (-0.58198893, -0.0022904284, 0.8131935), (0.15764378, -0.0046334867, 0.9874852), (0.34322914, 0.38120556, 0.8584148), (0.70344377, 0.37365922, 0.60460365), (0.59946096, 0.7969975, 0.07376617), (-0.18500265, 0.8051733, 0.56344473), (0.8770373, -0.0025924868, 0.48041523), (0.9862377, 0.0024057373, -0.1653158), (0.59946096, 0.7969975, 0.07376617), (0.8770373, -0.0025924868, 0.48041523), (0.7038335, -0.37924576, 0.60065883), (0.60405165, -0.7936886, 0.0719728), (0.7038335, -0.37924576, 0.60065883), (0.34356812, -0.38952905, 0.85453385), (-0.18071103, -0.80765355, 0.5612836), (0.34356812, -0.38952905, 0.85453385), (0.15764378, -0.0046334867, 0.9874852), (-0.58198893, -0.0022904284, 0.8131935), (0.34322914, 0.38120556, 0.8584148), (0.15764378, -0.0046334867, 0.9874852), (0.34356812, -0.38952905, 0.85453385), (0.34356812, -0.38952905, 0.85453385), (0.7038335, -0.37924576, 0.60065883), (0.34322914, 0.38120556, 0.8584148), (0.7038335, -0.37924576, 0.60065883), (0.8770373, -0.0025924868, 0.48041523), (0.34322914, 0.38120556, 0.8584148), (-0.48026574, 0.85448086, 0.1980082), (-0.9127513, 0.0057099718, 0.40847573), (-0.58198893, -0.0022904284, 0.8131935), (0.42730495, 0.882542, -0.19629088), (-0.48026574, 0.85448086, 0.1980082), (-0.18500265, 0.8051733, 0.56344473), (0.9862377, 0.0024057373, -0.1653158), (0.92328507, 0.010922096, -0.38396013), (0.42730495, 0.882542, -0.19629088), (0.60405165, -0.7936886, 0.0719728), (0.4603411, -0.87490684, -0.15041326), (0.92328507, 0.010922096, -0.38396013), (-0.18071103, -0.80765355, 0.5612836), (-0.4610806, -0.85259485, 0.24594034), (0.4603411, -0.87490684, -0.15041326), (-0.58198893, -0.0022904284, 0.8131935), (-0.9127513, 0.0057099718, 0.40847573), (-0.4610806, -0.85259485, 0.24594034), (0.20119815, -0.8638361, 0.46185112), (0.2049643, -0.8634535, 0.4609096), (0.17968081, -0.8137451, 0.55275106), (0.17421839, -0.8036359, 0.5690494), (0.17968081, -0.8137451, 0.55275106), (0.036786288, -0.6852777, 0.72735226), (0.036786288, -0.6852777, 0.72735226), (0.06296411, -0.5487863, 0.8335881), (0.04039785, -0.5626854, 0.82568353), (0.04039785, -0.5626854, 0.82568353), (0.06296411, -0.5487863, 0.8335881), (0.1777089, -0.47862917, 0.8598451), (0.1777089, -0.47862917, 0.8598451), (0.06296411, -0.5487863, 0.8335881), (0.2020467, -0.43967554, 0.8751357), (0.07911142, -0.499715, 0.8625696), (-0.009060885, -0.48035157, 0.8770292), (0.016036317, -0.5390282, 0.842135), (-0.009060885, -0.48035157, 0.8770292), (0.07911142, -0.499715, 0.8625696), (0.030074244, -0.3596409, 0.932606), (0.23652168, -0.44158587, 0.86548215), (0.18443431, -0.39399552, 0.9004175), (0.1463207, -0.3546753, 0.92346936), (0.1777089, -0.47862917, 0.8598451), (0.1463207, -0.3546753, 0.92346936), (0.030074244, -0.3596409, 0.932606), (-0.005092994, -0.33699673, 0.9414921), (0.030074244, -0.3596409, 0.932606), (0.01914766, -0.13949239, 0.990038), (0.18443431, -0.39399552, 0.9004175), (0.108434536, -0.2534879, 0.9612418), (0.08707352, -0.14242478, 0.98596823), (0.1463207, -0.3546753, 0.92346936), (0.08707352, -0.14242478, 0.98596823), (0.01914766, -0.13949239, 0.990038), (0.01914766, -0.13949239, 0.990038), (0.052191947, -0.11717207, 0.9917392), (0.010881176, -0.10359097, 0.9945605), (0.08707352, -0.14242478, 0.98596823), (0.108434536, -0.2534879, 0.9612418), (0.095960714, -0.0486122, 0.99419737), (0.08707352, -0.14242478, 0.98596823), (0.08939428, -0.072608285, 0.99334615), (0.052191947, -0.11717207, 0.9917392), (0.15781045, -0.14745201, 0.97639835), (0.123120844, -0.06602275, 0.99019307), (0.064021185, -0.083089404, 0.99448353), (0.21749386, -0.1433021, 0.9654848), (0.15364136, -0.122267656, 0.980533), (0.11616745, -0.13320456, 0.9842569), (0.15781045, -0.14745201, 0.97639835), (0.21749386, -0.1433021, 0.9654848), (0.12561683, -0.082610875, 0.98863333), (0.052191947, -0.11717207, 0.9917392), (0.08939428, -0.072608285, 0.99334615), (0.21749386, -0.1433021, 0.9654848), (0.08939428, -0.072608285, 0.99334615), (0.095960714, -0.0486122, 0.99419737), (0.15364136, -0.122267656, 0.980533), (0.052191947, -0.11717207, 0.9917392), (0.15781045, -0.14745201, 0.97639835), (0.028391138, -0.19212115, 0.9809604), (0.7774521, -0.40061346, 0.4848475), (0.7795389, -0.39739043, 0.48414868), (0.7203164, -0.39016384, 0.5735124), (0.70819587, -0.3888407, 0.589289), (0.7203164, -0.39016384, 0.5735124), (0.5222935, -0.4293313, 0.73680675), (0.5222935, -0.4293313, 0.73680675), (0.42640007, -0.32847443, 0.84278554), (0.42366067, -0.35442036, 0.83360535), (0.42366067, -0.35442036, 0.83360535), (0.42640007, -0.32847443, 0.84278554), (0.4414131, -0.19628364, 0.87557244), (0.4414131, -0.19628364, 0.87557244), (0.42640007, -0.32847443, 0.84278554), (0.42527068, -0.15367445, 0.8919244), (0.39656723, -0.28656346, 0.87213296), (0.3259543, -0.34401616, 0.8805718), (0.3891996, -0.3594393, 0.8481315), (0.3259543, -0.34401616, 0.8805718), (0.39656723, -0.28656346, 0.87213296), (0.25300404, -0.24067728, 0.9370504), (0.4486553, -0.12750876, 0.884562), (0.3773277, -0.14007787, 0.91542447), (0.3217412, -0.14636946, 0.93544567), (0.4414131, -0.19628364, 0.87557244), (0.3217412, -0.14636946, 0.93544567), (0.25300404, -0.24067728, 0.9370504), (0.21300787, -0.25443494, 0.94334006), (0.25300404, -0.24067728, 0.9370504), (0.07108218, -0.1146173, 0.99086344), (0.3773277, -0.14007787, 0.91542447), (0.21715315, -0.114591576, 0.969388), (0.1157473, -0.063195586, 0.9912663), (0.3217412, -0.14636946, 0.93544567), (0.1157473, -0.063195586, 0.9912663), (0.07108218, -0.1146173, 0.99086344), (0.07108218, -0.1146173, 0.99086344), (0.074047044, -0.07496462, 0.99443316), (0.03763924, -0.09891011, 0.9943843), (0.1157473, -0.063195586, 0.9912663), (0.21715315, -0.114591576, 0.969388), (0.047457058, 0.0018170036, 0.9988716), (0.1157473, -0.063195586, 0.9912663), (0.062194463, -0.018214742, 0.9978978), (0.074047044, -0.07496462, 0.99443316), (0.16406506, -0.010651846, 0.986392), (0.078140646, 0.0123524675, 0.9968658), (0.05459067, -0.044621907, 0.99751127), (0.1984175, 0.039032843, 0.9793401), (0.14157571, 0.0016071605, 0.98992616), (0.1266941, -0.034633476, 0.991337), (0.16406506, -0.010651846, 0.986392), (0.1984175, 0.039032843, 0.9793401), (0.092749424, 0.0040488397, 0.9956812), (0.074047044, -0.07496462, 0.99443316), (0.062194463, -0.018214742, 0.9978978), (0.1984175, 0.039032843, 0.9793401), (0.062194463, -0.018214742, 0.9978978), (0.047457058, 0.0018170036, 0.9988716), (0.14157571, 0.0016071605, 0.98992616), (0.074047044, -0.07496462, 0.99443316), (0.16406506, -0.010651846, 0.986392), (0.11845708, -0.13976426, 0.98307365), (-0.7563404, 0.50896394, 0.4109805), (-0.7588181, 0.5061553, 0.40988037), (-0.71296656, 0.48642918, 0.50504), (-0.703249, 0.48262367, 0.5220299), (-0.71296656, 0.48642918, 0.50504), (-0.53280324, 0.4870968, 0.69199526), (-0.53280324, 0.4870968, 0.69199526), (-0.46818283, 0.36847576, 0.80313784), (-0.4601867, 0.39388373, 0.79566556), (-0.4601867, 0.39388373, 0.79566556), (-0.46818283, 0.36847576, 0.80313784), (-0.5082036, 0.23966677, 0.8272176), (-0.5082036, 0.23966677, 0.8272176), (-0.46818283, 0.36847576, 0.80313784), (-0.50128233, 0.1944804, 0.8431449), (-0.44931826, 0.3213098, 0.83359045), (-0.37195617, 0.3659453, 0.8530725), (-0.42742056, 0.39265358, 0.8143309), (-0.37195617, 0.3659453, 0.8530725), (-0.44931826, 0.3213098, 0.83359045), (-0.32411042, 0.2502262, 0.9123264), (-0.52748895, 0.17280325, 0.83180195), (-0.4594055, 0.17238978, 0.8713371), (-0.40641877, 0.16873787, 0.8979707), (-0.5082036, 0.23966677, 0.8272176), (-0.40641877, 0.16873787, 0.8979707), (-0.32411042, 0.2502262, 0.9123264), (-0.2834995, 0.25695172, 0.92390686), (-0.32411042, 0.2502262, 0.9123264), (-0.17289409, 0.0940948, 0.98043555), (-0.4594055, 0.17238978, 0.8713371), (-0.313292, 0.11899531, 0.9421721), (-0.22496758, 0.05081835, 0.97304016), (-0.40641877, 0.16873787, 0.8979707), (-0.22496758, 0.05081835, 0.97304016), (-0.17289409, 0.0940948, 0.98043555), (-0.17289409, 0.0940948, 0.98043555), (-0.1826204, 0.05540494, 0.98162115), (-0.14310163, 0.072956756, 0.9870153), (-0.22496758, 0.05081835, 0.97304016), (-0.313292, 0.11899531, 0.9421721), (-0.1694975, -0.024829147, 0.98521775), (-0.22496758, 0.05081835, 0.97304016), (-0.18058318, -0.0026030263, 0.9835563), (-0.1826204, 0.05540494, 0.98162115), (-0.28014922, 0.0072114915, 0.95992935), (-0.20099436, -0.030063681, 0.979131), (-0.16883151, 0.022160131, 0.9853957), (-0.32092562, -0.035834894, 0.9464262), (-0.2605335, -0.008715806, 0.9654255), (-0.240283, 0.024490066, 0.9703939), (-0.28014922, 0.0072114915, 0.95992935), (-0.32092562, -0.035834894, 0.9464262), (-0.21381935, -0.019408457, 0.97668034), (-0.1826204, 0.05540494, 0.98162115), (-0.18058318, -0.0026030263, 0.9835563), (-0.32092562, -0.035834894, 0.9464262), (-0.18058318, -0.0026030263, 0.9835563), (-0.1694975, -0.024829147, 0.98521775), (-0.2605335, -0.008715806, 0.9654255), (-0.1826204, 0.05540494, 0.98162115), (-0.28014922, 0.0072114915, 0.95992935), (-0.21427748, 0.12699735, 0.9684817), (-0.23211296, -0.8768818, 0.42095375), (-0.22873032, -0.8783708, 0.41969892), (-0.21982042, -0.8287725, 0.51460177), (-0.21843132, -0.8183724, 0.53155833), (-0.21982042, -0.8287725, 0.51460177), (-0.26752937, -0.6577858, 0.7040922), (-0.26752937, -0.6577858, 0.7040922), (-0.1696936, -0.5598525, 0.8110298), (-0.1966325, -0.56007886, 0.80476546), (-0.1966325, -0.56007886, 0.80476546), (-0.1696936, -0.5598525, 0.8110298), (-0.03385797, -0.5582348, 0.8289919), (-0.03385797, -0.5582348, 0.8289919), (-0.1696936, -0.5598525, 0.8110298), (0.0076658465, -0.5377273, 0.84308404), (-0.12929568, -0.52740574, 0.8397177), (-0.1946677, -0.46759832, 0.8622392), (-0.20471202, -0.5285548, 0.82384634), (-0.1946677, -0.46759832, 0.8622392), (-0.12929568, -0.52740574, 0.8397177), (-0.096760705, -0.3864589, 0.91721696), (0.035829514, -0.5559587, 0.8304374), (0.0170324, -0.49110824, 0.8709321), (0.0053851563, -0.4396092, 0.8981731), (-0.03385797, -0.5582348, 0.8289919), (0.0053851563, -0.4396092, 0.8981731), (-0.096760705, -0.3864589, 0.91721696), (-0.11514075, -0.3499148, 0.92967856), (-0.096760705, -0.3864589, 0.91721696), (0.008100725, -0.19453186, 0.9808628), (0.0170324, -0.49110824, 0.8709321), (0.025956582, -0.33572683, 0.94160163), (0.06493247, -0.23071273, 0.9708529), (0.0053851563, -0.4396092, 0.8981731), (0.06493247, -0.23071273, 0.9708529), (0.008100725, -0.19453186, 0.9808628), (0.008100725, -0.19453186, 0.9808628), (0.0479228, -0.19185568, 0.98025244), (0.019308325, -0.15968047, 0.98697984), (0.06493247, -0.23071273, 0.9708529), (0.025956582, -0.33572683, 0.94160163), (0.12028374, -0.15463005, 0.9806229), (0.06493247, -0.23071273, 0.9708529), (0.102507055, -0.17202942, 0.97974396), (0.0479228, -0.19185568, 0.98025244), (0.12278527, -0.26974493, 0.9550714), (0.13467729, -0.18296722, 0.97385067), (0.07542517, -0.16849051, 0.98281324), (0.17564596, -0.29524636, 0.9391369), (0.1321206, -0.24617405, 0.9601784), (0.09455552, -0.23716803, 0.966856), (0.12278527, -0.26974493, 0.9550714), (0.17564596, -0.29524636, 0.9391369), (0.12840307, -0.19844979, 0.97166365), (0.0479228, -0.19185568, 0.98025244), (0.102507055, -0.17202942, 0.97974396), (0.17564596, -0.29524636, 0.9391369), (0.102507055, -0.17202942, 0.97974396), (0.12028374, -0.15463005, 0.9806229), (0.1321206, -0.24617405, 0.9601784), (0.0479228, -0.19185568, 0.98025244), (0.12278527, -0.26974493, 0.9550714), (-0.010958791, -0.24402857, 0.9697062), (0.8415471, 0.2850504, 0.4588517), (0.8409441, 0.28871873, 0.45766187), (0.79137486, 0.26623362, 0.55031395), (0.781357, 0.26119208, 0.56679785), (0.79137486, 0.26623362, 0.55031395), (0.6691792, 0.12692007, 0.73218197), (0.6691792, 0.12692007, 0.73218197), (0.5295416, 0.15110047, 0.83471805), (0.5449589, 0.12900087, 0.8284797), (0.5449589, 0.12900087, 0.8284797), (0.5295416, 0.15110047, 0.83471805), (0.45188928, 0.2625806, 0.8525536), (0.45188928, 0.2625806, 0.8525536), (0.5295416, 0.15110047, 0.83471805), (0.41123027, 0.28531748, 0.8657271), (0.4790762, 0.16590594, 0.8619519), (0.46504578, 0.07779179, 0.88186216), (0.52261376, 0.104292326, 0.8461667), (0.46504578, 0.07779179, 0.88186216), (0.4790762, 0.16590594, 0.8619519), (0.34119487, 0.112623625, 0.9332213), (0.41113183, 0.31915614, 0.8538794), (0.36632037, 0.26648515, 0.8915128), (0.32909265, 0.22749138, 0.91648555), (0.45188928, 0.2625806, 0.8525536), (0.32909265, 0.22749138, 0.91648555), (0.34119487, 0.112623625, 0.9332213), (0.32065338, 0.076730356, 0.94408363), (0.34119487, 0.112623625, 0.9332213), (0.12122319, 0.091379486, 0.9884102), (0.36632037, 0.26648515, 0.8915128), (0.22985798, 0.185731, 0.9553373), (0.119952224, 0.15895487, 0.9799719), (0.32909265, 0.22749138, 0.91648555), (0.119952224, 0.15895487, 0.9799719), (0.12122319, 0.091379486, 0.9884102), (0.12122319, 0.091379486, 0.9884102), (0.09684537, 0.122978754, 0.9876727), (0.085839614, 0.081151254, 0.99299854), (0.119952224, 0.15895487, 0.9799719), (0.22985798, 0.185731, 0.9553373), (0.025639482, 0.16235778, 0.98639876), (0.119952224, 0.15895487, 0.9799719), (0.050011802, 0.15729374, 0.98628473), (0.09684537, 0.122978754, 0.9876727), (0.12068796, 0.22910264, 0.9658915), (0.041375987, 0.19023529, 0.9808662), (0.062044267, 0.13277102, 0.9892029), (0.11298323, 0.2875805, 0.95106906), (0.09574473, 0.22362162, 0.96996206), (0.10894888, 0.18725309, 0.97625124), (0.12068796, 0.22910264, 0.9658915), (0.11298323, 0.2875805, 0.95106906), (0.05780103, 0.19368003, 0.9793606), (0.09684537, 0.122978754, 0.9876727), (0.050011802, 0.15729374, 0.98628473), (0.11298323, 0.2875805, 0.95106906), (0.050011802, 0.15729374, 0.98628473), (0.025639482, 0.16235778, 0.98639876), (0.09574473, 0.22362162, 0.96996206), (0.09684537, 0.122978754, 0.9876727), (0.12068796, 0.22910264, 0.9658915), (0.17331587, 0.103365146, 0.97942704), (0.6935211, 0.5228679, 0.49561855), (0.6915337, 0.52615327, 0.4949181), (0.6583022, 0.4754255, 0.583617), (0.6516677, 0.46499065, 0.5992602), (0.6583022, 0.4754255, 0.583617), (0.60568434, 0.27907848, 0.74515885), (0.60568434, 0.27907848, 0.74515885), (0.4720109, 0.2359643, 0.8494272), (0.49428207, 0.22226807, 0.84040594), (0.49428207, 0.22226807, 0.84040594), (0.4720109, 0.2359643, 0.8494272), (0.3591519, 0.30678213, 0.8814162), (0.3591519, 0.30678213, 0.8814162), (0.4720109, 0.2359643, 0.8494272), (0.31358907, 0.31068426, 0.89729434), (0.42098016, 0.22715521, 0.8781663), (0.4419125, 0.13853547, 0.88629633), (0.48365507, 0.18897457, 0.8546147), (0.4419125, 0.13853547, 0.88629633), (0.42098016, 0.22715521, 0.8781663), (0.31651902, 0.11745078, 0.9412869), (0.30027685, 0.34316295, 0.88998485), (0.28023854, 0.27328014, 0.9202088), (0.26150906, 0.22037154, 0.93970704), (0.3591519, 0.30678213, 0.8814162), (0.26150906, 0.22037154, 0.93970704), (0.31651902, 0.11745078, 0.9412869), (0.31145003, 0.0754168, 0.9472651), (0.31651902, 0.11745078, 0.9412869), (0.123314664, 0.008147803, 0.9923341), (0.28023854, 0.27328014, 0.9202088), (0.18704718, 0.13981104, 0.97235084), (0.096433796, 0.07072787, 0.9928233), (0.26150906, 0.22037154, 0.93970704), (0.096433796, 0.07072787, 0.9928233), (0.123314664, 0.008147803, 0.9923341), (0.123314664, 0.008147803, 0.9923341), (0.088867106, 0.028039567, 0.99564874), (0.09459009, -0.015159013, 0.9954009), (0.096433796, 0.07072787, 0.9928233), (0.18704718, 0.13981104, 0.97235084), (0.008116576, 0.037462845, 0.9992651), (0.096433796, 0.07072787, 0.9928233), (0.032576993, 0.042027686, 0.99858516), (0.088867106, 0.028039567, 0.99564874), (0.07018808, 0.13711905, 0.9880648), (0.011989585, 0.06968494, 0.99749696), (0.053049613, 0.023700736, 0.99831057), (0.04046631, 0.18970446, 0.98100704), (0.049330745, 0.12217457, 0.9912819), (0.07547514, 0.093002036, 0.9928012), (0.07018808, 0.13711905, 0.9880648), (0.04046631, 0.18970446, 0.98100704), (0.025828747, 0.07923316, 0.9965215), (0.088867106, 0.028039567, 0.99564874), (0.032576993, 0.042027686, 0.99858516), (0.04046631, 0.18970446, 0.98100704), (0.032576993, 0.042027686, 0.99858516), (0.008116576, 0.037462845, 0.9992651), (0.049330745, 0.12217457, 0.9912819), (0.088867106, 0.028039567, 0.99564874), (0.07018808, 0.13711905, 0.9880648), (0.16664644, 0.03991349, 0.9852085), (0.89197284, -0.22374931, 0.39283678), (0.8933545, -0.22029966, 0.391645), (0.8459373, -0.21520942, 0.48792922), (0.8359319, -0.21453795, 0.50516474), (0.8459373, -0.21520942, 0.48792922), (0.68080795, -0.27215365, 0.6800243), (0.68080795, -0.27215365, 0.6800243), (0.58339363, -0.179661, 0.7920693), (0.5840597, -0.20640302, 0.78502995), (0.5840597, -0.20640302, 0.78502995), (0.58339363, -0.179661, 0.7920693), (0.5791924, -0.04446905, 0.8139771), (0.5791924, -0.04446905, 0.8139771), (0.58339363, -0.179661, 0.7920693), (0.5581193, -0.003839671, 0.8297518), (0.5507677, -0.14085402, 0.8226877), (0.49300388, -0.20818812, 0.8447514), (0.5531979, -0.21574536, 0.80462784), (0.49300388, -0.20818812, 0.8447514), (0.5507677, -0.14085402, 0.8226877), (0.41109273, -0.11376522, 0.90446675), (0.5754039, 0.02507963, 0.8174847), (0.5120091, 0.0036620954, 0.8589723), (0.46147126, -0.009929578, 0.8870996), (0.5791924, -0.04446905, 0.8139771), (0.46147126, -0.009929578, 0.8870996), (0.41109273, -0.11376522, 0.90446675), (0.3752853, -0.13331997, 0.91727144), (0.41109273, -0.11376522, 0.90446675), (0.21851644, -0.015170405, 0.97571534), (0.5120091, 0.0036620954, 0.8589723), (0.35826236, 0.0070197852, 0.9335945), (0.2531671, 0.042737033, 0.96647817), (0.46147126, -0.009929578, 0.8870996), (0.2531671, 0.042737033, 0.96647817), (0.21851644, -0.015170405, 0.97571534), (0.21851644, -0.015170405, 0.97571534), (0.21494135, 0.02457489, 0.9763177), (0.18358286, -0.0049433727, 0.98299176), (0.2531671, 0.042737033, 0.96647817), (0.35826236, 0.0070197852, 0.9335945), (0.17613603, 0.09602996, 0.9796705), (0.2531671, 0.042737033, 0.96647817), (0.19390213, 0.07868331, 0.97786033), (0.21494135, 0.02457489, 0.9763177), (0.29050097, 0.10188771, 0.95143473), (0.20397052, 0.11127249, 0.9726327), (0.19105227, 0.051465515, 0.98022974), (0.31441635, 0.15574709, 0.93642145), (0.26686284, 0.11053647, 0.9573745), (0.25885755, 0.0725959, 0.96318364), (0.29050097, 0.10188771, 0.95143473), (0.31441635, 0.15574709, 0.93642145), (0.21952005, 0.1054049, 0.9698973), (0.21494135, 0.02457489, 0.9763177), (0.19390213, 0.07868331, 0.97786033), (0.31441635, 0.15574709, 0.93642145), (0.19390213, 0.07868331, 0.97786033), (0.17613603, 0.09602996, 0.9796705), (0.26686284, 0.11053647, 0.9573745), (0.21494135, 0.02457489, 0.9763177), (0.29050097, 0.10188771, 0.95143473), (0.26813668, -0.032767847, 0.96282345), (-0.74992365, -0.45474017, 0.48044336), (-0.74826944, -0.4582021, 0.479733), (-0.7113642, -0.411955, 0.5694332), (-0.703937, -0.4023953, 0.5852784), (-0.7113642, -0.411955, 0.5694332), (-0.64153856, -0.22349036, 0.7338122), (-0.64153856, -0.22349036, 0.7338122), (-0.50572664, -0.19511613, 0.84033936), (-0.5263653, -0.17915191, 0.8311703), (-0.5263653, -0.17915191, 0.8311703), (-0.50572664, -0.19511613, 0.84033936), (-0.4010723, -0.2772932, 0.87306905), (-0.4010723, -0.2772932, 0.87306905), (-0.50572664, -0.19511613, 0.84033936), (-0.35637143, -0.28593475, 0.88951707), (-0.4544856, -0.19179356, 0.86986095), (-0.46647716, -0.10159055, 0.87868), (-0.5126372, -0.14724259, 0.8458857), (-0.46647716, -0.10159055, 0.87868), (-0.4544856, -0.19179356, 0.86986095), (-0.340408, -0.093828484, 0.9355846), (-0.34630418, -0.3195218, 0.8820314), (-0.31974965, -0.2523172, 0.91328865), (-0.29605886, -0.20176618, 0.9336164), (-0.4010723, -0.2772932, 0.87306905), (-0.29605886, -0.20176618, 0.9336164), (-0.340408, -0.093828484, 0.9355846), (-0.33120412, -0.05257908, 0.942093), (-0.340408, -0.093828484, 0.9355846), (-0.13790815, -0.005122585, 0.9904317), (-0.31974965, -0.2523172, 0.91328865), (-0.21432193, -0.12946518, 0.9681451), (-0.117496975, -0.070103265, 0.9905958), (-0.29605886, -0.20176618, 0.9336164), (-0.117496975, -0.070103265, 0.9905958), (-0.13790815, -0.005122585, 0.9904317), (-0.13790815, -0.005122585, 0.9904317), (-0.105701976, -0.028424522, 0.99399155), (-0.10702692, 0.015131156, 0.99414104), (-0.117496975, -0.070103265, 0.9905958), (-0.21432193, -0.12946518, 0.9681451), (-0.026375389, -0.046005372, 0.9985929), (-0.117496975, -0.070103265, 0.9905958), (-0.051163368, -0.04806336, 0.9975331), (-0.105701976, -0.028424522, 0.99399155), (-0.098029576, -0.13875899, 0.9854624), (-0.0334502, -0.077653654, 0.9964191), (-0.06966474, -0.02775866, 0.9971842), (-0.07367234, -0.19401042, 0.9782292), (-0.07581458, -0.12603189, 0.9891249), (-0.09890044, -0.09437787, 0.9906117), (-0.098029576, -0.13875899, 0.9854624), (-0.07367234, -0.19401042, 0.9782292), (-0.048177235, -0.08574207, 0.9951518), (-0.105701976, -0.028424522, 0.99399155), (-0.051163368, -0.04806336, 0.9975331), (-0.07367234, -0.19401042, 0.9782292), (-0.051163368, -0.04806336, 0.9975331), (-0.026375389, -0.046005372, 0.9985929), (-0.07581458, -0.12603189, 0.9891249), (-0.105701976, -0.028424522, 0.99399155), (-0.098029576, -0.13875899, 0.9854624), (-0.18412416, -0.032270227, 0.9823731), (0.88732445, 0.0042408495, 0.46112624), (0.88799465, 0.007844974, 0.45978683), (0.8335374, 0.007225565, 0.55241585), (0.82236785, 0.006538928, 0.56891865), (0.8335374, 0.007225565, 0.55241585), (0.6711483, -0.07518289, 0.73750085), (0.6711483, -0.07518289, 0.73750085), (0.5475665, -0.0011934773, 0.83676136), (0.5546635, -0.02743368, 0.83162236), (0.5546635, -0.02743368, 0.83162236), (0.5475665, -0.0011934773, 0.83676136), (0.5119461, 0.13054672, 0.84904), (0.5119461, 0.13054672, 0.84904), (0.5475665, -0.0011934773, 0.83676136), (0.4812886, 0.16615841, 0.8606699), (0.50497156, 0.030839039, 0.8625848), (0.46204504, -0.04651435, 0.8856358), (0.52525574, -0.042430207, 0.849886), (0.46204504, -0.04651435, 0.8856358), (0.50497156, 0.030839039, 0.8625848), (0.3570325, 0.030059358, 0.9336082), (0.492617, 0.19753475, 0.84753084), (0.43259957, 0.16461806, 0.8864302), (0.38435513, 0.14150321, 0.91227627), (0.5119461, 0.13054672, 0.84904), (0.38435513, 0.14150321, 0.91227627), (0.3570325, 0.030059358, 0.9336082), (0.32558328, 0.0036428876, 0.9455064), (0.3570325, 0.030059358, 0.9336082), (0.142633, 0.08635143, 0.9860016), (0.43259957, 0.16461806, 0.8864302), (0.2767669, 0.13719901, 0.9510923), (0.16420963, 0.15000246, 0.97495353), (0.38435513, 0.14150321, 0.91227627), (0.16420963, 0.15000246, 0.97495353), (0.142633, 0.08635143, 0.9860016), (0.142633, 0.08635143, 0.9860016), (0.13031876, 0.12424635, 0.98365635), (0.10585775, 0.088818476, 0.99040675), (0.16420963, 0.15000246, 0.97495353), (0.2767669, 0.13719901, 0.9510923), (0.076532155, 0.18519007, 0.9797181), (0.16420963, 0.15000246, 0.97495353), (0.09777496, 0.17222281, 0.98019356), (0.13031876, 0.12424635, 0.98365635), (0.18855336, 0.21516907, 0.95820135), (0.100755185, 0.20590556, 0.97337115), (0.10083847, 0.1452226, 0.98424685), (0.20102157, 0.27215683, 0.9410212), (0.16321105, 0.21856344, 0.962077), (0.16338864, 0.18016307, 0.9699719), (0.18855336, 0.21516907, 0.95820135), (0.20102157, 0.27215683, 0.9410212), (0.11738815, 0.20356491, 0.97199863), (0.13031876, 0.12424635, 0.98365635), (0.09777496, 0.17222281, 0.98019356), (0.20102157, 0.27215683, 0.9410212), (0.09777496, 0.17222281, 0.98019356), (0.076532155, 0.18519007, 0.9797181), (0.16321105, 0.21856344, 0.962077), (0.13031876, 0.12424635, 0.98365635), (0.18855336, 0.21516907, 0.95820135), (0.19573547, 0.07973303, 0.9774099), (0.20109893, 0.84295195, 0.49899015), (0.19760095, 0.8443657, 0.49799642), (0.19475703, 0.78528833, 0.58770055), (0.19453217, 0.77321446, 0.60356987), (0.19475703, 0.78528833, 0.58770055), (0.2582229, 0.5994794, 0.75759184), (0.2582229, 0.5994794, 0.75759184), (0.16961914, 0.48622948, 0.8572108), (0.1962729, 0.48856738, 0.850164), (0.1962729, 0.48856738, 0.850164), (0.16961914, 0.48622948, 0.8572108), (0.034804046, 0.47529185, 0.87913954), (0.034804046, 0.47529185, 0.87913954), (0.16961914, 0.48622948, 0.8572108), (-0.005047251, 0.45121828, 0.8923993), (0.13205346, 0.44892684, 0.8837571), (0.20124517, 0.3909353, 0.89814806), (0.20667712, 0.45582688, 0.86574036), (0.20124517, 0.3909353, 0.89814806), (0.13205346, 0.44892684, 0.8837571), (0.1097986, 0.29946756, 0.9477676), (-0.034567196, 0.46900535, 0.8825186), (-0.010934472, 0.40164652, 0.91572946), (0.0043828967, 0.3484537, 0.93731576), (0.034804046, 0.47529185, 0.87913954), (0.0043828967, 0.3484537, 0.93731576), (0.1097986, 0.29946756, 0.9477676), (0.13050558, 0.26295993, 0.95593953), (0.1097986, 0.29946756, 0.9477676), (0.01752211, 0.096681826, 0.9951611), (-0.010934472, 0.40164652, 0.91572946), (-0.009126932, 0.23983039, 0.97077185), (-0.04145538, 0.13044597, 0.99058837), (0.0043828967, 0.3484537, 0.93731576), (-0.04145538, 0.13044597, 0.99058837), (0.01752211, 0.096681826, 0.9951611), (0.01752211, 0.096681826, 0.9951611), (-0.022095053, 0.09186418, 0.9955264), (0.008383628, 0.06082916, 0.998113), (-0.04145538, 0.13044597, 0.99058837), (-0.009126932, 0.23983039, 0.97077185), (-0.0923541, 0.050808117, 0.9944291), (-0.04145538, 0.13044597, 0.99058837), (-0.07555103, 0.06917323, 0.9947397), (-0.022095053, 0.09186418, 0.9955264), (-0.10181319, 0.16755092, 0.980592), (-0.10846259, 0.07882786, 0.99097025), (-0.04822941, 0.06686522, 0.99659574), (-0.15648276, 0.19150557, 0.9689369), (-0.109708615, 0.14311257, 0.983607), (-0.071501926, 0.13559945, 0.9881803), (-0.10181319, 0.16755092, 0.980592), (-0.15648276, 0.19150557, 0.9689369), (-0.103092216, 0.09477427, 0.99014634), (-0.022095053, 0.09186418, 0.9955264), (-0.07555103, 0.06917323, 0.9947397), (-0.15648276, 0.19150557, 0.9689369), (-0.07555103, 0.06917323, 0.9947397), (-0.0923541, 0.050808117, 0.9944291), (-0.109708615, 0.14311257, 0.983607), (-0.022095053, 0.09186418, 0.9955264), (-0.10181319, 0.16755092, 0.980592), (0.03354239, 0.14802024, 0.9884154), (-0.8890698, -0.025981598, 0.45703372), (-0.88940775, -0.02976712, 0.45614457), (-0.8363277, -0.013088812, 0.54807353), (-0.8254595, -0.009419582, 0.5643828), (-0.8363277, -0.013088812, 0.54807353), (-0.6839698, 0.10518098, 0.721888), (-0.6839698, 0.10518098, 0.721888), (-0.5556196, 0.05498199, 0.82961667), (-0.5649072, 0.07967261, 0.8212991), (-0.5649072, 0.07967261, 0.8212991), (-0.5556196, 0.05498199, 0.82961667), (-0.5088179, -0.07064366, 0.8579708), (-0.5088179, -0.07064366, 0.8579708), (-0.5556196, 0.05498199, 0.82961667), (-0.47531942, -0.10174266, 0.8739107), (-0.5107098, 0.030195784, 0.85922265), (-0.4749555, 0.11325095, 0.87269205), (-0.53713864, 0.099306785, 0.8376278), (-0.4749555, 0.11325095, 0.87269205), (-0.5107098, 0.030195784, 0.85922265), (-0.36426535, 0.052612443, 0.9298079), (-0.48371652, -0.13535817, 0.8646945), (-0.427263, -0.09280566, 0.89935166), (-0.38152736, -0.06256579, 0.92223763), (-0.5088179, -0.07064366, 0.8579708), (-0.38152736, -0.06256579, 0.92223763), (-0.36426535, 0.052612443, 0.9298079), (-0.33537647, 0.082938746, 0.9384262), (-0.36426535, 0.052612443, 0.9298079), (-0.14642316, 0.022167046, 0.9889737), (-0.427263, -0.09280566, 0.89935166), (-0.27519345, -0.04413539, 0.9603753), (-0.16224474, -0.044003278, 0.9857689), (-0.38152736, -0.06256579, 0.92223763), (-0.16224474, -0.044003278, 0.9857689), (-0.14642316, 0.022167046, 0.9889737), (-0.14642316, 0.022167046, 0.9889737), (-0.13083148, -0.014502308, 0.9912985), (-0.10963161, 0.023496483, 0.9936945), (-0.16224474, -0.044003278, 0.9857689), (-0.27519345, -0.04413539, 0.9603753), (-0.07190324, -0.07050777, 0.9949163), (-0.16224474, -0.044003278, 0.9857689), (-0.09419978, -0.05949738, 0.9937738), (-0.13083148, -0.014502308, 0.9912985), (-0.1806238, -0.11261143, 0.97708434), (-0.09415219, -0.09390047, 0.99111956), (-0.09965004, -0.03258085, 0.9944891), (-0.18787907, -0.17213964, 0.9669899), (-0.15513207, -0.11326443, 0.9813792), (-0.15874332, -0.074353, 0.98451626), (-0.1806238, -0.11261143, 0.97708434), (-0.18787907, -0.17213964, 0.9669899), (-0.11090711, -0.093211934, 0.9894499), (-0.13083148, -0.014502308, 0.9912985), (-0.09419978, -0.05949738, 0.9937738), (-0.18787907, -0.17213964, 0.9669899), (-0.09419978, -0.05949738, 0.9937738), (-0.07190324, -0.07050777, 0.9949163), (-0.15513207, -0.11326443, 0.9813792), (-0.13083148, -0.014502308, 0.9912985), (-0.1806238, -0.11261143, 0.97708434), (-0.19979697, 0.023002036, 0.9795673), (-0.82726485, 0.29872328, 0.4758122), (-0.82913357, 0.2955379, 0.47454688), (-0.7756351, 0.27886212, 0.5662386), (-0.76452905, 0.27594072, 0.58253926), (-0.7756351, 0.27886212, 0.5662386), (-0.5910818, 0.30401516, 0.74712586), (-0.5910818, 0.30401516, 0.74712586), (-0.4973476, 0.1939301, 0.84559834), (-0.4953474, 0.220972, 0.8401204), (-0.4953474, 0.220972, 0.8401204), (-0.4973476, 0.1939301, 0.84559834), (-0.50769955, 0.058012065, 0.8595788), (-0.50769955, 0.058012065, 0.8595788), (-0.4973476, 0.1939301, 0.84559834), (-0.49051368, 0.014307303, 0.871316), (-0.46741217, 0.14974, 0.8712656), (-0.40054977, 0.2084516, 0.8922487), (-0.46222886, 0.22542621, 0.857629), (-0.40054977, 0.2084516, 0.8922487), (-0.46741217, 0.14974, 0.8712656), (-0.32628372, 0.10160943, 0.9397949), (-0.5119849, -0.011589411, 0.8589163), (-0.4435836, -0.00029881275, 0.89623296), (-0.3898378, 0.005569333, 0.9208667), (-0.50769955, 0.058012065, 0.8595788), (-0.3898378, 0.005569333, 0.9208667), (-0.32628372, 0.10160943, 0.9397949), (-0.28754792, 0.11606787, 0.9507073), (-0.32628372, 0.10160943, 0.9397949), (-0.14208795, -0.02278706, 0.9895917), (-0.4435836, -0.00029881275, 0.89623296), (-0.2862224, -0.026056984, 0.95780885), (-0.18398675, -0.07562523, 0.98001516), (-0.3898378, 0.005569333, 0.9208667), (-0.18398675, -0.07562523, 0.98001516), (-0.14208795, -0.02278706, 0.9895917), (-0.14208795, -0.02278706, 0.9895917), (-0.14324638, -0.06264163, 0.9877026), (-0.108183, -0.037400313, 0.9934272), (-0.18398675, -0.07562523, 0.98001516), (-0.2862224, -0.026056984, 0.95780885), (-0.11310066, -0.13813604, 0.9839342), (-0.18398675, -0.07562523, 0.98001516), (-0.1287546, -0.11879107, 0.984536), (-0.14324638, -0.06264163, 0.9877026), (-0.22912447, -0.12901993, 0.9648087), (-0.14299475, -0.14959487, 0.9783526), (-0.122502685, -0.09228529, 0.98816824), (-0.26034427, -0.17870371, 0.94883394), (-0.20631045, -0.14068161, 0.96832055), (-0.19342989, -0.10436524, 0.97554743), (-0.22912447, -0.12901993, 0.9648087), (-0.26034427, -0.17870371, 0.94883394), (-0.15789942, -0.14182222, 0.9772175), (-0.14324638, -0.06264163, 0.9877026), (-0.1287546, -0.11879107, 0.984536), (-0.26034427, -0.17870371, 0.94883394), (-0.1287546, -0.11879107, 0.984536), (-0.11310066, -0.13813604, 0.9839342), (-0.20631045, -0.14068161, 0.96832055), (-0.14324638, -0.06264163, 0.9877026), (-0.22912447, -0.12901993, 0.9648087), (-0.19007039, 0.0011725824, 0.9817698), (0.54878783, -0.682565, 0.48263538), (0.55203944, -0.6806626, 0.48161295), (0.5085774, -0.64315766, 0.5724484), (0.49944004, -0.63574487, 0.5885474), (0.5085774, -0.64315766, 0.5724484), (0.32566625, -0.5809907, 0.7459164), (0.32566625, -0.5809907, 0.7459164), (0.29236978, -0.44266656, 0.8476829), (0.27772424, -0.4650361, 0.8406014), (0.27772424, -0.4650361, 0.8406014), (0.29236978, -0.44266656, 0.8476829), (0.36696392, -0.32987007, 0.86978346), (0.36696392, -0.32987007, 0.86978346), (0.29236978, -0.44266656, 0.8476829), (0.37268814, -0.2837975, 0.88349456), (0.2864584, -0.390417, 0.87493783), (0.19841565, -0.40951014, 0.89046764), (0.24574584, -0.4533023, 0.8568115), (0.19841565, -0.40951014, 0.89046764), (0.2864584, -0.390417, 0.87493783), (0.18327549, -0.28174227, 0.9418234), (0.40470937, -0.27133206, 0.8732636), (0.33757877, -0.24895358, 0.90777904), (0.28654897, -0.22859037, 0.9303957), (0.36696392, -0.32987007, 0.86978346), (0.28654897, -0.22859037, 0.9303957), (0.18327549, -0.28174227, 0.9418234), (0.14188509, -0.27572882, 0.95070624), (0.18327549, -0.28174227, 0.9418234), (0.08083047, -0.08487403, 0.9931076), (0.33757877, -0.24895358, 0.90777904), (0.20971766, -0.15155798, 0.9659444), (0.14364235, -0.05905996, 0.9878658), (0.28654897, -0.22859037, 0.9303957), (0.14364235, -0.05905996, 0.9878658), (0.08083047, -0.08487403, 0.9931076), (0.08083047, -0.08487403, 0.9931076), (0.10139601, -0.05066599, 0.9935552), (0.058225248, -0.05566037, 0.9967506), (0.14364235, -0.05905996, 0.9878658), (0.20971766, -0.15155798, 0.9659444), (0.11219776, 0.029993221, 0.9932331), (0.14364235, -0.05905996, 0.9878658), (0.11635439, 0.0054496843, 0.99319285), (0.10139601, -0.05066599, 0.9935552), (0.20985284, -0.03414699, 0.97713655), (0.14413337, 0.025511766, 0.9892294), (0.097768106, -0.014698634, 0.9951006), (0.26217216, -0.005617624, 0.96500474), (0.19548474, -0.012931993, 0.9806215), (0.16614324, -0.038499158, 0.9853498), (0.20985284, -0.03414699, 0.97713655), (0.26217216, -0.005617624, 0.96500474), (0.15338995, 0.011479499, 0.98809904), (0.10139601, -0.05066599, 0.9935552), (0.11635439, 0.0054496843, 0.99319285), (0.26217216, -0.005617624, 0.96500474), (0.11635439, 0.0054496843, 0.99319285), (0.11219776, 0.029993221, 0.9932331), (0.19548474, -0.012931993, 0.9806215), (0.10139601, -0.05066599, 0.9935552), (0.20985284, -0.03414699, 0.97713655), (0.111361645, -0.12898305, 0.98537403), (-0.10339043, -0.91280377, 0.39509454), (-0.09977554, -0.91370636, 0.39393586), (-0.10200817, -0.8657063, 0.49004787), (-0.10285478, -0.85564417, 0.5072415), (-0.10200817, -0.8657063, 0.49004787), (-0.18259853, -0.70922214, 0.6809271), (-0.18259853, -0.70922214, 0.6809271), (-0.10521301, -0.59971905, 0.79326373), (-0.13154593, -0.6040542, 0.7860116), (-0.13154593, -0.6040542, 0.7860116), (-0.10521301, -0.59971905, 0.79326373), (0.027968666, -0.57705057, 0.81622934), (0.027968666, -0.57705057, 0.81622934), (-0.10521301, -0.59971905, 0.79326373), (0.06520646, -0.5505807, 0.8322314), (-0.0714621, -0.5620086, 0.82403857), (-0.1462344, -0.5138938, 0.84529805), (-0.1451679, -0.5746954, 0.805389), (-0.1462344, -0.5138938, 0.84529805), (-0.0714621, -0.5620086, 0.82403857), (-0.06437766, -0.41966483, 0.90539324), (0.09631486, -0.56379956, 0.8202765), (0.066100255, -0.5037765, 0.8613014), (0.045502055, -0.45546895, 0.8890881), (0.027968666, -0.57705057, 0.81622934), (0.045502055, -0.45546895, 0.8890881), (-0.06437766, -0.41966483, 0.90539324), (-0.08874011, -0.38681713, 0.9178767), (-0.06437766, -0.41966483, 0.90539324), (0.00642526, -0.21519622, 0.9765497), (0.066100255, -0.5037765, 0.8613014), (0.047825582, -0.35075477, 0.93524534), (0.06859362, -0.2416549, 0.96793485), (0.045502055, -0.45546895, 0.8890881), (0.06859362, -0.2416549, 0.96793485), (0.00642526, -0.21519622, 0.9765497), (0.00642526, -0.21519622, 0.9765497), (0.045302052, -0.20622921, 0.9774545), (0.011731211, -0.17917241, 0.9837477), (0.06859362, -0.2416549, 0.96793485), (0.047825582, -0.35075477, 0.93524534), (0.110770434, -0.15803376, 0.98120093), (0.06859362, -0.2416549, 0.96793485), (0.09601877, -0.17800026, 0.97933465), (0.045302052, -0.20622921, 0.9774545), (0.13241665, -0.2706216, 0.95353544), (0.12971528, -0.18355641, 0.9744132), (0.06864602, -0.17887752, 0.9814737), (0.18915938, -0.28701875, 0.93906283), (0.13769968, -0.24600586, 0.9594373), (0.09897352, -0.2432335, 0.964905), (0.13241665, -0.2706216, 0.95353544), (0.18915938, -0.28701875, 0.93906283), (0.12605259, -0.19977793, 0.9716993), (0.045302052, -0.20622921, 0.9774545), (0.09601877, -0.17800026, 0.97933465), (0.18915938, -0.28701875, 0.93906283), (0.09601877, -0.17800026, 0.97933465), (0.110770434, -0.15803376, 0.98120093), (0.13769968, -0.24600586, 0.9594373), (0.045302052, -0.20622921, 0.9774545), (0.13241665, -0.2706216, 0.95353544), (-0.0041316715, -0.2667949, 0.96374446), (-0.8943904, -0.070240036, 0.44173756), (-0.89445955, -0.07406603, 0.44097185), (-0.84445053, -0.050896823, 0.53320986), (-0.8341765, -0.04598021, 0.5495775), (-0.84445053, -0.050896823, 0.53320986), (-0.7037516, 0.08289548, 0.70559335), (-0.7037516, 0.08289548, 0.70559335), (-0.57455134, 0.04491451, 0.8172352), (-0.5852769, 0.068647034, 0.8079223), (-0.5852769, 0.068647034, 0.8079223), (-0.57455134, 0.04491451, 0.8172352), (-0.5201282, -0.076314054, 0.850672), (-0.5201282, -0.076314054, 0.850672), (-0.57455134, 0.04491451, 0.8172352), (-0.4849752, -0.10457314, 0.8682531), (-0.5287002, 0.024161285, 0.8484647), (-0.49878642, 0.10981018, 0.85974056), (-0.55919707, 0.0906121, 0.824068), (-0.49878642, 0.10981018, 0.85974056), (-0.5287002, 0.024161285, 0.8484647), (-0.38549945, 0.05858642, 0.9208462), (-0.49094656, -0.13895693, 0.8600363), (-0.43813303, -0.09162558, 0.8942282), (-0.3949631, -0.057671674, 0.916885), (-0.5201282, -0.076314054, 0.850672), (-0.3949631, -0.057671674, 0.916885), (-0.38549945, 0.05858642, 0.9208462), (-0.35885593, 0.091037884, 0.9289427), (-0.38549945, 0.05858642, 0.9208462), (-0.16735232, 0.044688288, 0.98488384), (-0.43813303, -0.09162558, 0.8942282), (-0.29086462, -0.030956313, 0.9562633), (-0.17870201, -0.022459244, 0.98364687), (-0.3949631, -0.057671674, 0.916885), (-0.17870201, -0.022459244, 0.98364687), (-0.16735232, 0.044688288, 0.98488384), (-0.16735232, 0.044688288, 0.98488384), (-0.14942154, 0.009233864, 0.9887305), (-0.13082998, 0.048618622, 0.990212), (-0.17870201, -0.022459244, 0.98364687), (-0.29086462, -0.030956313, 0.9562633), (-0.08700818, -0.042572085, 0.9952976), (-0.17870201, -0.022459244, 0.98364687), (-0.10995419, -0.03311551, 0.9933849), (-0.14942154, 0.009233864, 0.9887305), (-0.19233155, -0.09238662, 0.97697145), (-0.1075852, -0.067504324, 0.9919015), (-0.11718505, -0.006610826, 0.9930881), (-0.1954363, -0.15256682, 0.9687765), (-0.16694276, -0.09120378, 0.9817393), (-0.17317662, -0.05253725, 0.9834885), (-0.19233155, -0.09238662, 0.97697145), (-0.1954363, -0.15256682, 0.9687765), (-0.124310374, -0.067990035, 0.9899112), (-0.14942154, 0.009233864, 0.9887305), (-0.10995419, -0.03311551, 0.9933849), (-0.1954363, -0.15256682, 0.9687765), (-0.10995419, -0.03311551, 0.9933849), (-0.08700818, -0.042572085, 0.9952976), (-0.16694276, -0.09120378, 0.9817393), (-0.14942154, 0.009233864, 0.9887305), (-0.19233155, -0.09238662, 0.97697145), (-0.22046252, 0.04165288, 0.9745056), (0.7188201, -0.5151178, 0.46685264), (0.7213395, -0.5122198, 0.4661546), (0.665148, -0.4977666, 0.55660254), (0.6535877, -0.49492833, 0.5725985), (0.665148, -0.4977666, 0.55660254), (0.46606106, -0.51024044, 0.7228013), (0.46606106, -0.51024044, 0.7228013), (0.38736427, -0.39808384, 0.8315517), (0.3807668, -0.42323735, 0.82212335), (0.3807668, -0.42323735, 0.82212335), (0.38736427, -0.39808384, 0.8315517), (0.42180467, -0.2698953, 0.86558497), (0.42180467, -0.2698953, 0.86558497), (0.38736427, -0.39808384, 0.8315517), (0.41223624, -0.22563455, 0.88269496), (0.36435148, -0.35271472, 0.86188185), (0.28632635, -0.39950204, 0.8708705), (0.34618163, -0.42343223, 0.83717585), (0.28632635, -0.39950204, 0.8708705), (0.36435148, -0.35271472, 0.86188185), (0.22992343, -0.287516, 0.9297687), (0.43903413, -0.20301299, 0.8752342), (0.36711708, -0.20559476, 0.9071691), (0.31151742, -0.20408511, 0.92806584), (0.42180467, -0.2698953, 0.86558497), (0.31151742, -0.20408511, 0.92806584), (0.22992343, -0.287516, 0.9297687), (0.18846484, -0.29545137, 0.93658394), (0.22992343, -0.287516, 0.9297687), (0.06894394, -0.1373024, 0.9881269), (0.36711708, -0.20559476, 0.9071691), (0.21314123, -0.15803719, 0.96415514), (0.12056324, -0.09286663, 0.9883523), (0.31151742, -0.20408511, 0.92806584), (0.12056324, -0.09286663, 0.9883523), (0.06894394, -0.1373024, 0.9881269), (0.06894394, -0.1373024, 0.9881269), (0.07765503, -0.098554, 0.99209714), (0.038174134, -0.11699303, 0.99239874), (0.12056324, -0.09286663, 0.9883523), (0.21314123, -0.15803719, 0.96415514), (0.06249413, -0.018807005, 0.9978681), (0.12056324, -0.09286663, 0.9883523), (0.07417192, -0.040744137, 0.99641275), (0.07765503, -0.098554, 0.99209714), (0.17588508, -0.047771446, 0.9832509), (0.09434578, -0.012769762, 0.9954576), (0.062830694, -0.065758616, 0.9958555), (0.21693681, -0.0034630208, 0.97617954), (0.15544969, -0.03245468, 0.9873105), (0.13551834, -0.06619062, 0.98856133), (0.17588508, -0.047771446, 0.9832509), (0.21693681, -0.0034630208, 0.97617954), (0.10758753, -0.02308279, 0.9939276), (0.07765503, -0.098554, 0.99209714), (0.07417192, -0.040744137, 0.99641275), (0.21693681, -0.0034630208, 0.97617954), (0.07417192, -0.040744137, 0.99641275), (0.06249413, -0.018807005, 0.9978681), (0.15544969, -0.03245468, 0.9873105), (0.07765503, -0.098554, 0.99209714), (0.17588508, -0.047771446, 0.9832509), (0.11207113, -0.16891201, 0.97923887), (0.1844076, 0.87946725, 0.4387838), (0.18079853, 0.88065934, 0.4378938), (0.18526402, 0.82695866, 0.530864), (0.1864087, 0.81585544, 0.54738635), (0.18526402, 0.82695866, 0.530864), (0.26595387, 0.65468955, 0.7075664), (0.26595387, 0.65468955, 0.7075664), (0.18796995, 0.54366815, 0.8179806), (0.21409005, 0.5467917, 0.8094345), (0.21409005, 0.5467917, 0.8094345), (0.18796995, 0.54366815, 0.8179806), (0.05508712, 0.52794045, 0.8474929), (0.05508712, 0.52794045, 0.8474929), (0.18796995, 0.54366815, 0.8179806), (0.017150229, 0.5029145, 0.86416596), (0.15360692, 0.5063436, 0.8485405), (0.22614919, 0.4525176, 0.86260325), (0.22682886, 0.51554173, 0.82629615), (0.22614919, 0.4525176, 0.86260325), (0.15360692, 0.5063436, 0.8485405), (0.1417986, 0.36010912, 0.92207086), (-0.013648817, 0.5187206, 0.85483485), (0.01482532, 0.45460448, 0.8905701), (0.033747368, 0.40354383, 0.91433775), (0.05508712, 0.52794045, 0.8474929), (0.033747368, 0.40354383, 0.91433775), (0.1417986, 0.36010912, 0.92207086), (0.16462478, 0.32513225, 0.9312292), (0.1417986, 0.36010912, 0.92207086), (0.061899886, 0.15652634, 0.98573214), (0.01482532, 0.45460448, 0.8905701), (0.027178839, 0.29660702, 0.9546128), (0.0012038518, 0.18724273, 0.98231286), (0.033747368, 0.40354383, 0.91433775), (0.0012038518, 0.18724273, 0.98231286), (0.061899886, 0.15652634, 0.98573214), (0.061899886, 0.15652634, 0.98573214), (0.02262233, 0.14994241, 0.9884358), (0.054662485, 0.12053436, 0.991203), (0.0012038518, 0.18724273, 0.98231286), (0.027178839, 0.29660702, 0.9546128), (-0.04553168, 0.10574472, 0.9933503), (0.0012038518, 0.18724273, 0.98231286), (-0.029642936, 0.12483993, 0.991734), (0.02262233, 0.14994241, 0.9884358), (-0.061300553, 0.22090437, 0.97336715), (-0.06311265, 0.13274561, 0.9891388), (-0.0021925147, 0.123892255, 0.9922932), (-0.11757421, 0.2416127, 0.9632236), (-0.06784415, 0.19635557, 0.9781828), (-0.02914027, 0.19087481, 0.98118174), (-0.061300553, 0.22090437, 0.97336715), (-0.11757421, 0.2416127, 0.9632236), (-0.058555264, 0.14884274, 0.9871257), (0.02262233, 0.14994241, 0.9884358), (-0.029642936, 0.12483993, 0.991734), (-0.11757421, 0.2416127, 0.9632236), (-0.029642936, 0.12483993, 0.991734), (-0.04553168, 0.10574472, 0.9933503), (-0.06784415, 0.19635557, 0.9781828), (0.02262233, 0.14994241, 0.9884358), (-0.061300553, 0.22090437, 0.97336715), (0.07506131, 0.208044, 0.9752351), (-0.664514, 0.5797208, 0.4715346), (-0.66729957, 0.5770785, 0.47084135), (-0.6123479, 0.5570664, 0.56098765), (-0.60103977, 0.553092, 0.57692325), (-0.6123479, 0.5570664, 0.56098765), (-0.41226023, 0.5500335, 0.7262952), (-0.41226023, 0.5500335, 0.7262952), (-0.34411776, 0.4305688, 0.8343822), (-0.33519888, 0.45500833, 0.82499045), (-0.33519888, 0.45500833, 0.82499045), (-0.34411776, 0.4305688, 0.8343822), (-0.39044073, 0.3061356, 0.8682379), (-0.39044073, 0.3061356, 0.8682379), (-0.34411776, 0.4305688, 0.8343822), (-0.38505572, 0.26111168, 0.8851852), (-0.32538614, 0.38312605, 0.8644873), (-0.24322678, 0.42224988, 0.8732387), (-0.30068138, 0.45186672, 0.8398852), (-0.24322678, 0.42224988, 0.8732387), (-0.32538614, 0.38312605, 0.8644873), (-0.19748083, 0.30522436, 0.93157905), (-0.41391513, 0.24116442, 0.87778926), (-0.34194085, 0.23679647, 0.9093976), (-0.28664887, 0.2299383, 0.93003273), (-0.39044073, 0.3061356, 0.8682379), (-0.28664887, 0.2299383, 0.93003273), (-0.19748083, 0.30522436, 0.93157905), (-0.15542203, 0.3091612, 0.93822354), (-0.19748083, 0.30522436, 0.93157905), (-0.051272616, 0.14020224, 0.98879445), (-0.34194085, 0.23679647, 0.9093976), (-0.19294198, 0.17463297, 0.9655447), (-0.106884375, 0.10087732, 0.9891408), (-0.28664887, 0.2299383, 0.93003273), (-0.106884375, 0.10087732, 0.9891408), (-0.051272616, 0.14020224, 0.98879445), (-0.051272616, 0.14020224, 0.98879445), (-0.06360777, 0.102444224, 0.992703), (-0.022550004, 0.11704576, 0.99287045), (-0.106884375, 0.10087732, 0.9891408), (-0.19294198, 0.17463297, 0.9655447), (-0.056078803, 0.0216016, 0.9981926), (-0.106884375, 0.10087732, 0.9891408), (-0.06562106, 0.0445521, 0.9968496), (-0.06360777, 0.102444224, 0.992703), (-0.16626084, 0.061265446, 0.9841767), (-0.08837055, 0.018626455, 0.9959135), (-0.051956214, 0.06837812, 0.99630564), (-0.21137168, 0.021085545, 0.9771782), (-0.14735872, 0.044062503, 0.9881012), (-0.124302275, 0.07574338, 0.98934925), (-0.16626084, 0.061265446, 0.9841767), (-0.21137168, 0.021085545, 0.9771782), (-0.10057533, 0.030155646, 0.9944723), (-0.06360777, 0.102444224, 0.992703), (-0.06562106, 0.0445521, 0.9968496), (-0.21137168, 0.021085545, 0.9771782), (-0.06562106, 0.0445521, 0.9968496), (-0.056078803, 0.0216016, 0.9981926), (-0.14735872, 0.044062503, 0.9881012), (-0.06360777, 0.102444224, 0.992703), (-0.16626084, 0.061265446, 0.9841767), (-0.09122827, 0.17579779, 0.98019), (-0.570751, 0.66453034, 0.48233047), (-0.57392806, 0.6624584, 0.48140967), (-0.5269026, 0.62869793, 0.5719376), (-0.5170993, 0.62201905, 0.5879631), (-0.5269026, 0.62869793, 0.5719376), (-0.3377709, 0.5783836, 0.74255186), (-0.3377709, 0.5783836, 0.74255186), (-0.29587698, 0.4436474, 0.8459514), (-0.28246012, 0.46655166, 0.83818), (-0.28246012, 0.46655166, 0.83818), (-0.29587698, 0.4436474, 0.8459514), (-0.3645653, 0.32787243, 0.8715457), (-0.3645653, 0.32787243, 0.8715457), (-0.29587698, 0.4436474, 0.8459514), (-0.36781234, 0.28183648, 0.8861615), (-0.2869427, 0.3922346, 0.8739656), (-0.19960976, 0.41574085, 0.887308), (-0.2496411, 0.45663455, 0.8539111), (-0.19960976, 0.41574085, 0.887308), (-0.2869427, 0.3922346, 0.8739656), (-0.17737795, 0.28977853, 0.9405135), (-0.39940506, 0.2676914, 0.87682205), (-0.33060253, 0.24913515, 0.9102932), (-0.27821726, 0.23161383, 0.932175), (-0.3645653, 0.32787243, 0.8715457), (-0.27821726, 0.23161383, 0.932175), (-0.17737795, 0.28977853, 0.9405135), (-0.13557458, 0.28588864, 0.94862384), (-0.17737795, 0.28977853, 0.9405135), (-0.06466973, 0.09892509, 0.99299127), (-0.33060253, 0.24913515, 0.9102932), (-0.19710381, 0.15895218, 0.96741116), (-0.12627558, 0.07008527, 0.9895163), (-0.27821726, 0.23161383, 0.932175), (-0.12627558, 0.07008527, 0.9895163), (-0.06466973, 0.09892509, 0.99299127), (-0.06466973, 0.09892509, 0.99299127), (-0.083572246, 0.06379919, 0.9944573), (-0.040630404, 0.07088296, 0.9966568), (-0.12627558, 0.07008527, 0.9895163), (-0.19710381, 0.15895218, 0.96741116), (-0.09052901, -0.017271811, 0.99574405), (-0.12627558, 0.07008527, 0.9895163), (-0.095849335, 0.007042841, 0.9953709), (-0.083572246, 0.06379919, 0.9944573), (-0.19143128, 0.041885614, 0.98061186), (-0.12271911, -0.014378064, 0.9923373), (-0.078210056, 0.028073361, 0.9965415), (-0.24257013, 0.010703634, 0.9700748), (-0.17600201, 0.02143887, 0.9841563), (-0.14781919, 0.048443634, 0.9878272), (-0.19143128, 0.041885614, 0.98061186), (-0.24257013, 0.010703634, 0.9700748), (-0.13265061, -0.00081717066, 0.99116254), (-0.083572246, 0.06379919, 0.9944573), (-0.095849335, 0.007042841, 0.9953709), (-0.24257013, 0.010703634, 0.9700748), (-0.095849335, 0.007042841, 0.9953709), (-0.09052901, -0.017271811, 0.99574405), (-0.17600201, 0.02143887, 0.9841563), (-0.083572246, 0.06379919, 0.9944573), (-0.19143128, 0.041885614, 0.98061186), (-0.097412035, 0.14139895, 0.9851483), (0.46776465, -0.74767405, 0.4713595), (0.47120988, -0.7461861, 0.4702845), (0.43430918, -0.7039753, 0.56195575), (0.42644083, -0.69555736, 0.57822853), (0.43430918, -0.7039753, 0.56195575), (0.26353765, -0.6203103, 0.7387577), (0.26353765, -0.6203103, 0.7387577), (0.24948029, -0.47937083, 0.8414055), (0.2320429, -0.4997177, 0.83452874), (0.2320429, -0.4997177, 0.83452874), (0.24948029, -0.47937083, 0.8414055), (0.3379059, -0.37683317, 0.86244786), (0.3379059, -0.37683317, 0.86244786), (0.24948029, -0.47937083, 0.8414055), (0.3495507, -0.33189273, 0.87616295), (0.25059134, -0.42691824, 0.8688756), (0.16113308, -0.434981, 0.88590497), (0.20206209, -0.48416975, 0.85132277), (0.16113308, -0.434981, 0.88590497), (0.25059134, -0.42691824, 0.8688756), (0.16289665, -0.30654997, 0.93781227), (0.38269508, -0.323461, 0.86540025), (0.31947184, -0.29306024, 0.90114015), (0.27177197, -0.2666067, 0.9246951), (0.3379059, -0.37683317, 0.86244786), (0.27177197, -0.2666067, 0.9246951), (0.16289665, -0.30654997, 0.93781227), (0.12273065, -0.29547602, 0.9474339), (0.16289665, -0.30654997, 0.93781227), (0.0866405, -0.09869908, 0.99133843), (0.31947184, -0.29306024, 0.90114015), (0.20574142, -0.18077725, 0.9617641), (0.15207714, -0.08087638, 0.9850541), (0.27177197, -0.2666067, 0.9246951), (0.15207714, -0.08087638, 0.9850541), (0.0866405, -0.09869908, 0.99133843), (0.0866405, -0.09869908, 0.99133843), (0.11130653, -0.067318104, 0.9915035), (0.06791034, -0.06691741, 0.9954447), (0.15207714, -0.08087638, 0.9850541), (0.20574142, -0.18077725, 0.9617641), (0.13205583, 0.011370999, 0.9911771), (0.15207714, -0.08087638, 0.9850541), (0.13312213, -0.013498101, 0.99100775), (0.11130653, -0.067318104, 0.9915035), (0.22068302, -0.06434566, 0.9732207), (0.1631144, 0.002969422, 0.98660266), (0.112217076, -0.031184247, 0.9931943), (0.2759298, -0.042492345, 0.960238), (0.20912346, -0.041524153, 0.9770072), (0.1769128, -0.063264444, 0.9821912), (0.22068302, -0.06434566, 0.9732207), (0.2759298, -0.042492345, 0.960238), (0.17052563, -0.012103167, 0.9852789), (0.11130653, -0.067318104, 0.9915035), (0.13312213, -0.013498101, 0.99100775), (0.2759298, -0.042492345, 0.960238), (0.13312213, -0.013498101, 0.99100775), (0.13205583, 0.011370999, 0.9911771), (0.20912346, -0.041524153, 0.9770072), (0.11130653, -0.067318104, 0.9915035), (0.22068302, -0.06434566, 0.9732207), (0.11130611, -0.14622968, 0.98296887), (0.80385274, 0.37907973, 0.45838773), (0.8025523, 0.38268992, 0.45766622), (0.7630514, 0.34153143, 0.5487339), (0.75502557, 0.3329772, 0.56485623), (0.7630514, 0.34153143, 0.5487339), (0.6776312, 0.16325985, 0.7170511), (0.6776312, 0.16325985, 0.7170511), (0.5420118, 0.15043873, 0.8267959), (0.5606663, 0.13229923, 0.8174045), (0.5606663, 0.13229923, 0.8174045), (0.5420118, 0.15043873, 0.8267959), (0.44726452, 0.24346949, 0.860626), (0.44726452, 0.24346949, 0.860626), (0.5420118, 0.15043873, 0.8267959), (0.4040915, 0.25692552, 0.87789476), (0.49137822, 0.15281884, 0.85743445), (0.4940818, 0.061962944, 0.8672046), (0.5440142, 0.10216658, 0.8328328), (0.4940818, 0.061962944, 0.8672046), (0.49137822, 0.15281884, 0.85743445), (0.36920056, 0.06806604, 0.92685384), (0.39741996, 0.29129598, 0.87017477), (0.3647025, 0.22758918, 0.9028816), (0.33632827, 0.18002324, 0.92437816), (0.44726452, 0.24346949, 0.860626), (0.33632827, 0.18002324, 0.92437816), (0.36920056, 0.06806604, 0.92685384), (0.3558858, 0.028080981, 0.9341074), (0.36920056, 0.06806604, 0.92685384), (0.15982844, 0.001648549, 0.98714346), (0.3647025, 0.22758918, 0.9028816), (0.24827783, 0.117060386, 0.9615898), (0.1463184, 0.06840609, 0.9868696), (0.33632827, 0.18002324, 0.92437816), (0.1463184, 0.06840609, 0.9868696), (0.15982844, 0.001648549, 0.98714346), (0.15982844, 0.001648549, 0.98714346), (0.13031268, 0.028237326, 0.9910708), (0.12709075, -0.015216871, 0.9917743), (0.1463184, 0.06840609, 0.9868696), (0.24827783, 0.117060386, 0.9615898), (0.05337888, 0.054067805, 0.9971095), (0.1463184, 0.06840609, 0.9868696), (0.07821295, 0.05351234, 0.9954994), (0.13031268, 0.028237326, 0.9910708), (0.13400422, 0.13867156, 0.9812303), (0.0636671, 0.0847736, 0.9943641), (0.09447939, 0.031382766, 0.9950321), (0.11539202, 0.19608471, 0.97377384), (0.11067795, 0.1283721, 0.98553085), (0.13036059, 0.09449605, 0.9869532), (0.13400422, 0.13867156, 0.9812303), (0.11539202, 0.19608471, 0.97377384), (0.07912796, 0.09125831, 0.9926785), (0.13031268, 0.028237326, 0.9910708), (0.07821295, 0.05351234, 0.9954994), (0.11539202, 0.19608471, 0.97377384), (0.07821295, 0.05351234, 0.9954994), (0.05337888, 0.054067805, 0.9971095), (0.11067795, 0.1283721, 0.98553085), (0.13031268, 0.028237326, 0.9910708), (0.13400422, 0.13867156, 0.9812303), (0.20842932, 0.023723317, 0.9777497), (0.86331123, -0.21633798, 0.4559514), (0.86478937, -0.21293002, 0.45475292), (0.8112841, -0.20485272, 0.54758877), (0.80019194, -0.20363976, 0.5641132), (0.8112841, -0.20485272, 0.54758877), (0.6337351, -0.2554834, 0.7301425), (0.6337351, -0.2554834, 0.7301425), (0.52988243, -0.15935211, 0.83296555), (0.53083426, -0.18628792, 0.8267478), (0.53083426, -0.18628792, 0.8267478), (0.52988243, -0.15935211, 0.83296555), (0.5251431, -0.023560623, 0.8506877), (0.5251431, -0.023560623, 0.8506877), (0.52988243, -0.15935211, 0.83296555), (0.50335664, 0.017600492, 0.8638995), (0.49560314, -0.119523704, 0.8602858), (0.43610802, -0.18593419, 0.8804762), (0.49871904, -0.19491619, 0.8445631), (0.43610802, -0.18593419, 0.8804762), (0.49560314, -0.119523704, 0.8602858), (0.35111588, -0.089456536, 0.9320489), (0.521579, 0.046074934, 0.851958), (0.45550373, 0.026151951, 0.88984966), (0.40316993, 0.013605363, 0.915024), (0.5251431, -0.023560623, 0.8506877), (0.40316993, 0.013605363, 0.915024), (0.35111588, -0.089456536, 0.9320489), (0.31443322, -0.10847294, 0.9430617), (0.35111588, -0.089456536, 0.9320489), (0.15497181, 0.012016482, 0.98784584), (0.45550373, 0.026151951, 0.88984966), (0.29728618, 0.03235611, 0.95424), (0.19051291, 0.06947623, 0.97922313), (0.40316993, 0.013605363, 0.915024), (0.19051291, 0.06947623, 0.97922313), (0.15497181, 0.012016482, 0.98784584), (0.15497181, 0.012016482, 0.98784584), (0.15161824, 0.05178304, 0.9870818), (0.1197107, 0.022610847, 0.99255127), (0.19051291, 0.06947623, 0.97922313), (0.29728618, 0.03235611, 0.95424), (0.11313514, 0.123477906, 0.9858771), (0.19051291, 0.06947623, 0.97922313), (0.13086659, 0.106007464, 0.9857161), (0.15161824, 0.05178304, 0.9870818), (0.22911447, 0.12800516, 0.9649462), (0.14146239, 0.13837652, 0.98022467), (0.12769017, 0.078881, 0.98867226), (0.25429285, 0.18130128, 0.94998163), (0.20519891, 0.136925, 0.9690949), (0.19659741, 0.09920877, 0.97545224), (0.22911447, 0.12800516, 0.9649462), (0.25429285, 0.18130128, 0.94998163), (0.15712671, 0.1323654, 0.9786678), (0.15161824, 0.05178304, 0.9870818), (0.13086659, 0.106007464, 0.9857161), (0.25429285, 0.18130128, 0.94998163), (0.13086659, 0.106007464, 0.9857161), (0.11313514, 0.123477906, 0.9858771), (0.20519891, 0.136925, 0.9690949), (0.15161824, 0.05178304, 0.9870818), (0.22911447, 0.12800516, 0.9649462), (0.20520547, -0.006165774, 0.9786995), (-0.65727174, 0.611341, 0.44074476), (-0.6601984, 0.6090735, 0.43950835), (-0.6190032, 0.576579, 0.533284), (-0.6101909, 0.5702291, 0.55000526), (-0.6190032, 0.576579, 0.533284), (-0.44246966, 0.53566253, 0.7192262), (-0.44246966, 0.53566253, 0.7192262), (-0.40024525, 0.40180713, 0.82362294), (-0.38787806, 0.42577317, 0.8174765), (-0.38787806, 0.42577317, 0.8174765), (-0.40024525, 0.40180713, 0.82362294), (-0.46240407, 0.28093207, 0.84098727), (-0.46240407, 0.28093207, 0.84098727), (-0.40024525, 0.40180713, 0.82362294), (-0.46360016, 0.2344522, 0.854463), (-0.39012805, 0.3505067, 0.8514371), (-0.30622318, 0.37976184, 0.8729308), (-0.3559366, 0.41781756, 0.8359053), (-0.30622318, 0.37976184, 0.8729308), (-0.39012805, 0.3505067, 0.8514371), (-0.27974638, 0.2544554, 0.92573994), (-0.49314997, 0.21834792, 0.842097), (-0.42639807, 0.20388341, 0.88125837), (-0.37501422, 0.18957135, 0.9074288), (-0.46240407, 0.28093207, 0.84098727), (-0.37501422, 0.18957135, 0.9074288), (-0.27974638, 0.2544554, 0.92573994), (-0.23864588, 0.2533182, 0.9374849), (-0.27974638, 0.2544554, 0.92573994), (-0.1586458, 0.07079912, 0.9847939), (-0.42639807, 0.20388341, 0.88125837), (-0.29229394, 0.12197138, 0.9485184), (-0.21747248, 0.037797976, 0.97533435), (-0.37501422, 0.18957135, 0.9074288), (-0.21747248, 0.037797976, 0.97533435), (-0.1586458, 0.07079912, 0.9847939), (-0.1586458, 0.07079912, 0.9847939), (-0.17502627, 0.034408893, 0.98396236), (-0.1330654, 0.04443482, 0.99011064), (-0.21747248, 0.037797976, 0.97533435), (-0.29229394, 0.12197138, 0.9485184), (-0.17621681, -0.046957776, 0.98323065), (-0.21747248, 0.037797976, 0.97533435), (-0.18321912, -0.023074385, 0.9828013), (-0.17502627, 0.034408893, 0.98396236), (-0.27939436, 0.0053143236, 0.96016175), (-0.20810866, -0.04624891, 0.9770117), (-0.1673145, -0.00089208153, 0.98590314), (-0.32703137, -0.02912179, 0.9445647), (-0.26290324, -0.01407668, 0.9647196), (-0.23717053, 0.01474612, 0.97135603), (-0.27939436, 0.0053143236, 0.96016175), (-0.32703137, -0.02912179, 0.9445647), (-0.21884605, -0.033392068, 0.9751879), (-0.17502627, 0.034408893, 0.98396236), (-0.18321912, -0.023074385, 0.9828013), (-0.32703137, -0.02912179, 0.9445647), (-0.18321912, -0.023074385, 0.9828013), (-0.17621681, -0.046957776, 0.98323065), (-0.26290324, -0.01407668, 0.9647196), (-0.17502627, 0.034408893, 0.98396236), (-0.27939436, 0.0053143236, 0.96016175), (-0.19354397, 0.11104425, 0.97478706), (0.9050332, -0.034888487, 0.42390764), (0.90575004, -0.03126174, 0.4226579), (0.85509336, -0.033479948, 0.517392), (0.84458584, -0.034411404, 0.5343132), (0.85509336, -0.033479948, 0.517392), (0.69807774, -0.11757824, 0.7063023), (0.69807774, -0.11757824, 0.7063023), (0.58075124, -0.043630403, 0.81291115), (0.58688605, -0.06986511, 0.80664957), (0.58688605, -0.06986511, 0.80664957), (0.58075124, -0.043630403, 0.81291115), (0.5493832, 0.0885411, 0.8308661), (0.5493832, 0.0885411, 0.8308661), (0.58075124, -0.043630403, 0.81291115), (0.5202395, 0.124560334, 0.8448879), (0.54015285, -0.011336951, 0.84149057), (0.49602866, -0.08822874, 0.86381197), (0.5578319, -0.08466333, 0.8256244), (0.49602866, -0.08822874, 0.86381197), (0.54015285, -0.011336951, 0.84149057), (0.39524952, -0.010494879, 0.91851383), (0.53190744, 0.15603866, 0.83230186), (0.47260976, 0.123477116, 0.8725786), (0.42481896, 0.10081976, 0.8996467), (0.5493832, 0.0885411, 0.8308661), (0.42481896, 0.10081976, 0.8996467), (0.39524952, -0.010494879, 0.91851383), (0.36357328, -0.036432903, 0.9308529), (0.39524952, -0.010494879, 0.91851383), (0.18481731, 0.049775414, 0.98151153), (0.47260976, 0.123477116, 0.8725786), (0.31880993, 0.09813049, 0.9427251), (0.20771585, 0.113155544, 0.9716223), (0.42481896, 0.10081976, 0.8996467), (0.20771585, 0.113155544, 0.9716223), (0.18481731, 0.049775414, 0.98151153), (0.18481731, 0.049775414, 0.98151153), (0.17349306, 0.08804558, 0.9808915), (0.14833738, 0.053082906, 0.9875111), (0.20771585, 0.113155544, 0.9716223), (0.31880993, 0.09813049, 0.9427251), (0.121333174, 0.15051062, 0.9811345), (0.20771585, 0.113155544, 0.9716223), (0.14220358, 0.13696863, 0.9803151), (0.17349306, 0.08804558, 0.9808915), (0.23319218, 0.17816085, 0.95597076), (0.14585242, 0.17076947, 0.97445613), (0.14466844, 0.10977964, 0.98337144), (0.24655832, 0.23533152, 0.94012123), (0.20813519, 0.1821088, 0.96099746), (0.20754525, 0.14347681, 0.9676463), (0.23319218, 0.17816085, 0.95597076), (0.24655832, 0.23533152, 0.94012123), (0.16233996, 0.16802476, 0.9723237), (0.17349306, 0.08804558, 0.9808915), (0.14220358, 0.13696863, 0.9803151), (0.24655832, 0.23533152, 0.94012123), (0.14220358, 0.13696863, 0.9803151), (0.121333174, 0.15051062, 0.9811345), (0.20813519, 0.1821088, 0.96099746), (0.17349306, 0.08804558, 0.9808915), (0.23319218, 0.17816085, 0.95597076), (0.23732351, 0.04202105, 0.9705214), (0.8003669, -0.37631497, 0.46669036), (0.80250543, -0.3732995, 0.465438), (0.75138134, -0.35272372, 0.5576845), (0.74069977, -0.34896567, 0.57409656), (0.75138134, -0.35272372, 0.5576845), (0.56659925, -0.3628443, 0.73980355), (0.56659925, -0.3628443, 0.73980355), (0.48385578, -0.2456994, 0.83994967), (0.47938624, -0.2723968, 0.8342595), (0.47938624, -0.2723968, 0.8342595), (0.48385578, -0.2456994, 0.83994967), (0.50649506, -0.11140032, 0.8550162), (0.50649506, -0.11140032, 0.8550162), (0.48385578, -0.2456994, 0.83994967), (0.49339575, -0.06643607, 0.867264), (0.4581993, -0.19923732, 0.86623204), (0.38647485, -0.25188798, 0.8872371), (0.44612682, -0.27401957, 0.85198826), (0.38647485, -0.25188798, 0.8872371), (0.4581993, -0.19923732, 0.86623204), (0.32246277, -0.13924634, 0.93628424), (0.51702315, -0.04246156, 0.8549176), (0.44814977, -0.047899537, 0.8926743), (0.39426804, -0.049139988, 0.9176807), (0.50649506, -0.11140032, 0.8550162), (0.39426804, -0.049139988, 0.9176807), (0.32246277, -0.13924634, 0.93628424), (0.28266242, -0.15026098, 0.9473772), (0.32246277, -0.13924634, 0.93628424), (0.15056872, 0.0007468948, 0.98859924), (0.44814977, -0.047899537, 0.8926743), (0.2941869, -0.008664213, 0.9557086), (0.19698521, 0.04968919, 0.9791464), (0.39426804, -0.049139988, 0.9176807), (0.19698521, 0.04968919, 0.9791464), (0.15056872, 0.0007468948, 0.98859924), (0.15056872, 0.0007468948, 0.98859924), (0.15529495, 0.040350605, 0.98704374), (0.11814647, 0.018315049, 0.9928273), (0.19698521, 0.04968919, 0.9791464), (0.2941869, -0.008664213, 0.9557086), (0.13204317, 0.11828387, 0.9841613), (0.19698521, 0.04968919, 0.9791464), (0.145894, 0.09760279, 0.98447376), (0.15529495, 0.040350605, 0.98704374), (0.24663411, 0.09894658, 0.96404415), (0.16281173, 0.1270574, 0.978442), (0.13730787, 0.07173559, 0.98792744), (0.2820853, 0.1457675, 0.94825083), (0.22499053, 0.11258031, 0.9678352), (0.20894617, 0.07750468, 0.974851), (0.24663411, 0.09894658, 0.96404415), (0.2820853, 0.1457675, 0.94825083), (0.17694986, 0.11798671, 0.9771222), (0.15529495, 0.040350605, 0.98704374), (0.145894, 0.09760279, 0.98447376), (0.2820853, 0.1457675, 0.94825083), (0.145894, 0.09760279, 0.98447376), (0.13204317, 0.11828387, 0.9841613), (0.22499053, 0.11258031, 0.9678352), (0.15529495, 0.040350605, 0.98704374), (0.24663411, 0.09894658, 0.96404415), (0.19614458, -0.027357243, 0.98019326), (0.3552064, -0.85702, 0.37328953), (0.35875052, -0.85614365, 0.37190855), (0.34053388, -0.81469995, 0.46936205), (0.33620018, -0.8061846, 0.48686334), (0.34053388, -0.81469995, 0.46936205), (0.20877148, -0.7134626, 0.66886896), (0.20877148, -0.7134626, 0.66886896), (0.23356184, -0.5806267, 0.7799496), (0.21181948, -0.5966677, 0.7740286), (0.21181948, -0.5966677, 0.7740286), (0.23356184, -0.5806267, 0.7799496), (0.34229568, -0.49884433, 0.7962336), (0.34229568, -0.49884433, 0.7962336), (0.23356184, -0.5806267, 0.7799496), (0.3639883, -0.4581412, 0.81093717), (0.24788144, -0.5315887, 0.8099186), (0.1608203, -0.52360594, 0.83664423), (0.18740043, -0.5769715, 0.7949748), (0.1608203, -0.52360594, 0.83664423), (0.24788144, -0.5315887, 0.8099186), (0.1933827, -0.40220645, 0.89489275), (0.3968731, -0.4554348, 0.79691327), (0.34494257, -0.41626564, 0.84127134), (0.30611163, -0.38301492, 0.87154764), (0.34229568, -0.49884433, 0.7962336), (0.30611163, -0.38301492, 0.87154764), (0.1933827, -0.40220645, 0.89489275), (0.15742046, -0.38439205, 0.9096491), (0.1933827, -0.40220645, 0.89489275), (0.16587168, -0.18824601, 0.9680134), (0.34494257, -0.41626564, 0.84127134), (0.2626124, -0.28916854, 0.92055213), (0.23255786, -0.18288317, 0.9552333), (0.30611163, -0.38301492, 0.87154764), (0.23255786, -0.18288317, 0.9552333), (0.16587168, -0.18824601, 0.9680134), (0.16587168, -0.18824601, 0.9680134), (0.19617875, -0.1622833, 0.9670461), (0.15435924, -0.15386574, 0.9759603), (0.23255786, -0.18288317, 0.9552333), (0.2626124, -0.28916854, 0.92055213), (0.23202306, -0.0892415, 0.96860796), (0.23255786, -0.18288317, 0.9552333), (0.22810109, -0.113768004, 0.96696776), (0.19617875, -0.1622833, 0.9670461), (0.30150956, -0.17897289, 0.93651515), (0.26016113, -0.103074364, 0.9600479), (0.2044249, -0.12722805, 0.9705789), (0.358383, -0.16720454, 0.9184793), (0.29517153, -0.15471159, 0.9428351), (0.25998, -0.17019874, 0.9504961), (0.30150956, -0.17897289, 0.93651515), (0.358383, -0.16720454, 0.9184793), (0.2642509, -0.11914645, 0.95706606), (0.19617875, -0.1622833, 0.9670461), (0.22810109, -0.113768004, 0.96696776), (0.358383, -0.16720454, 0.9184793), (0.22810109, -0.113768004, 0.96696776), (0.23202306, -0.0892415, 0.96860796), (0.29517153, -0.15471159, 0.9428351), (0.19617875, -0.1622833, 0.9670461), (0.30150956, -0.17897289, 0.93651515), (0.17960307, -0.23885293, 0.95430183), (0.86467916, -0.22037826, 0.4514016), (0.86589336, -0.21670996, 0.45084983), (0.8091301, -0.22870389, 0.5412976), (0.79748386, -0.23118496, 0.5572907), (0.8091301, -0.22870389, 0.5412976), (0.6312075, -0.3234203, 0.7049655), (0.6312075, -0.3234203, 0.7049655), (0.5164185, -0.25461593, 0.81760794), (0.5198759, -0.27995437, 0.8070655), (0.5198759, -0.27995437, 0.8070655), (0.5164185, -0.25461593, 0.81760794), (0.49946484, -0.12457617, 0.8573305), (0.49946484, -0.12457617, 0.8573305), (0.5164185, -0.25461593, 0.81760794), (0.47382495, -0.08810767, 0.87620026), (0.47803164, -0.2228341, 0.84960616), (0.4239041, -0.29623935, 0.8558899), (0.48810524, -0.29400262, 0.8217759), (0.4239041, -0.29623935, 0.8558899), (0.47803164, -0.2228341, 0.84960616), (0.3294034, -0.21694708, 0.9189273), (0.48987487, -0.056662872, 0.8699494), (0.42465627, -0.087907426, 0.9010768), (0.3728674, -0.108662546, 0.9215), (0.49946484, -0.12457617, 0.8573305), (0.3728674, -0.108662546, 0.9215), (0.3294034, -0.21694708, 0.9189273), (0.29418325, -0.24041902, 0.9250161), (0.3294034, -0.21694708, 0.9189273), (0.12365771, -0.1423459, 0.98206234), (0.42465627, -0.087907426, 0.9010768), (0.26463318, -0.1053191, 0.9585808), (0.15435661, -0.08159978, 0.98463976), (0.3728674, -0.108662546, 0.9215), (0.15435661, -0.08159978, 0.98463976), (0.12365771, -0.1423459, 0.98206234), (0.12365771, -0.1423459, 0.98206234), (0.11691334, -0.10341707, 0.98774296), (0.08748953, -0.13555084, 0.9869), (0.15435661, -0.08159978, 0.98463976), (0.26463318, -0.1053191, 0.9585808), (0.07244667, -0.03585628, 0.9967275), (0.15435661, -0.08159978, 0.98463976), (0.09161509, -0.051574185, 0.994458), (0.11691334, -0.10341707, 0.98774296), (0.18817985, -0.018605111, 0.9819584), (0.09954113, -0.01799943, 0.99487066), (0.0907009, -0.07897621, 0.99274176), (0.2091082, 0.038291063, 0.9771425), (0.1634712, -0.012454404, 0.98646945), (0.1579654, -0.051268607, 0.9861128), (0.18817985, -0.018605111, 0.9819584), (0.2091082, 0.038291063, 0.9771425), (0.1157045, -0.022391628, 0.9930313), (0.11691334, -0.10341707, 0.98774296), (0.09161509, -0.051574185, 0.994458), (0.2091082, 0.038291063, 0.9771425), (0.09161509, -0.051574185, 0.994458), (0.07244667, -0.03585628, 0.9967275), (0.1634712, -0.012454404, 0.98646945), (0.11691334, -0.10341707, 0.98774296), (0.18817985, -0.018605111, 0.9819584), (0.17552355, -0.15465094, 0.9722523), (-0.21808092, -0.87672275, 0.42871648), (-0.21471806, -0.8781979, 0.42739275), (-0.20400569, -0.82823753, 0.5219236), (-0.20230326, -0.81777483, 0.5388114), (-0.20400569, -0.82823753, 0.5219236), (-0.24849528, -0.65689296, 0.7118579), (-0.24849528, -0.65689296, 0.7118579), (-0.14888942, -0.55807465, 0.8163239), (-0.17596029, -0.55846626, 0.81065), (-0.17596029, -0.55846626, 0.81065), (-0.14888942, -0.55807465, 0.8163239), (-0.0127081955, -0.5556627, 0.83131075), (-0.0127081955, -0.5556627, 0.83131075), (-0.14888942, -0.55807465, 0.8163239), (0.029000169, -0.53488344, 0.84442806), (-0.10805524, -0.5253145, 0.8440194), (-0.17324717, -0.46578658, 0.86777204), (-0.18379365, -0.5269227, 0.8298026), (-0.17324717, -0.46578658, 0.86777204), (-0.10805524, -0.5253145, 0.8440194), (-0.074613355, -0.38393795, 0.9203394), (0.056978643, -0.5530053, 0.8312272), (0.03871637, -0.48812422, 0.87191504), (0.027381178, -0.4365982, 0.8992398), (-0.0127081955, -0.5556627, 0.83131075), (0.027381178, -0.4365982, 0.8992398), (-0.074613355, -0.38393795, 0.9203394), (-0.09291384, -0.34745312, 0.9330827), (-0.074613355, -0.38393795, 0.9203394), (0.030558415, -0.19123715, 0.981068), (0.03871637, -0.48812422, 0.87191504), (0.04833049, -0.33246362, 0.94187695), (0.08735623, -0.22714324, 0.9699354), (0.027381178, -0.4365982, 0.8992398), (0.08735623, -0.22714324, 0.9699354), (0.030558415, -0.19123715, 0.981068), (0.030558415, -0.19123715, 0.981068), (0.0703432, -0.18834822, 0.9795799), (0.041709848, -0.1563057, 0.9868277), (0.08735623, -0.22714324, 0.9699354), (0.04833049, -0.33246362, 0.94187695), (0.1424922, -0.15073216, 0.97825134), (0.08735623, -0.22714324, 0.9699354), (0.124794275, -0.16823006, 0.9778165), (0.0703432, -0.18834822, 0.9795799), (0.1450656, -0.26591238, 0.95301974), (0.15689851, -0.17901543, 0.97125494), (0.09777781, -0.16483022, 0.98146343), (0.1977047, -0.2911801, 0.93601656), (0.15438107, -0.24227786, 0.95784545), (0.11692065, -0.2334511, 0.9653135), (0.1450656, -0.26591238, 0.95301974), (0.1977047, -0.2911801, 0.93601656), (0.1506503, -0.19453625, 0.96925753), (0.0703432, -0.18834822, 0.9795799), (0.124794275, -0.16823006, 0.9778165), (0.1977047, -0.2911801, 0.93601656), (0.124794275, -0.16823006, 0.9778165), (0.1424922, -0.15073216, 0.97825134), (0.15438107, -0.24227786, 0.95784545), (0.0703432, -0.18834822, 0.9795799), (0.1450656, -0.26591238, 0.95301974), (0.011534283, -0.24087337, 0.970488), (-0.64586866, 0.57549715, 0.501654), (-0.64881164, 0.5732382, 0.5004413), (-0.6026483, 0.5368772, 0.59040475), (-0.5929424, 0.5298675, 0.6063495), (-0.6026483, 0.5368772, 0.59040475), (-0.41677994, 0.49011046, 0.7655626), (-0.41677994, 0.49011046, 0.7655626), (-0.36735305, 0.35202202, 0.8608904), (-0.35570395, 0.3765034, 0.85540634), (-0.35570395, 0.3765034, 0.85540634), (-0.36735305, 0.35202202, 0.8608904), (-0.42654115, 0.2292395, 0.8749354), (-0.42654115, 0.2292395, 0.8749354), (-0.36735305, 0.35202202, 0.8608904), (-0.42630124, 0.18212621, 0.88605714), (-0.3550474, 0.2995946, 0.88554186), (-0.27072674, 0.32935986, 0.9045602), (-0.3227902, 0.368254, 0.87189186), (-0.27072674, 0.32935986, 0.9045602), (-0.3550474, 0.2995946, 0.88554186), (-0.23962826, 0.2020966, 0.9495974), (-0.45612717, 0.16609167, 0.8742777), (-0.38734815, 0.15097876, 0.9094871), (-0.33453894, 0.13637275, 0.93246245), (-0.42654115, 0.2292395, 0.8749354), (-0.33453894, 0.13637275, 0.93246245), (-0.23962826, 0.2020966, 0.9495974), (-0.19800188, 0.20117031, 0.95933616), (-0.23962826, 0.2020966, 0.9495974), (-0.11273343, 0.01809562, 0.9934605), (-0.38734815, 0.15097876, 0.9094871), (-0.24881321, 0.068415254, 0.96613216), (-0.17137192, -0.015527396, 0.985084), (-0.33453894, 0.13637275, 0.93246245), (-0.17137192, -0.015527396, 0.985084), (-0.11273343, 0.01809562, 0.9934605), (-0.11273343, 0.01809562, 0.9934605), (-0.12851173, -0.018518988, 0.99153507), (-0.086482994, -0.008000105, 0.9962212), (-0.17137192, -0.015527396, 0.985084), (-0.24881321, 0.068415254, 0.96613216), (-0.12834686, -0.09975348, 0.98669976), (-0.17137192, -0.015527396, 0.985084), (-0.1357676, -0.076019675, 0.9878199), (-0.12851173, -0.018518988, 0.99153507), (-0.23338376, -0.048406746, 0.97117907), (-0.1605086, -0.099353574, 0.9820213), (-0.1201134, -0.05371483, 0.9913059), (-0.2811147, -0.08293599, 0.9560838), (-0.21636502, -0.06767704, 0.9739641), (-0.19084227, -0.038729098, 0.98085636), (-0.23338376, -0.048406746, 0.97117907), (-0.2811147, -0.08293599, 0.9560838), (-0.17154065, -0.08663396, 0.98136044), (-0.12851173, -0.018518988, 0.99153507), (-0.1357676, -0.076019675, 0.9878199), (-0.2811147, -0.08293599, 0.9560838), (-0.1357676, -0.076019675, 0.9878199), (-0.12834686, -0.09975348, 0.98669976), (-0.21636502, -0.06767704, 0.9739641), (-0.12851173, -0.018518988, 0.99153507), (-0.23338376, -0.048406746, 0.97117907), (-0.14875108, 0.058105674, 0.9871661), (-0.16444238, -0.87951875, 0.44654837), (-0.1608958, -0.8807273, 0.44545722), (-0.1599022, -0.8272223, 0.53864145), (-0.16007043, -0.816152, 0.55522376), (-0.1599022, -0.8272223, 0.53864145), (-0.2297718, -0.6549441, 0.719898), (-0.2297718, -0.6549441, 0.719898), (-0.1451942, -0.544587, 0.8260409), (-0.17176405, -0.54755604, 0.8189502), (-0.17176405, -0.54755604, 0.8189502), (-0.1451942, -0.544587, 0.8260409), (-0.010797703, -0.5296143, 0.84816974), (-0.010797703, -0.5296143, 0.84816974), (-0.1451942, -0.544587, 0.8260409), (0.028136797, -0.5048239, 0.8627637), (-0.10899174, -0.5075122, 0.8547234), (-0.18035874, -0.45334613, 0.8728964), (-0.1833819, -0.51628095, 0.83655554), (-0.18035874, -0.45334613, 0.8728964), (-0.10899174, -0.5075122, 0.8547234), (-0.09235088, -0.36151272, 0.92778224), (0.058286846, -0.5207663, 0.85170716), (0.032176677, -0.45658734, 0.88909656), (0.014872843, -0.40548563, 0.91398036), (-0.010797703, -0.5296143, 0.84816974), (0.014872843, -0.40548563, 0.91398036), (-0.09235088, -0.36151272, 0.92778224), (-0.11445184, -0.32643956, 0.93826336), (-0.09235088, -0.36151272, 0.92778224), (-0.007973181, -0.15849215, 0.98732805), (0.032176677, -0.45658734, 0.88909656), (0.024227193, -0.29867727, 0.9540466), (0.05227577, -0.18951356, 0.98048556), (0.014872843, -0.40548563, 0.91398036), (0.05227577, -0.18951356, 0.98048556), (-0.007973181, -0.15849215, 0.98732805), (-0.007973181, -0.15849215, 0.98732805), (0.03142406, -0.15211663, 0.98786294), (-0.00025517208, -0.12255017, 0.9924623), (0.05227577, -0.18951356, 0.98048556), (0.024227193, -0.29867727, 0.9540466), (0.09997967, -0.108282775, 0.9890798), (0.05227577, -0.18951356, 0.98048556), (0.08392422, -0.12729155, 0.9883084), (0.03142406, -0.15211663, 0.98786294), (0.1140076, -0.22347662, 0.9680188), (0.11716371, -0.13536583, 0.9838439), (0.056551237, -0.12620407, 0.990391), (0.16952163, -0.24445078, 0.9547283), (0.120938666, -0.19897203, 0.9725143), (0.082490556, -0.1932985, 0.97766614), (0.1140076, -0.22347662, 0.9680188), (0.16952163, -0.24445078, 0.9547283), (0.112422355, -0.15143429, 0.9820534), (0.03142406, -0.15211663, 0.98786294), (0.08392422, -0.12729155, 0.9883084), (0.16952163, -0.24445078, 0.9547283), (0.08392422, -0.12729155, 0.9883084), (0.09997967, -0.108282775, 0.9890798), (0.120938666, -0.19897203, 0.9725143), (0.03142406, -0.15211663, 0.98786294), (0.1140076, -0.22347662, 0.9680188), (-0.02196925, -0.2099179, 0.9774721), (0.72571474, -0.54763424, 0.41645494), (0.72834724, -0.54497427, 0.41534713), (0.68338174, -0.52215743, 0.5102362), (0.67384046, -0.5177153, 0.5271716), (0.68338174, -0.52215743, 0.5102362), (0.5029062, -0.51169115, 0.6966043), (0.5029062, -0.51169115, 0.6966043), (0.44463855, -0.38899773, 0.8068317), (0.43527204, -0.4139641, 0.7994823), (0.43527204, -0.4139641, 0.7994823), (0.44463855, -0.38899773, 0.8068317), (0.4916938, -0.26245767, 0.8302729), (0.4916938, -0.26245767, 0.8302729), (0.44463855, -0.38899773, 0.8068317), (0.48723823, -0.21686216, 0.84591347), (0.42834887, -0.34066638, 0.83693707), (0.3485666, -0.38082212, 0.8564321), (0.40257555, -0.4108034, 0.8180303), (0.3485666, -0.38082212, 0.8564321), (0.42834887, -0.34066638, 0.83693707), (0.30704433, -0.2622667, 0.9148442), (0.51464206, -0.19674101, 0.83452773), (0.44657037, -0.19230978, 0.8738375), (0.3937923, -0.18556061, 0.90027493), (0.4916938, -0.26245767, 0.8302729), (0.3937923, -0.18556061, 0.90027493), (0.30704433, -0.2622667, 0.9148442), (0.26609027, -0.26665705, 0.92633146), (0.30704433, -0.2622667, 0.9148442), (0.1645261, -0.09757521, 0.98153466), (0.44657037, -0.19230978, 0.8738375), (0.30343878, -0.13046235, 0.94387734), (0.2189434, -0.05730171, 0.97405356), (0.3937923, -0.18556061, 0.90027493), (0.2189434, -0.05730171, 0.97405356), (0.1645261, -0.09757521, 0.98153466), (0.1645261, -0.09757521, 0.98153466), (0.17638569, -0.059474792, 0.9825227), (0.13593577, -0.0747737, 0.9878919), (0.2189434, -0.05730171, 0.97405356), (0.30343878, -0.13046235, 0.94387734), (0.16772595, 0.021382866, 0.98560166), (0.2189434, -0.05730171, 0.97405356), (0.17756622, -0.0014327072, 0.9841079), (0.17638569, -0.059474792, 0.9825227), (0.27650288, -0.016898097, 0.9608645), (0.19948079, 0.024825964, 0.9795872), (0.164457, -0.025495248, 0.9860548), (0.31964839, 0.02373698, 0.9472389), (0.25778157, 0.00012240207, 0.9662032), (0.23571496, -0.031877585, 0.97129923), (0.27650288, -0.016898097, 0.9608645), (0.31964839, 0.02373698, 0.9472389), (0.21169737, 0.013460958, 0.9772425), (0.17638569, -0.059474792, 0.9825227), (0.17756622, -0.0014327072, 0.9841079), (0.31964839, 0.02373698, 0.9472389), (0.17756622, -0.0014327072, 0.9841079), (0.16772595, 0.021382866, 0.98560166), (0.25778157, 0.00012240207, 0.9662032), (0.17638569, -0.059474792, 0.9825227), (0.27650288, -0.016898097, 0.9608645), (0.204051, -0.13279337, 0.9699119), (-0.5135397, 0.7290151, 0.4525639), (-0.5168852, 0.727334, 0.45145857), (-0.47933903, 0.68843544, 0.54432595), (-0.47131112, 0.6806743, 0.5608461), (-0.47933903, 0.68843544, 0.54432595), (-0.30737194, 0.6163558, 0.72500217), (-0.30737194, 0.6163558, 0.72500217), (-0.28767422, 0.47784385, 0.8300053), (-0.27120894, 0.49896702, 0.8230902), (-0.27120894, 0.49896702, 0.8230902), (-0.28767422, 0.47784385, 0.8300053), (-0.37098524, 0.3711478, 0.8512457), (-0.37098524, 0.3711478, 0.8512457), (-0.28767422, 0.47784385, 0.8300053), (-0.3805044, 0.32586363, 0.86546487), (-0.28650373, 0.4258042, 0.85825783), (-0.19787416, 0.43876538, 0.8765447), (-0.2407319, 0.48524767, 0.8405849), (-0.19787416, 0.43876538, 0.8765447), (-0.28650373, 0.4258042, 0.85825783), (-0.19381325, 0.311184, 0.93037677), (-0.4129867, 0.31556144, 0.85432017), (-0.34886092, 0.28901905, 0.8914954), (-0.30024046, 0.26543328, 0.9161882), (-0.37098524, 0.3711478, 0.8512457), (-0.30024046, 0.26543328, 0.9161882), (-0.19381325, 0.311184, 0.93037677), (-0.15328902, 0.30235836, 0.9407879), (-0.19381325, 0.311184, 0.93037677), (-0.1077544, 0.108385965, 0.98825175), (-0.34886092, 0.28901905, 0.8914954), (-0.23045722, 0.18370762, 0.95558405), (-0.17206724, 0.08708658, 0.98122823), (-0.30024046, 0.26543328, 0.9161882), (-0.17206724, 0.08708658, 0.98122823), (-0.1077544, 0.108385965, 0.98825175), (-0.1077544, 0.108385965, 0.98825175), (-0.1307584, 0.07576768, 0.9885148), (-0.08746928, 0.077687934, 0.99313325), (-0.17206724, 0.08708658, 0.98122823), (-0.23045722, 0.18370762, 0.95558405), (-0.14738688, -0.0038924734, 0.98907125), (-0.17206724, 0.08708658, 0.98122823), (-0.14974107, 0.020882085, 0.98850477), (-0.1307584, 0.07576768, 0.9885148), (-0.23952243, 0.06683261, 0.9685878), (-0.1787604, 0.0028099497, 0.9838887), (-0.12982163, 0.03966132, 0.9907439), (-0.29334244, 0.0419432, 0.9550869), (-0.2268563, 0.0447025, 0.97290176), (-0.19590718, 0.06816675, 0.9782503), (-0.23952243, 0.06683261, 0.9685878), (-0.29334244, 0.0419432, 0.9550869), (-0.18691997, 0.017458731, 0.98222), (-0.1307584, 0.07576768, 0.9885148), (-0.14974107, 0.020882085, 0.98850477), (-0.29334244, 0.0419432, 0.9550869), (-0.14974107, 0.020882085, 0.98850477), (-0.14738688, -0.0038924734, 0.98907125), (-0.2268563, 0.0447025, 0.97290176), (-0.1307584, 0.07576768, 0.9885148), (-0.23952243, 0.06683261, 0.9685878), (-0.1347139, 0.1544413, 0.9787747), (0.34642518, 0.81520534, 0.4641442), (0.3430036, 0.8169874, 0.4635516), (0.3444231, 0.7582693, 0.55353445), (0.3447764, 0.74624056, 0.5694332), (0.3444231, 0.7582693, 0.55353445), (0.40723836, 0.56624013, 0.71660936), (0.40723836, 0.56624013, 0.71660936), (0.3193753, 0.4627751, 0.82694536), (0.34510803, 0.46228302, 0.81682), (0.34510803, 0.46228302, 0.81682), (0.3193753, 0.4627751, 0.82694536), (0.18765292, 0.4661984, 0.8645493), (0.18765292, 0.4661984, 0.8645493), (0.3193753, 0.4627751, 0.82694536), (0.1472964, 0.44646937, 0.8825921), (0.28142014, 0.42960626, 0.8580449), (0.34526917, 0.3645286, 0.8648168), (0.3537329, 0.42856967, 0.8313851), (0.34526917, 0.3645286, 0.8648168), (0.28142014, 0.42960626, 0.8580449), (0.25105768, 0.28317657, 0.9256247), (0.11887905, 0.46733022, 0.8760538), (0.13894565, 0.39773571, 0.90691817), (0.15094574, 0.34314835, 0.9270732), (0.18765292, 0.4661984, 0.8645493), (0.15094574, 0.34314835, 0.9270732), (0.25105768, 0.28317657, 0.9256247), (0.26858634, 0.24464461, 0.9316707), (0.25105768, 0.28317657, 0.9256247), (0.14395395, 0.09123435, 0.98536974), (0.13894565, 0.39773571, 0.90691817), (0.1299865, 0.23648162, 0.9629019), (0.08876864, 0.1311048, 0.9873863), (0.15094574, 0.34314835, 0.9270732), (0.08876864, 0.1311048, 0.9873863), (0.14395395, 0.09123435, 0.98536974), (0.14395395, 0.09123435, 0.98536974), (0.10435971, 0.090665124, 0.9903983), (0.13146615, 0.056550656, 0.98970634), (0.08876864, 0.1311048, 0.9873863), (0.1299865, 0.23648162, 0.9629019), (0.03049972, 0.057332974, 0.99788916), (0.08876864, 0.1311048, 0.9873863), (0.049075276, 0.07380177, 0.9960647), (0.10435971, 0.090665124, 0.9903983), (0.031939883, 0.17446144, 0.9841459), (0.017169273, 0.08691758, 0.9960676), (0.076016486, 0.06859254, 0.99474454), (-0.02086262, 0.20414093, 0.9787192), (0.02190067, 0.15099365, 0.9882921), (0.059363365, 0.13944033, 0.9884495), (0.031939883, 0.17446144, 0.9841459), (-0.02086262, 0.20414093, 0.9787192), (0.024082184, 0.10220227, 0.9944721), (0.10435971, 0.090665124, 0.9903983), (0.049075276, 0.07380177, 0.9960647), (-0.02086262, 0.20414093, 0.9787192), (0.049075276, 0.07380177, 0.9960647), (0.03049972, 0.057332974, 0.99788916), (0.02190067, 0.15099365, 0.9882921), (0.10435971, 0.090665124, 0.9903983), (0.031939883, 0.17446144, 0.9841459), (0.1644338, 0.14059335, 0.97631705), (0.78068745, 0.43231142, 0.45125827), (0.77957773, 0.4357753, 0.44984266), (0.73190063, 0.41159695, 0.54305565), (0.7223839, 0.40608993, 0.55968964), (0.73190063, 0.41159695, 0.54305565), (0.62767994, 0.26647094, 0.73144454), (0.62767994, 0.26647094, 0.73144454), (0.48386854, 0.27561444, 0.83060694), (0.5024924, 0.2557154, 0.8259001), (0.5024924, 0.2557154, 0.8259001), (0.48386854, 0.27561444, 0.83060694), (0.3903262, 0.37523177, 0.84074163), (0.3903262, 0.37523177, 0.84074163), (0.48386854, 0.27561444, 0.83060694), (0.3465038, 0.39242893, 0.85201806), (0.43120947, 0.28434226, 0.85627556), (0.42985126, 0.1964173, 0.8812764), (0.4836457, 0.22903392, 0.84476644), (0.42985126, 0.1964173, 0.8812764), (0.43120947, 0.28434226, 0.85627556), (0.30116615, 0.21546838, 0.92890924), (0.3416871, 0.4251409, 0.8381558), (0.30431056, 0.36868304, 0.87833244), (0.27268666, 0.32612678, 0.9051427), (0.3903262, 0.37523177, 0.84074163), (0.27268666, 0.32612678, 0.9051427), (0.30116615, 0.21546838, 0.92890924), (0.28589696, 0.17761445, 0.941656), (0.30116615, 0.21546838, 0.92890924), (0.08558674, 0.16515891, 0.98254645), (0.30431056, 0.36868304, 0.87833244), (0.17986304, 0.27246302, 0.94520533), (0.07458632, 0.23120268, 0.97004235), (0.27268666, 0.32612678, 0.9051427), (0.07458632, 0.23120268, 0.97004235), (0.08558674, 0.16515891, 0.98254645), (0.08558674, 0.16515891, 0.98254645), (0.056854386, 0.19270982, 0.97960734), (0.05200034, 0.1500936, 0.9873034), (0.07458632, 0.23120268, 0.97004235), (0.17986304, 0.27246302, 0.94520533), (-0.019319294, 0.22099033, 0.97508466), (0.07458632, 0.23120268, 0.97004235), (0.0055293725, 0.21958524, 0.97557765), (0.056854386, 0.19270982, 0.97960734), (0.06531027, 0.2997598, 0.95177656), (-0.0077351136, 0.25053728, 0.96807605), (0.02096684, 0.19731915, 0.9801151), (0.049418513, 0.35549977, 0.93336904), (0.04136397, 0.29089254, 0.95586115), (0.059632905, 0.25729564, 0.96449107), (0.06531027, 0.2997598, 0.95177656), (0.049418513, 0.35549977, 0.93336904), (0.008034869, 0.256282, 0.96656865), (0.056854386, 0.19270982, 0.97960734), (0.0055293725, 0.21958524, 0.97557765), (0.049418513, 0.35549977, 0.93336904), (0.0055293725, 0.21958524, 0.97557765), (-0.019319294, 0.22099033, 0.97508466), (0.04136397, 0.29089254, 0.95586115), (0.056854386, 0.19270982, 0.97960734), (0.06531027, 0.2997598, 0.95177656), (0.13553083, 0.18417491, 0.9735045)] (
                        interpolation = "faceVarying"
                    )
                    point3f[] points = [(0.09194901, 0.081310056, 1.0828094), (0.0937818, 0.081313096, 1.0821145), (0.09469675, 0.07963349, 1.0817736), (0.09378535, 0.077943705, 1.0821085), (0.091953285, 0.077925295, 1.0828031), (0.09101688, 0.07961156, 1.0831378), (0.050839078, 0.07560223, 0.95599085), (0.055016935, 0.07572352, 0.95578545), (0.05709714, 0.07224117, 0.9556843), (0.055021275, 0.0686237, 0.9557753), (0.05084377, 0.0684736, 0.95597994), (0.048741966, 0.07196982, 0.9560944), (0.019563917, 0.04874215, 0.714232), (0.024140118, 0.048872154, 0.7138972), (0.026427582, 0.044923283, 0.7137091), (0.024138862, 0.040844265, 0.71385556), (0.019562665, 0.040714234, 0.71419024), (0.01727517, 0.044663306, 0.7143788), (0.0049986276, 0.011397739, 0.37626997), (0.009619204, 0.011464748, 0.37616172), (0.011929273, 0.0074820304, 0.3760818), (0.009618818, 0.0034320215, 0.37610948), (0.004998243, 0.0033649998, 0.37621766), (0.0026881215, 0.0073480066, 0.37629825), (-0.0023195378, 0.008034409, 0.000057128887), (0.0023195334, 0.00803441, 0.000057129797), (0.004639072, 0.004016959, 0.00002859379), (0.0023195369, -4.953173e-7, 5.685517e-8), (-0.002319535, -4.9793914e-7, 5.5933263e-8), (-0.004639073, 0.004016955, 0.000028591954), (0.10442573, 0.08085237, 1.1044122), (0.10419126, 0.08109705, 1.1042877), (0.10545436, 0.08085723, 1.1036391), (0.10544575, 0.08110295, 1.1033448), (0.10596827, 0.0797475, 1.1032476), (0.1060725, 0.07974958, 1.1028675), (0.10545355, 0.07863341, 1.1036294), (0.10544475, 0.078391, 1.1033331), (0.10442527, 0.078628816, 1.1044021), (0.10419079, 0.07838549, 1.1042756), (0.103911355, 0.07973805, 1.1047935), (0.10356405, 0.07973812, 1.1047529), (0.060525764, 0.074232556, 0.996894), (0.06395341, 0.07468305, 0.99621356), (0.06068857, 0.08493099, 1.0165482), (0.06414796, 0.08520928, 1.0158466), (0.05875092, 0.10861172, 1.0433902), (0.063051604, 0.108927585, 1.043477), (0.05641198, 0.11184792, 1.0461068), (0.065058276, 0.112194404, 1.0461205), (0.053003773, 0.14291728, 1.0669122), (0.06501289, 0.14414075, 1.065414), (0.10383698, 0.11811469, 1.0433748), (0.11713275, 0.1502661, 1.053951), (0.029517714, 0.110846095, 1.0468315), (-0.0015823729, 0.14237104, 1.0662223), (0.051515266, 0.17950028, 1.0860116), (0.06280204, 0.18054327, 1.0856663), (0.12913382, 0.18726616, 1.0715824), (-0.019691277, 0.180331, 1.0854166), (0.04849354, 0.23113644, 1.0987813), (0.059890345, 0.23227859, 1.0985143), (0.1358008, 0.23195429, 1.0898657), (-0.02771664, 0.22744462, 1.0983163), (0.048662066, 0.2734642, 1.0998434), (0.059159584, 0.27298707, 1.0990834), (0.105136946, 0.2829488, 1.0957181), (-0.016556505, 0.26765946, 1.1005492), (0.041041233, 0.34048676, 1.1105274), (0.045935296, 0.34100327, 1.1097989), (0.06508379, 0.33739236, 1.1082418), (0.0318906, 0.34042385, 1.1114087), (0.045932367, 0.30547655, 1.1075848), (0.009234339, 0.30337703, 1.108215), (0.08582257, 0.30931053, 1.09932), (0.053682983, 0.3057652, 1.1053072), (0.07812768, 0.076337196, 1.0318807), (0.07996535, 0.07937141, 1.0314124), (0.0687235, 0.08237033, 1.0516695), (0.07071909, 0.08532176, 1.051184), (0.047312394, 0.09463122, 1.0784361), (0.04976809, 0.09823936, 1.0788046), (0.04312758, 0.09470284, 1.0809925), (0.04830213, 0.10178141, 1.081574), (0.0152282715, 0.110733554, 1.10145), (0.021903358, 0.121101, 1.1007109), (0.06818471, 0.1364128, 1.0812819), (0.05047962, 0.16682899, 1.0924661), (0.026932575, 0.07269937, 1.07996), (-0.018712945, 0.06710906, 1.0971462), (-0.015754208, 0.1318486, 1.1202354), (-0.009450123, 0.14147829, 1.120619), (0.027744688, 0.19897488, 1.110651), (-0.061271608, 0.07590384, 1.1149099), (-0.059338942, 0.16154312, 1.1323125), (-0.053048313, 0.17131941, 1.1327816), (-0.004494503, 0.2317215, 1.1290452), (-0.10442403, 0.09876296, 1.1268458), (-0.09291728, 0.18839572, 1.1328573), (-0.085881725, 0.19645616, 1.132788), (-0.06464045, 0.23938175, 1.1322925), (-0.12945452, 0.13294902, 1.1293311), (-0.1515192, 0.22426206, 1.1423193), (-0.14880705, 0.22850356, 1.1418985), (-0.13378736, 0.24148111, 1.1416339), (-0.1572828, 0.21692342, 1.1426076), (-0.12046893, 0.2061334, 1.1401101), (-0.14196713, 0.1756615, 1.1383474), (-0.09794539, 0.24056919, 1.1343261), (-0.11569567, 0.21256512, 1.1383115), (0.090825826, 0.08090152, 1.0673884), (0.08869841, 0.078354485, 1.0665953), (0.096362, 0.073157504, 1.0868566), (0.09410183, 0.07071381, 1.0860337), (0.11133602, 0.057452578, 1.1139537), (0.10844522, 0.054439276, 1.113856), (0.11493339, 0.056647073, 1.1168318), (0.108945414, 0.050796185, 1.1164665), (0.13612624, 0.03655762, 1.138497), (0.1283864, 0.027892087, 1.1365575), (0.08509134, 0.02140322, 1.1123136), (0.09564064, -0.010319136, 1.1233826), (0.13355872, 0.07479407, 1.1187125), (0.17502904, 0.07231256, 1.1402941), (0.1596129, 0.0112504605, 1.1586761), (0.15220132, 0.0031864457, 1.1578752), (0.10980089, -0.04467042, 1.1415471), (0.21133867, 0.056782205, 1.1613846), (0.1943356, -0.023918314, 1.1734903), (0.18690407, -0.03212474, 1.1727644), (0.13271967, -0.08109763, 1.1609323), (0.24672455, 0.0281107, 1.1763477), (0.221502, -0.05449088, 1.1764247), (0.21370158, -0.06095072, 1.1751903), (0.18732807, -0.09791829, 1.1702936), (0.2645545, -0.008058254, 1.1798167), (0.26960623, -0.09776153, 1.1901294), (0.26647112, -0.10130624, 1.1892259), (0.2504822, -0.11111754, 1.186685), (0.27608228, -0.09178515, 1.1913953), (0.24365509, -0.07573987, 1.1854784), (0.26861954, -0.050451655, 1.1876653), (0.21800837, -0.104368664, 1.1758476), (0.23842019, -0.0809761, 1.1829375), (0.0224658, 0.052245665, 0.7566373), (0.02551369, 0.0510051, 0.755702), (0.029015392, 0.059899352, 0.7758883), (0.032004498, 0.05850026, 0.7749258), (0.040580362, 0.07900763, 0.8025815), (0.044339754, 0.07718244, 0.8023116), (0.04036703, 0.08268455, 0.8054835), (0.04777448, 0.07878319, 0.8047781), (0.053942945, 0.10908549, 0.8266423), (0.064501904, 0.104385324, 0.82421345), (0.08295871, 0.065125875, 0.79900557), (0.110425815, 0.08498413, 0.80889475), (0.017409727, 0.09483486, 0.80842155), (0.007942747, 0.13513057, 0.8305524), (0.07171443, 0.13928908, 0.8461239), (0.08165043, 0.13471477, 0.84486604), (0.13960359, 0.109091535, 0.82583225), (0.0124800205, 0.17453974, 0.8515566), (0.09516874, 0.18326393, 0.8599788), (0.10525, 0.17871454, 0.8587899), (0.16810945, 0.14219281, 0.8440353), (0.029545806, 0.21713789, 0.8658484), (0.11603996, 0.21862361, 0.8620187), (0.12454803, 0.21318288, 0.8603895), (0.16769361, 0.19946563, 0.8535106), (0.058656912, 0.24532303, 0.8680448), (0.14303045, 0.27786723, 0.87461686), (0.14733513, 0.27597415, 0.8735135), (0.16150627, 0.26376155, 0.8703098), (0.13539347, 0.28219432, 0.87623703), (0.12985328, 0.24631244, 0.87051076), (0.098148, 0.26230007, 0.8741553), (0.16461512, 0.230715, 0.8592573), (0.136344, 0.24294156, 0.86766344), (0.043568145, 0.065824814, 0.91229075), (0.0429369, 0.06905326, 0.91141397), (0.032921374, 0.06653871, 0.9310964), (0.03245459, 0.06980701, 0.93019944), (0.009767201, 0.06487631, 0.95680267), (0.009200219, 0.06900065, 0.95661247), (0.0067444034, 0.06259434, 0.9595284), (0.0058853664, 0.070893906, 0.9589944), (-0.023345683, 0.05868794, 0.97941524), (-0.02522963, 0.070075825, 0.9772015), (-0.002131343, 0.10767472, 0.95383805), (-0.03411107, 0.119142264, 0.96280074), (0.00933069, 0.03682139, 0.96192855), (-0.01949491, 0.0061523244, 0.9821854), (-0.058840495, 0.056183476, 0.9974685), (-0.06052545, 0.06695875, 0.9964138), (-0.070802644, 0.12950185, 0.9785859), (-0.05531023, -0.012424422, 1.0013567), (-0.10865255, 0.0508843, 1.0093286), (-0.110441074, 0.061764196, 1.0083413), (-0.11459383, 0.1342952, 0.99523944), (-0.10046023, -0.022251729, 1.0137126), (-0.14949167, 0.048503958, 1.0098166), (-0.1496563, 0.05858778, 1.0084306), (-0.16199641, 0.102008246, 1.0021747), (-0.13994831, -0.013852509, 1.0146651), (-0.21382573, 0.037701994, 1.0197636), (-0.21460882, 0.042334497, 1.0187478), (-0.21226388, 0.060886625, 1.0160885), (-0.21322411, 0.028955046, 1.0211889), (-0.18031834, 0.044383798, 1.0170542), (-0.17607711, 0.009238774, 1.0199926), (-0.1863006, 0.082021125, 1.0065331), (-0.18102972, 0.051683217, 1.0143679), (0.023493761, 0.047473736, 0.71560526), (0.021554116, 0.050469186, 0.715131), (0.013696624, 0.041473404, 0.7353733), (0.011901259, 0.04457579, 0.7348841), (-0.0070722234, 0.027278133, 0.7619931), (-0.009270595, 0.031079508, 0.7623631), (-0.008996075, 0.023502668, 0.76452136), (-0.013151212, 0.031284522, 0.76510847), (-0.035949662, 0.005117608, 0.7847003), (-0.042413317, 0.015706135, 0.78395045), (-0.035822794, 0.064453386, 0.76476866), (-0.07124687, 0.061655354, 0.7756191), (0.0038633514, -0.0007914393, 0.76347524), (-0.011231424, -0.04469488, 0.780337), (-0.06883993, -0.013825532, 0.8031286), (-0.07480988, -0.0039028027, 0.8035097), (-0.11051533, 0.055014748, 0.7934483), (-0.038013943, -0.07951046, 0.79770774), (-0.11494283, -0.040390313, 0.8146168), (-0.12105238, -0.030416146, 0.8150826), (-0.15448862, 0.04002542, 0.81138605), (-0.0777337, -0.1086739, 0.80910766), (-0.15396668, -0.05906309, 0.81462616), (-0.15818998, -0.049161643, 0.8145705), (-0.18777888, -0.011131136, 0.8139803), (-0.11968263, -0.11640556, 0.81110424), (-0.21220246, -0.096515864, 0.82328486), (-0.21485375, -0.092200205, 0.82285875), (-0.22003628, -0.072912656, 0.82265306), (-0.20807897, -0.10495049, 0.82356876), (-0.18216975, -0.07630565, 0.8215121), (-0.16395074, -0.10910546, 0.819738), (-0.20344847, -0.0407963, 0.8156757), (-0.18588838, -0.06915588, 0.8197051), (0.049701583, 0.07282885, 0.9464333), (0.050951444, 0.07620189, 0.94547963), (0.041740194, 0.07916594, 0.967766), (0.04316309, 0.08247988, 0.9667767), (0.021404248, 0.09044059, 0.9976463), (0.023290424, 0.09458125, 0.99742275), (0.017489951, 0.09002772, 1.0008906), (0.021533396, 0.09819932, 1.0002537), (-0.010972276, 0.103476726, 1.0250088), (-0.006182976, 0.11514724, 1.0225765), (0.035375334, 0.13696605, 0.99472374), (0.013387043, 0.16602583, 1.0068554), (0.0049143843, 0.06467755, 1.0036831), (-0.038070858, 0.052700266, 1.0285001), (-0.043715425, 0.12144341, 1.0475352), (-0.03901638, 0.13239755, 1.0463595), (-0.013072632, 0.19662252, 1.0268141), (-0.08046133, 0.05600366, 1.0525079), (-0.091719724, 0.14541732, 1.0644844), (-0.08704943, 0.15652663, 1.0633887), (-0.049260244, 0.22622551, 1.0483632), (-0.12680256, 0.073053576, 1.0696956), (-0.13061312, 0.16716143, 1.0682832), (-0.124947526, 0.17659631, 1.0666363), (-0.111262806, 0.2240533, 1.0601516), (-0.1580908, 0.10392936, 1.0737348), (-0.19533715, 0.19463724, 1.0843774), (-0.19341287, 0.19939798, 1.0832633), (-0.18056414, 0.2152065, 1.0799049), (-0.19981328, 0.18617736, 1.0860127), (-0.16082224, 0.1812259, 1.0786734), (-0.1773392, 0.14624843, 1.0820603), (-0.1450083, 0.21975042, 1.0671214), (-0.15739101, 0.18845356, 1.0756935), (0.036160562, 0.056577176, 0.7992053), (0.03792122, 0.05315933, 0.79868704), (0.047006838, 0.06173811, 0.8207182), (0.048601422, 0.05822151, 0.8201805), (0.07039967, 0.074417815, 0.84987015), (0.07233673, 0.07009905, 0.8502557), (0.072833456, 0.07822954, 0.8526669), (0.07643148, 0.06942794, 0.85326785), (0.10341331, 0.09479307, 0.8750185), (0.10920149, 0.08274467, 0.8741791), (0.09713018, 0.031401068, 0.8528386), (0.13523972, 0.030427177, 0.8650776), (0.06170907, 0.1056868, 0.8516404), (0.08240603, 0.15093441, 0.8705475), (0.14044549, 0.11132575, 0.8955768), (0.14575917, 0.10003328, 0.89595664), (0.1777795, 0.03308173, 0.88493747), (0.11463505, 0.18515995, 0.8900653), (0.19258001, 0.13466041, 0.9089395), (0.19803643, 0.123296715, 0.9094121), (0.22626999, 0.04417255, 0.90508133), (0.1602111, 0.21197724, 0.9032709), (0.23644637, 0.15042442, 0.90973777), (0.23989679, 0.1393497, 0.909622), (0.2674856, 0.09535937, 0.90896595), (0.20599101, 0.21567245, 0.9061233), (0.302817, 0.18413812, 0.9203569), (0.30519605, 0.17922688, 0.9198852), (0.30865538, 0.1579867, 0.9195107), (0.29931033, 0.19362709, 0.9207027), (0.26844943, 0.16576391, 0.9177711), (0.25251687, 0.20293152, 0.91598296), (0.28748626, 0.12543641, 0.9113715), (0.27168578, 0.15771218, 0.91579354), (0.025436528, 0.04225954, 0.74112266), (0.02592583, 0.045437418, 0.74012345), (0.015716463, 0.04723973, 0.7595078), (0.016372241, 0.05039915, 0.7584897), (-0.0064582806, 0.054453503, 0.78460175), (-0.0056123454, 0.058471873, 0.784248), (-0.010039451, 0.053447917, 0.78733355), (-0.0080742445, 0.06143426, 0.7864766), (-0.03940726, 0.06064129, 0.80665123), (-0.0373642, 0.07177304, 0.8040008), (-0.0032791458, 0.09811245, 0.7798554), (-0.029261848, 0.119789734, 0.78776383), (-0.016219454, 0.028705247, 0.79072607), (-0.05332318, 0.010591129, 0.81144667), (-0.07333719, 0.0708615, 0.82401735), (-0.07131546, 0.081404746, 0.82253855), (-0.060017027, 0.1422844, 0.80238074), (-0.092906564, 0.0060090604, 0.8305231), (-0.121516615, 0.08298887, 0.83514047), (-0.119556665, 0.09366668, 0.8337227), (-0.09923941, 0.1619972, 0.81795347), (-0.13825355, 0.0123927025, 0.842383), (-0.16034193, 0.09437911, 0.8350591), (-0.15713392, 0.103759564, 0.8333037), (-0.15415134, 0.14800872, 0.82527435), (-0.17223196, 0.033382792, 0.8423727), (-0.22387318, 0.10613817, 0.8442685), (-0.22305737, 0.11066726, 0.843076), (-0.21468928, 0.12704012, 0.83978087), (-0.22622915, 0.09785788, 0.8460188), (-0.19043797, 0.101097755, 0.8418738), (-0.19819917, 0.067106225, 0.846181), (-0.18345079, 0.13767529, 0.8299514), (-0.18866344, 0.108015746, 0.83893055), (0.03237638, 0.05120305, 0.8045594), (0.029117325, 0.052401017, 0.80382127), (0.026738837, 0.04097473, 0.82384425), (0.023531016, 0.042342316, 0.82309246), (0.016811915, 0.017889166, 0.84978414), (0.012809485, 0.019581098, 0.8498161), (0.017342517, 0.01381526, 0.85239094), (0.009433061, 0.017481137, 0.8523066), (0.005519908, -0.016342629, 0.87192863), (-0.0057617463, -0.01186006, 0.8702502), (-0.027962506, 0.03011506, 0.84890103), (-0.05495232, 0.0070461105, 0.8579355), (0.041887343, 0.0023164228, 0.85342234), (0.054718547, -0.04093397, 0.8717792), (-0.010504268, -0.05049321, 0.889477), (-0.021089628, -0.046223514, 0.88897395), (-0.0832158, -0.02121982, 0.8738586), (0.052956894, -0.083965525, 0.8895174), (-0.03187794, -0.09859875, 0.8999753), (-0.042609755, -0.09437015, 0.8995455), (-0.11024685, -0.058848713, 0.890134), (0.038140535, -0.13032664, 0.900403), (-0.051492263, -0.13647045, 0.89909023), (-0.06066009, -0.1311871, 0.89824754), (-0.10634515, -0.11883921, 0.89396363), (0.009609507, -0.16129348, 0.90068895), (-0.07574566, -0.20039536, 0.9068236), (-0.080347985, -0.19858028, 0.9060201), (-0.095807806, -0.18648206, 0.9044372), (-0.06754075, -0.20458001, 0.9078005), (-0.06397034, -0.16668141, 0.90543056), (-0.030131314, -0.18170267, 0.9065109), (-0.1012415, -0.15146519, 0.8965564), (-0.07098277, -0.16329157, 0.90305126), (0.007647702, 0.020049186, 0.44877896), (0.007448095, 0.016730212, 0.44817317), (0.017579753, 0.018211175, 0.46771896), (0.017212305, 0.014893537, 0.46709195), (0.0400792, 0.016074724, 0.493633), (0.039588626, 0.0119691035, 0.49377295), (0.043539155, 0.017722296, 0.49623555), (0.042282104, 0.0095187295, 0.49636024), (0.07329881, 0.015534239, 0.516402), (0.07226029, 0.0039831176, 0.5151261), (0.040771212, -0.028112425, 0.49426264), (0.068548985, -0.046367217, 0.50483733), (0.047516316, 0.043236226, 0.49658442), (0.082783535, 0.06701658, 0.5150501), (0.10790801, 0.010506047, 0.5350018), (0.106825285, -0.0003159456, 0.534821), (0.10108912, -0.06419238, 0.5222019), (0.12173198, 0.07738554, 0.53354317), (0.15700705, 0.0040784795, 0.54763496), (0.15599713, -0.006864163, 0.5475314), (0.141841, -0.0783935, 0.5401878), (0.1674883, 0.07649829, 0.54620117), (0.19682394, -0.0038118581, 0.54900324), (0.19445683, -0.013618345, 0.54840237), (0.19543654, -0.058775146, 0.54583424), (0.20329645, 0.058662504, 0.54881305), (0.26126403, -0.008754322, 0.5597046), (0.26085827, -0.0134666385, 0.5590717), (0.25396103, -0.030855443, 0.55778915), (0.26287532, -0.00011537899, 0.5604344), (0.22742116, -0.006992896, 0.55665654), (0.23216046, 0.027950702, 0.5567826), (0.22377364, -0.045365397, 0.5492625), (0.22628665, -0.014374454, 0.5545717), (0.014181743, 0.035705876, 0.61067706), (0.012627904, 0.032854564, 0.60973793), (0.022093717, 0.027922248, 0.6290542), (0.020388266, 0.025144268, 0.62809867), (0.041175827, 0.013904074, 0.6539959), (0.039015807, 0.010385092, 0.6537253), (0.04495958, 0.013678456, 0.65666026), (0.040394824, 0.006778605, 0.65597284), (0.07072556, -0.002806323, 0.67568433), (0.0649898, -0.012674004, 0.6732531), (0.023372818, -0.026363986, 0.6500494), (0.040816642, -0.05552986, 0.6579326), (0.05920428, 0.035032243, 0.65952903), (0.10083334, 0.039889604, 0.679389), (0.099744536, -0.023711521, 0.6927264), (0.09425233, -0.0330171, 0.6914605), (0.06264303, -0.08700322, 0.67248327), (0.14021716, 0.031096833, 0.69779426), (0.14146106, -0.051288206, 0.70329845), (0.13598329, -0.060741194, 0.7020951), (0.093432866, -0.11868763, 0.68780327), (0.18120442, 0.009913983, 0.7090525), (0.17433861, -0.07513891, 0.7027683), (0.16811004, -0.08294828, 0.70122415), (0.15022336, -0.123876445, 0.69398975), (0.20626923, -0.021381602, 0.7088425), (0.23065434, -0.10755942, 0.71115696), (0.2283328, -0.11158065, 0.71005297), (0.2148382, -0.12428115, 0.70717204), (0.2357068, -0.10050346, 0.71272945), (0.20068303, -0.0915562, 0.7092232), (0.21955554, -0.06197868, 0.71282166), (0.18150762, -0.123922944, 0.6980141), (0.19661307, -0.09753273, 0.70641994), (0.011620569, 0.0237383, 0.49625927), (0.014671747, 0.02565267, 0.49546748), (0.0071513513, 0.03465542, 0.516495), (0.010308543, 0.03641966, 0.5156857), (-0.005004486, 0.057217084, 0.54390085), (-0.0010614796, 0.05941578, 0.5438988), (-0.008639054, 0.059352264, 0.5466907), (-0.000585312, 0.06349319, 0.546527), (-0.025480678, 0.08806131, 0.5675881), (-0.014629578, 0.0944632, 0.5657513), (0.03359528, 0.086108066, 0.54272455), (0.032080155, 0.122845426, 0.5525651), (-0.033719867, 0.04657112, 0.5480005), (-0.077052996, 0.06345428, 0.5679419), (-0.042941563, 0.12278694, 0.58649826), (-0.032690734, 0.12873997, 0.5858868), (0.02723153, 0.16386163, 0.5696651), (-0.110896096, 0.092162415, 0.5872321), (-0.0685311, 0.17089309, 0.5983645), (-0.05821923, 0.17699148, 0.5978299), (0.013930933, 0.20984288, 0.5873197), (-0.13923861, 0.13377689, 0.59946734), (-0.08704309, 0.21116047, 0.59820116), (-0.076872684, 0.21530877, 0.5972169), (-0.0376459, 0.24490927, 0.59250534), (-0.14637987, 0.17692684, 0.6003789), (-0.12379741, 0.27176198, 0.6075126), (-0.119383745, 0.2743837, 0.60664016), (-0.09962349, 0.27934468, 0.60474813), (-0.13245054, 0.26769942, 0.60861385), (-0.103721246, 0.24060065, 0.60539097), (-0.13762334, 0.22245274, 0.6068251), (-0.067592345, 0.26153085, 0.59585625), (-0.09650342, 0.24421069, 0.6028493), (0.01832799, 0.04427542, 0.67003334), (0.02175285, 0.04351517, 0.66913736), (0.023202155, 0.052861333, 0.6908026), (0.026593292, 0.05192633, 0.68987226), (0.031122431, 0.0740585, 0.7198715), (0.03536549, 0.072789215, 0.71969473), (0.030178154, 0.0777874, 0.7230074), (0.038596086, 0.07497236, 0.72246945), (0.039163947, 0.1070866, 0.7464512), (0.051068187, 0.104011, 0.7441967), (0.07784376, 0.066756755, 0.71745247), (0.10283463, 0.091847606, 0.72938454), (0.0040527675, 0.08655377, 0.7254711), (-0.013401134, 0.12647931, 0.749332), (0.05194936, 0.14110626, 0.7683623), (0.06314069, 0.13802677, 0.7673246), (0.12864846, 0.12147837, 0.7489237), (-0.01604118, 0.16785675, 0.7725276), (0.06854642, 0.19061436, 0.7848263), (0.07988284, 0.18758343, 0.78386766), (0.15220058, 0.16035903, 0.76995933), (-0.00589912, 0.21484378, 0.7891771), (0.084312536, 0.23100087, 0.7885189), (0.09417171, 0.2267866, 0.78701526), (0.14178254, 0.2198726, 0.7811365), (0.019675558, 0.24911255, 0.7932084), (0.102073684, 0.2970865, 0.8041041), (0.10692688, 0.2958598, 0.8030658), (0.123896524, 0.28556207, 0.7999784), (0.09331218, 0.30028367, 0.8056093), (0.093774, 0.26201975, 0.79860324), (0.057841495, 0.2733094, 0.8015528), (0.13309997, 0.2518511, 0.7877343), (0.1012204, 0.25966173, 0.7957755), (0.011350051, 0.012209337, 0.3863195), (0.011387202, 0.008351395, 0.38574687), (0.02248707, 0.011573026, 0.40843764), (0.022331376, 0.0077029094, 0.40783697), (0.047954544, 0.01182344, 0.43886843), (0.047699407, 0.007065924, 0.43918064), (0.051752277, 0.014084032, 0.4418763), (0.05092737, 0.0045507443, 0.44231573), (0.085715316, 0.0146167595, 0.46583018), (0.08542953, 0.0011948189, 0.4647902), (0.052104406, -0.038953386, 0.44134048), (0.08523198, -0.057425924, 0.45482212), (0.054378614, 0.043766532, 0.44136044), (0.09274271, 0.07454522, 0.4624486), (0.12551434, 0.012194868, 0.4881885), (0.12509678, -0.00035000988, 0.4883818), (0.12365277, -0.07478132, 0.47621483), (0.13636653, 0.090173334, 0.48416954), (0.18224026, 0.009052197, 0.50401884), (0.18191391, -0.0036230169, 0.5043076), (0.17123722, -0.08731062, 0.49835098), (0.18882115, 0.093150616, 0.4997427), (0.2286515, 0.0030867136, 0.5067249), (0.22668754, -0.008404128, 0.5063676), (0.23131648, -0.060395464, 0.5051959), (0.23134631, 0.07547766, 0.5041901), (0.3029712, 0.0027606986, 0.5205847), (0.30287787, -0.002717685, 0.5200312), (0.29629192, -0.023309108, 0.5190918), (0.304151, 0.012854559, 0.52112085), (0.26394388, 0.00206884, 0.5163046), (0.26673415, 0.042653933, 0.5151779), (0.26283997, -0.042652775, 0.50920653), (0.26324847, -0.006592375, 0.51416636), (0.02080223, 0.035408374, 0.6284631), (0.023112554, 0.038227133, 0.62798536), (0.012449032, 0.042652987, 0.64902395), (0.014907322, 0.04536446, 0.64852494), (-0.0070752874, 0.057906717, 0.67703587), (-0.0040385555, 0.061205518, 0.6774136), (-0.011278024, 0.058562864, 0.67973584), (-0.004959939, 0.064983726, 0.6803253), (-0.036937304, 0.078698374, 0.7014264), (-0.028627193, 0.08825884, 0.7006716), (0.020378796, 0.09724616, 0.6800822), (0.0070681516, 0.1306262, 0.692238), (-0.031017294, 0.03860917, 0.6787018), (-0.07797099, 0.039441083, 0.6970907), (-0.06500285, 0.10448208, 0.72151333), (-0.05716157, 0.113331676, 0.7219095), (-0.010988487, 0.16640992, 0.71169263), (-0.11964538, 0.054429848, 0.7161874), (-0.104711, 0.14094725, 0.73503286), (-0.09686033, 0.14994662, 0.73551863), (-0.03861308, 0.2042084, 0.7315364), (-0.15992972, 0.08388503, 0.729474), (-0.13485098, 0.17320555, 0.7364981), (-0.12650602, 0.18035817, 0.7363979), (-0.09855982, 0.22085313, 0.7360195), (-0.18026383, 0.12230465, 0.73286825), (-0.18894894, 0.21820444, 0.7476683), (-0.18557008, 0.22212027, 0.7472383), (-0.16838394, 0.23309173, 0.7468547), (-0.19589064, 0.21159413, 0.7479797), (-0.16011131, 0.1952116, 0.7446405), (-0.18650782, 0.16744547, 0.7428502), (-0.13220353, 0.226962, 0.7387079), (-0.1543344, 0.20106809, 0.74278456), (0.017020138, 0.016126437, 0.45908841), (0.013875534, 0.017068692, 0.45849177), (0.013093747, 0.0073795198, 0.477986), (0.009988833, 0.008482173, 0.47736508), (0.0060390225, -0.013228311, 0.50402147), (0.0022106227, -0.011811695, 0.50415635), (0.0068427995, -0.016877908, 0.5066575), (-0.0007442562, -0.01378458, 0.5067684), (-0.001964503, -0.044553995, 0.5271667), (-0.012824598, -0.040928554, 0.5259051), (-0.036541175, -0.003731338, 0.50472826), (-0.060379684, -0.02599951, 0.51575637), (0.030428415, -0.026549162, 0.50704086), (0.045278843, -0.06550948, 0.5259409), (-0.014622, -0.076263174, 0.5462322), (-0.024765018, -0.07274167, 0.5460494), (-0.08485658, -0.05280707, 0.5335815), (0.046407565, -0.10492261, 0.5449638), (-0.031987436, -0.12167523, 0.5597037), (-0.04226253, -0.118194394, 0.55959886), (-0.10773546, -0.08831776, 0.55218005), (0.035129208, -0.14839795, 0.5583833), (-0.048696734, -0.15805815, 0.56187147), (-0.057572477, -0.15354507, 0.5612464), (-0.101169795, -0.14416318, 0.55880433), (0.009799245, -0.17862445, 0.5617135), (-0.06817078, -0.21857497, 0.57374364), (-0.07260602, -0.21711533, 0.5731185), (-0.08772587, -0.20652519, 0.5717413), (-0.06024169, -0.22209187, 0.57448256), (-0.058728226, -0.18655136, 0.5700485), (-0.026265316, -0.19912438, 0.57021224), (-0.094779566, -0.1743789, 0.5627389), (-0.06556803, -0.18380705, 0.5679799), (0.012172937, 0.009589454, 0.42032292), (0.009568608, 0.0069702584, 0.4198421), (0.0199913, 0.0014124163, 0.441099), (0.01724796, -0.0010842257, 0.44059756), (0.03833902, -0.015943648, 0.46935165), (0.034959443, -0.01897972, 0.46973976), (0.042527087, -0.017019039, 0.4720661), (0.035537474, -0.022888802, 0.47267583), (0.066564806, -0.03987119, 0.4938713), (0.05725719, -0.048711788, 0.4931199), (0.0068663433, -0.052989814, 0.4724618), (0.01712882, -0.08798219, 0.48462763), (0.064357646, 0.0012094539, 0.47097933), (0.11172198, -0.004212822, 0.48939076), (0.09247822, -0.06864782, 0.5140253), (0.08371713, -0.076820105, 0.5144397), (0.031979155, -0.12587944, 0.50416094), (0.1523993, -0.02340892, 0.5085064), (0.12907715, -0.109300986, 0.5274411), (0.12029254, -0.117623754, 0.527946), (0.056288436, -0.1667325, 0.5240383), (0.19025421, -0.05704569, 0.52170223), (0.15637682, -0.14475076, 0.5286982), (0.14726906, -0.15116116, 0.52861655), (0.11517345, -0.18931486, 0.5282556), (0.20707697, -0.09777141, 0.5249435), (0.20665811, -0.1953919, 0.5396431), (0.20287035, -0.19901486, 0.53921264), (0.18447487, -0.20842437, 0.5388751), (0.21429901, -0.18939392, 0.5399438), (0.17977202, -0.16940917, 0.53677166), (0.20906775, -0.14393936, 0.53490824), (0.14853373, -0.19872834, 0.5308058), (0.17337196, -0.17475419, 0.5349024), (0.020176321, 0.03444909, 0.64758015), (0.017065698, 0.032282334, 0.6468533), (0.025819447, 0.023641754, 0.66884845), (0.022590175, 0.021626357, 0.66810304), (0.04022816, 0.0011781165, 0.69765764), (0.03621625, -0.0013149176, 0.69778186), (0.04419241, -0.0008213776, 0.70053464), (0.035977148, -0.005550684, 0.70061517), (0.06366696, -0.029602585, 0.7225413), (0.05260496, -0.036865067, 0.72097343), (0.001296116, -0.030949796, 0.69779575), (0.0049166316, -0.06908929, 0.70871603), (0.06979888, 0.013802089, 0.701123), (0.116353944, -0.0013274068, 0.72133344), (0.084046155, -0.06467985, 0.74256295), (0.07361518, -0.07142031, 0.7422558), (0.012388058, -0.11139921, 0.7272346), (0.15356465, -0.029298378, 0.7412837), (0.11343841, -0.11347541, 0.75527555), (0.10295248, -0.12036938, 0.7550528), (0.028952496, -0.15847096, 0.74623615), (0.18551905, -0.071165375, 0.75420547), (0.13478824, -0.15465474, 0.7554181), (0.12434358, -0.15951186, 0.7546869), (0.08471664, -0.19247937, 0.7511528), (0.19515023, -0.11589907, 0.7557749), (0.17641796, -0.21600844, 0.76543564), (0.17191674, -0.21898341, 0.7646672), (0.15146984, -0.22518077, 0.7632122), (0.18528347, -0.21131365, 0.76632434), (0.1538381, -0.18446793, 0.7631002), (0.18840021, -0.16379668, 0.76352805), (0.11691543, -0.20831093, 0.7542962), (0.14641976, -0.18864608, 0.7606648), (0.010297895, 0.02684433, 0.5733642), (0.013692051, 0.028434554, 0.5724865), (0.0074498095, 0.038637187, 0.5945912), (0.010933934, 0.04005824, 0.593693), (-0.0017172527, 0.0634549, 0.62347007), (0.0026514903, 0.06522013, 0.6234011), (-0.0051537585, 0.066125244, 0.62645346), (0.0037212446, 0.06936903, 0.62614495), (-0.018490976, 0.09794849, 0.64864045), (-0.0064553935, 0.10317853, 0.64654), (0.041986525, 0.08837083, 0.62160456), (0.045365795, 0.12657046, 0.63199043), (-0.032762952, 0.056138277, 0.62824935), (-0.07508663, 0.07915765, 0.64989555), (-0.031723417, 0.13609278, 0.66877925), (-0.020345854, 0.14093019, 0.66796744), (0.045978695, 0.16960073, 0.650024), (-0.106058486, 0.11319496, 0.67071664), (-0.05176124, 0.18918347, 0.68174744), (-0.04030019, 0.19416313, 0.6810152), (0.038494095, 0.21886806, 0.6688031), (-0.12978382, 0.15991797, 0.6841049), (-0.06570331, 0.23329262, 0.6820126), (-0.05465012, 0.23627305, 0.680809), (-0.010268085, 0.26185888, 0.67524415), (-0.13155732, 0.20553121, 0.68529046), (-0.09572526, 0.3007863, 0.6925491), (-0.09082974, 0.30293262, 0.6915641), (-0.0697565, 0.3055137, 0.6892393), (-0.105193995, 0.29769713, 0.6938473), (-0.07902137, 0.26591575, 0.6898924), (-0.11646033, 0.25151524, 0.6919668), (-0.03905987, 0.2829465, 0.67932975), (-0.07112349, 0.2687293, 0.6871162), (0.016283207, 0.03022258, 0.62984556), (0.0150342295, 0.033401623, 0.6293775), (0.0066488963, 0.026882414, 0.6492218), (0.005555433, 0.030133106, 0.64873224), (-0.014616728, 0.018139761, 0.6757092), (-0.01592003, 0.022140278, 0.6760367), (-0.017065087, 0.015025141, 0.6782847), (-0.019415898, 0.023143824, 0.6787814), (-0.04517653, 0.0034515224, 0.69891167), (-0.049190007, 0.014628939, 0.69813144), (-0.034186304, 0.0586696, 0.6783363), (-0.067525335, 0.063194714, 0.6899123), (-0.009802951, -0.01028407, 0.6774904), (-0.031911097, -0.04815945, 0.695213), (-0.079021916, -0.0075125145, 0.71806616), (-0.08266201, 0.0029647583, 0.71836907), (-0.10496379, 0.065000385, 0.7083847), (-0.06317427, -0.075216, 0.7135633), (-0.12698549, -0.023154208, 0.7311923), (-0.13074325, -0.012599793, 0.7315795), (-0.14843704, 0.059906866, 0.72732127), (-0.10566905, -0.09454682, 0.7264682), (-0.16719118, -0.032998253, 0.7329114), (-0.16921501, -0.02289154, 0.7327416), (-0.18952475, 0.018542761, 0.73215336), (-0.14640525, -0.09352716, 0.7299047), (-0.22875069, -0.056515396, 0.7439905), (-0.23040669, -0.05195861, 0.74355775), (-0.23150063, -0.03287018, 0.74303746), (-0.22652555, -0.065223694, 0.7443448), (-0.19673142, -0.043498967, 0.7408306), (-0.18613666, -0.077844076, 0.73938495), (-0.2099388, -0.006153454, 0.73502296), (-0.19888352, -0.03610203, 0.73903865), (-0.002235575, 0.004965399, 0.11140772), (-0.0010311867, 0.007987951, 0.11053263), (-0.010638765, 0.011290515, 0.13004349), (-0.009276304, 0.014257934, 0.12914793), (-0.030693138, 0.022358026, 0.15554617), (-0.028952107, 0.026091738, 0.15534796), (-0.034421586, 0.02208516, 0.1582575), (-0.030684138, 0.029447239, 0.15770827), (-0.061468527, 0.03500299, 0.17802417), (-0.0569321, 0.045481585, 0.17580669), (-0.017631704, 0.06432979, 0.15252407), (-0.038039085, 0.09103551, 0.16144179), (-0.046092574, -0.0007322248, 0.16069728), (-0.08644801, -0.010747436, 0.18090054), (-0.09226407, 0.051985167, 0.1959858), (-0.087886766, 0.06184865, 0.19491649), (-0.06293483, 0.11935497, 0.17712644), (-0.12613074, -0.0069573214, 0.20001353), (-0.13648705, 0.07432034, 0.2078613), (-0.13213953, 0.084326476, 0.2068587), (-0.09671817, 0.1468564, 0.19370319), (-0.16890506, 0.009111146, 0.21238068), (-0.17172284, 0.09425664, 0.20845196), (-0.16645353, 0.102728955, 0.20705295), (-0.15343726, 0.1454518, 0.20077302), (-0.1972312, 0.037286777, 0.21339813), (-0.2309815, 0.11980689, 0.21848531), (-0.2291504, 0.124078356, 0.21746904), (-0.21725455, 0.1382447, 0.21478054), (-0.23516989, 0.11221181, 0.21991834), (-0.19954216, 0.10737976, 0.21570244), (-0.21486428, 0.07588136, 0.21869665), (-0.18435752, 0.14187765, 0.20520149), (-0.19622633, 0.11382885, 0.21302563), (-0.0006896574, 0.008012397, 0.067402214), (-0.0033100403, 0.005856369, 0.0664539), (0.0034316836, -0.0019200919, 0.08702647), (0.00069524976, -0.0039455383, 0.08605391), (0.01566322, -0.022063693, 0.1140377), (0.012178619, -0.024592701, 0.11378439), (0.01915893, -0.023691652, 0.116944924), (0.012012704, -0.028524587, 0.116274014), (0.03694541, -0.049115963, 0.1380867), (0.027516115, -0.056401856, 0.13564563), (-0.017544908, -0.053806044, 0.11048492), (-0.01263229, -0.088526905, 0.12010943), (0.04137364, -0.008752633, 0.11979715), (0.0829668, -0.019977018, 0.14172845), (0.056125134, -0.080171145, 0.15739925), (0.047132682, -0.08696844, 0.1561638), (-0.0045629283, -0.12696037, 0.13688967), (0.116949946, -0.043483898, 0.16246003), (0.08496632, -0.122980356, 0.17058776), (0.07592735, -0.12992269, 0.16942213), (0.01202693, -0.16915666, 0.15477583), (0.14764285, -0.07982637, 0.17615609), (0.107022, -0.15910201, 0.17181323), (0.09792747, -0.16417666, 0.17022067), (0.064438894, -0.19664909, 0.16326), (0.15918992, -0.11996464, 0.17766732), (0.14800249, -0.21250151, 0.18335305), (0.1441774, -0.21548143, 0.18224089), (0.12615794, -0.22240114, 0.17915371), (0.15566291, -0.20767914, 0.18495749), (0.12564036, -0.18518588, 0.17988282), (0.15559256, -0.1641646, 0.1834142), (0.09442772, -0.2090661, 0.1684952), (0.119382516, -0.18941213, 0.17699859), (0.0009580008, 0.005540368, 0.2793825), (0.0015492485, 0.009052146, 0.2783752), (-0.0087403, 0.010627202, 0.30018058), (-0.007967701, 0.014114479, 0.29914436), (-0.031743884, 0.018290574, 0.3289879), (-0.030706326, 0.02269132, 0.32870236), (-0.03558501, 0.017192619, 0.33211398), (-0.033218026, 0.02593612, 0.33136487), (-0.0667431, 0.025256423, 0.3549074), (-0.0642729, 0.037517108, 0.35229668), (-0.027111087, 0.066314444, 0.3251688), (-0.054611504, 0.09059946, 0.3357941), (-0.042985916, -0.009919998, 0.33524877), (-0.083359085, -0.02947065, 0.35904393), (-0.10290259, 0.03685006, 0.37587255), (-0.100421935, 0.048422437, 0.37452826), (-0.087027386, 0.115678824, 0.35402888), (-0.12610804, -0.03402769, 0.38162306), (-0.15492432, 0.051186375, 0.39070046), (-0.15250461, 0.062906146, 0.38943064), (-0.12878257, 0.1379186, 0.37360013), (-0.17516558, -0.02610946, 0.39692876), (-0.1971984, 0.06484482, 0.392778), (-0.19346377, 0.07511529, 0.3910351), (-0.18917456, 0.12391265, 0.38364217), (-0.21181767, -0.0020545367, 0.39920148), (-0.26617047, 0.07929991, 0.40619063), (-0.2651875, 0.084292956, 0.40500385), (-0.2556396, 0.10214588, 0.40158206), (-0.2689358, 0.07021262, 0.4079279), (-0.22972713, 0.07286407, 0.40186372), (-0.23911004, 0.03560805, 0.4057491), (-0.22145271, 0.11326008, 0.38974547), (-0.22769545, 0.080515936, 0.39879563), (0.0027909651, 0.007720111, 0.11672535), (0.004615822, 0.010469947, 0.115784414), (-0.0043652914, 0.016139552, 0.1355124), (-0.0023939605, 0.018801564, 0.13455294), (-0.02219861, 0.031820793, 0.16110745), (-0.019695032, 0.035184063, 0.16084607), (-0.02598453, 0.03236934, 0.16384445), (-0.02074362, 0.03893527, 0.16317017), (-0.050393, 0.051210463, 0.1835071), (-0.043709446, 0.060686566, 0.18107915), (-0.0005470142, 0.07094636, 0.15730955), (-0.015462431, 0.10195389, 0.16570626), (-0.04231778, 0.0120527595, 0.16668463), (-0.08470938, 0.010755957, 0.1871369), (-0.07770085, 0.07483663, 0.20122235), (-0.07130655, 0.08375568, 0.19997446), (-0.034550197, 0.13563193, 0.1809269), (-0.123593986, 0.023069132, 0.2062134), (-0.117283955, 0.106428415, 0.21252933), (-0.11089032, 0.11549724, 0.2113463), (-0.06267595, 0.17033456, 0.19700208), (-0.16301908, 0.04812323, 0.21815535), (-0.14835042, 0.13355024, 0.21246244), (-0.14135028, 0.14089191, 0.21091309), (-0.11957744, 0.1807082, 0.20378257), (-0.18550359, 0.082056046, 0.21841586), (-0.20226769, 0.1713931, 0.2217121), (-0.19956091, 0.17525728, 0.22060783), (-0.18477687, 0.18689334, 0.21768585), (-0.20800962, 0.16470557, 0.22328737), (-0.17344029, 0.15249419, 0.21936943), (-0.1951989, 0.124278486, 0.2229157), (-0.15117535, 0.18357392, 0.20811893), (-0.1687993, 0.1581916, 0.21654318), (0.003796533, 0.009908721, 0.25724742), (0.007152453, 0.010830827, 0.25613293), (0.0054431083, 0.019856116, 0.27815253), (0.008848331, 0.020606175, 0.27700016), (0.0044437004, 0.04250296, 0.3076219), (0.008812679, 0.04335203, 0.30717158), (0.0020571407, 0.045394808, 0.31094313), (0.010851704, 0.04681388, 0.3098523), (-0.0021251477, 0.075789325, 0.33492652), (0.009795532, 0.07860659, 0.3319061), (0.049406912, 0.057822246, 0.30238447), (0.06075409, 0.09194357, 0.313762), (-0.025201228, 0.041016854, 0.31512934), (-0.05791888, 0.06855111, 0.34130976), (-0.0052147666, 0.11218347, 0.35729524), (0.0061476305, 0.114663236, 0.35553986), (0.07119422, 0.13050616, 0.33289093), (-0.07813184, 0.10431179, 0.36604306), (-0.012471944, 0.1642157, 0.37442347), (-0.0009977389, 0.1668067, 0.3727411), (0.075392276, 0.1762833, 0.35392562), (-0.089963034, 0.15107054, 0.38364086), (-0.017014798, 0.20770796, 0.37846357), (-0.006341208, 0.20855007, 0.3762789), (0.039018095, 0.22463396, 0.3675186), (-0.0828736, 0.19367778, 0.3872987), (-0.03102474, 0.27511185, 0.39513165), (-0.026185013, 0.27628484, 0.39378107), (-0.0064241774, 0.27501184, 0.389428), (-0.040243685, 0.27387342, 0.39722714), (-0.022412904, 0.23987012, 0.38901427), (-0.059573065, 0.2331626, 0.39430693), (0.016756643, 0.24917153, 0.37558946), (-0.014842505, 0.24124487, 0.38568416), (0.0050512743, 0.0048230244, 0.10104254), (0.00615649, 0.008502933, 0.1006887), (-0.0057965377, 0.0075718267, 0.122844495), (-0.004504903, 0.011208136, 0.12246508), (-0.030635744, 0.013263564, 0.15270601), (-0.02901198, 0.01766205, 0.15327772), (-0.034953993, 0.012091658, 0.15552558), (-0.031399556, 0.020822996, 0.15648949), (-0.06775335, 0.020332342, 0.17891352), (-0.06353808, 0.032965325, 0.17862605), (-0.019779451, 0.06226543, 0.1579089), (-0.04599522, 0.08872148, 0.17200369), (-0.046095375, -0.015119902, 0.1533659), (-0.09182335, -0.033984084, 0.17222947), (-0.105166934, 0.03315106, 0.20084618), (-0.10111185, 0.04485574, 0.20172961), (-0.07772141, 0.11527561, 0.1938132), (-0.13810948, -0.03704383, 0.19251321), (-0.15821293, 0.051937923, 0.21624982), (-0.15420815, 0.0637875, 0.21723402), (-0.1195332, 0.1399233, 0.21602641), (-0.18890165, -0.025269885, 0.2073569), (-0.20038518, 0.07102762, 0.21891902), (-0.19516417, 0.08131244, 0.21921173), (-0.1843216, 0.13178417, 0.22087893), (-0.22402194, 0.0036401688, 0.21241738), (-0.27083242, 0.092410624, 0.23209581), (-0.26913095, 0.09758031, 0.23185095), (-0.2568706, 0.11512724, 0.23210184), (-0.2749085, 0.083205186, 0.23206222), (-0.2336557, 0.08184511, 0.228185), (-0.24812306, 0.04442516, 0.22482161), (-0.21938333, 0.1240765, 0.22364005), (-0.23041888, 0.0899214, 0.22655408), (0.0073436457, 0.008929773, 0.27555537), (0.01060863, 0.0076089585, 0.27448165), (0.014798179, 0.017273989, 0.29609016), (0.018000204, 0.015782118, 0.29498908), (0.027756713, 0.038002305, 0.32447585), (0.03180637, 0.036058765, 0.3241033), (0.027573645, 0.0419688, 0.32759094), (0.03555074, 0.037810378, 0.32667124), (0.042523112, 0.07053809, 0.34994897), (0.053855587, 0.0655321, 0.34710345), (0.07335514, 0.023295227, 0.3196798), (0.10302594, 0.04486332, 0.32960728), (0.0028681862, 0.05492299, 0.3312502), (-0.007036343, 0.098316506, 0.35514805), (0.061925393, 0.103218526, 0.3703907), (0.07261428, 0.09834856, 0.3688195), (0.13467795, 0.07103978, 0.34706435), (-0.0018930361, 0.14083327, 0.37750754), (0.08722933, 0.15073375, 0.38459706), (0.098076, 0.14589171, 0.38309655), (0.16558371, 0.10689681, 0.36586815), (0.01655502, 0.18683119, 0.39233887), (0.109527126, 0.18891951, 0.3861802), (0.1186759, 0.18310742, 0.3842458), (0.16502137, 0.16857012, 0.37587705), (0.04776514, 0.21734355, 0.39392132), (0.1385167, 0.25288442, 0.39889863), (0.14313391, 0.25086805, 0.39761674), (0.15837927, 0.23779476, 0.3938783), (0.13031156, 0.257503, 0.4008067), (0.12442702, 0.21883118, 0.39489827), (0.09030242, 0.2358671, 0.39951012), (0.16165967, 0.20220593, 0.3820258), (0.13136429, 0.21523075, 0.3916936), (0.00474092, 0.00221518, 0.026915176), (0.0018116283, -0.00019063825, 0.02587319), (0.010565776, -0.009862232, 0.04797686), (0.0075033917, -0.012123725, 0.04692138), (0.026015187, -0.033554364, 0.076255426), (0.022166926, -0.036433488, 0.0760108), (0.030096082, -0.035455275, 0.079216294), (0.022189282, -0.040957388, 0.07856624), (0.051524088, -0.06458088, 0.10037091), (0.04102584, -0.072766185, 0.097729556), (-0.010573586, -0.06944151, 0.07222057), (-0.0039263396, -0.108558245, 0.08069616), (0.054717485, -0.018488726, 0.08208559), (0.1024453, -0.031320937, 0.10368838), (0.07451465, -0.099847145, 0.11909551), (0.06455796, -0.107546225, 0.11780123), (0.0066896216, -0.15214416, 0.09676022), (0.14186329, -0.057935454, 0.123651624), (0.10816957, -0.14765549, 0.1298294), (0.098167524, -0.15552112, 0.12860698), (0.026930645, -0.1997993, 0.11339646), (0.1774854, -0.09852729, 0.13522294), (0.13349995, -0.18748939, 0.12798281), (0.12337772, -0.19325142, 0.12639463), (0.086309195, -0.2297669, 0.118539505), (0.19119748, -0.1430805, 0.13401294), (0.18079606, -0.24674056, 0.1356446), (0.17653133, -0.25008127, 0.13443601), (0.15641953, -0.25800896, 0.1315441), (0.18932566, -0.2412914, 0.13730632), (0.15517263, -0.2165985, 0.13450612), (0.18833634, -0.19272552, 0.1380751), (0.12024125, -0.2432433, 0.12209511), (0.14812656, -0.2212812, 0.13138075), (0.009492509, 0.006716015, 0.3676413), (0.012683397, 0.005731415, 0.3668471), (0.014651012, 0.01564844, 0.38684678), (0.017798875, 0.014499096, 0.38602954), (0.023494396, 0.036749113, 0.41323045), (0.02742681, 0.035271134, 0.41314763), (0.022838961, 0.040501602, 0.41599154), (0.03062167, 0.037278827, 0.41566616), (0.0332057, 0.06887762, 0.43661356), (0.04426918, 0.065093346, 0.4346905), (0.067220144, 0.026751503, 0.41150728), (0.09245626, 0.049507037, 0.4215216), (-0.0013130289, 0.050575115, 0.41775128), (-0.015277271, 0.09068913, 0.4380936), (0.047466777, 0.1013857, 0.4555414), (0.0578558, 0.097709574, 0.45476753), (0.11876046, 0.07691283, 0.43849075), (-0.015137552, 0.13119587, 0.45778033), (0.06631901, 0.14797895, 0.46848318), (0.07684836, 0.14434378, 0.46778196), (0.14351463, 0.11327859, 0.45636368), (-0.0025512436, 0.17582916, 0.4710119), (0.08380347, 0.18531401, 0.4698325), (0.09286018, 0.18062557, 0.4686747), (0.13745168, 0.17074846, 0.4636593), (0.023820955, 0.20678227, 0.4730506), (0.10481239, 0.2474389, 0.48104283), (0.10932454, 0.24591523, 0.48014456), (0.124719106, 0.2349437, 0.47784516), (0.09672913, 0.2510972, 0.48226154), (0.094728634, 0.21455356, 0.47771907), (0.0614614, 0.22765988, 0.47976562), (0.13127635, 0.20185734, 0.46812847), (0.10162136, 0.211699, 0.47519824), (-0.00065567595, -0.0006655608, 0.08141911), (0.0019493436, 0.002114417, 0.080498554), (-0.0065768366, 0.008704982, 0.10370779), (-0.0038260561, 0.01135779, 0.10275443), (-0.022840286, 0.027860759, 0.13466987), (-0.019332351, 0.031131707, 0.13454792), (-0.02692442, 0.029034017, 0.1379567), (-0.019682506, 0.035360053, 0.13751996), (-0.050022352, 0.053576775, 0.16262652), (-0.04058644, 0.06300817, 0.16036873), (0.00956398, 0.067520685, 0.1326394), (-0.0005494183, 0.10465242, 0.14509858), (-0.049449306, 0.009421986, 0.14017059), (-0.09692595, 0.015062499, 0.16478787), (-0.07541334, 0.08423944, 0.18554519), (-0.066396125, 0.09300985, 0.18459813), (-0.014660461, 0.14507903, 0.1656764), (-0.13765007, 0.0353361, 0.18877172), (-0.113044016, 0.12689096, 0.20219202), (-0.10399506, 0.13582397, 0.20133045), (-0.038688373, 0.18845335, 0.18761), (-0.17645614, 0.07057932, 0.20563155), (-0.14226146, 0.16370638, 0.20525315), (-0.13289909, 0.17060919, 0.20382057), (-0.10027756, 0.2112912, 0.1980436), (-0.1946106, 0.11322174, 0.20930363), (-0.194719, 0.21649505, 0.22052056), (-0.19089429, 0.22035424, 0.21947044), (-0.17192243, 0.23056965, 0.21654493), (-0.20253175, 0.21006253, 0.22199099), (-0.1663443, 0.18955198, 0.21542525), (-0.1965959, 0.16215602, 0.21801533), (-0.13507211, 0.2206836, 0.20426434), (-0.15999793, 0.19520584, 0.21249047), (0.005844987, 0.0020747758, 0.14077175), (0.002864392, 0.00046553893, 0.13995181), (0.008661165, -0.008173245, 0.16018762), (0.0055915955, -0.00963407, 0.15934548), (0.017688833, -0.029797079, 0.18679816), (0.013823556, -0.03159991, 0.18669885), (0.020876884, -0.032009736, 0.18958358), (0.01301106, -0.035364997, 0.18922488), (0.03410191, -0.059857354, 0.21029274), (0.023498703, -0.06518081, 0.20829533), (-0.020620156, -0.05440787, 0.18484212), (-0.022033088, -0.08896327, 0.19472407), (0.045339223, -0.021655051, 0.19145776), (0.084361576, -0.040183093, 0.21196188), (0.04755936, -0.0934509, 0.22923419), (0.037513558, -0.09837145, 0.22840697), (-0.020830933, -0.12765469, 0.21163365), (0.11365198, -0.069217786, 0.23171267), (0.06797646, -0.14032854, 0.24198806), (0.05786071, -0.14538062, 0.24123356), (-0.012026784, -0.17159241, 0.22941801), (0.13709714, -0.1101596, 0.2448102), (0.08264818, -0.17954117, 0.24303451), (0.07281414, -0.18277289, 0.24183145), (0.033977944, -0.20806976, 0.23652688), (0.14082591, -0.15129417, 0.24653995), (0.11280316, -0.23899963, 0.25392684), (0.108493075, -0.2411838, 0.25299644), (0.08959891, -0.24454214, 0.2506326), (0.1211984, -0.23574312, 0.2551919), (0.096104085, -0.20830025, 0.2508051), (0.1292408, -0.19348821, 0.253008), (0.06093557, -0.22572026, 0.24092048), (0.08913765, -0.2112528, 0.24822056), (0.0023687284, 0.004991388, 0.25802618), (-0.0010556828, 0.006651927, 0.25763345), (-0.002370886, -0.0053855395, 0.27948126), (-0.0057230736, -0.0035490734, 0.27906585), (-0.012308156, -0.02907009, 0.30872992), (-0.016370108, -0.026797343, 0.30924988), (-0.01188112, -0.033505384, 0.3114951), (-0.01988991, -0.028668137, 0.31236142), (-0.025452279, -0.064530246, 0.33420125), (-0.037157413, -0.05842526, 0.3337769), (-0.05867181, -0.0108227935, 0.3132872), (-0.08889737, -0.03247434, 0.3265848), (0.013054917, -0.04865056, 0.30963162), (0.024074538, -0.096533716, 0.32810885), (-0.044202693, -0.09934478, 0.35534686), (-0.05504301, -0.09355175, 0.3560952), (-0.12020497, -0.059571538, 0.34746888), (0.01951066, -0.14250426, 0.34775573), (-0.07113212, -0.1484766, 0.36976066), (-0.082123786, -0.14271103, 0.37060624), (-0.15122807, -0.09684523, 0.36867064), (-0.00019163627, -0.19052109, 0.3617421), (-0.09645275, -0.18680605, 0.37166438), (-0.10571124, -0.18008842, 0.37186068), (-0.15345876, -0.16159466, 0.372891), (-0.0340641, -0.22043066, 0.3659495), (-0.12860598, -0.25255084, 0.3836417), (-0.13339756, -0.25007445, 0.38334167), (-0.1486657, -0.23532864, 0.38346696), (-0.12022959, -0.25798088, 0.3836989), (-0.112391055, -0.21776924, 0.3803271), (-0.07796058, -0.23775688, 0.3773838), (-0.15143432, -0.19715291, 0.37535736), (-0.11976604, -0.21332332, 0.37862706), (0.0032300642, 0.0023828621, 0.29780486), (0.0019991563, 0.005852597, 0.2965768), (-0.009345234, 0.0026289485, 0.31900325), (-0.010396916, 0.006169927, 0.31775182), (-0.035789546, -0.0014534356, 0.34803987), (-0.03711449, 0.0030806412, 0.34753248), (-0.038881075, -0.004352035, 0.3512551), (-0.04122583, 0.0048096506, 0.350066), (-0.072629035, -0.0125116035, 0.37372613), (-0.07660572, -0.00015702774, 0.37039953), (-0.0562958, 0.044518206, 0.34156293), (-0.09448429, 0.052625943, 0.35052276), (-0.031709336, -0.03276705, 0.35579047), (-0.059561186, -0.07081186, 0.38053605), (-0.112660676, -0.02012455, 0.39393836), (-0.116338395, -0.008349761, 0.39197528), (-0.13796368, 0.05914127, 0.3672551), (-0.097290926, -0.09649541, 0.40311822), (-0.16821635, -0.033702955, 0.40709323), (-0.17202997, -0.021823438, 0.40519828), (-0.18853624, 0.058252268, 0.3852568), (-0.14684473, -0.11435222, 0.41721377), (-0.21387081, -0.04323187, 0.40723506), (-0.21571082, -0.03200095, 0.404964), (-0.2367398, 0.014380022, 0.39469334), (-0.19279152, -0.111490026, 0.41716388), (-0.28483117, -0.06557683, 0.41838565), (-0.28646487, -0.0605615, 0.4169008), (-0.28686243, -0.039459925, 0.4126357), (-0.28272322, -0.07522684, 0.42061576), (-0.24810876, -0.052587975, 0.41531754), (-0.23751563, -0.091237426, 0.42113164), (-0.26089934, -0.011925328, 0.4006802), (-0.25006783, -0.044668656, 0.41175026)]
                    texCoord2f[] primvars:st = [(0.032140497, 0.000017762437), (0.032098755, 0.0006373664), (0.03428939, 0.0012267126), (0.029992959, 0.0012564107), (0.033756435, 0.0015438247), (0.03048227, 0.0015913609), (0.033762544, 0.003419957), (0.030505687, 0.0034350469), (0.034323413, 0.003686059), (0.029992959, 0.0037424956), (0.032132033, 0.004330543), (0.032183897, 0.00491716), (0.2902117, 0.111279346), (0.2916137, 0.11133766), (0.2930171, 0.11143235), (0.29442835, 0.11157812), (0.29585484, 0.11180765), (0.2972823, 0.11213367), (0.2987036, 0.11253497), (0.29043198, 0.26465592), (0.29183748, 0.26466325), (0.29324308, 0.26467028), (0.29465318, 0.26467738), (0.29607508, 0.2646846), (0.29749703, 0.26469126), (0.29891333, 0.26469794), (0.28929988, 0.34206098), (0.29350963, 0.34206265), (0.29493722, 0.3420648), (0.29209504, 0.34206823), (0.29070252, 0.3420696), (0.29636616, 0.3420803), (0.29778484, 0.3421033), (0.29374173, 0.40485573), (0.29504398, 0.404941), (0.29243398, 0.40496308), (0.29633665, 0.40512782), (0.291137, 0.40517154), (0.2886026, 0.4052067), (0.28987142, 0.40528467), (0.4459951, 0.4188894), (0.4459951, 0.4188894), (0.4459951, 0.4188894), (0.4459951, 0.4188894), (0.4459951, 0.4188894), (0.4459951, 0.4188894), (0.4459951, 0.4188894), (0.4459951, 0.4188894), (0.4459951, 0.4188894), (0.4459951, 0.4188894), (0.4459951, 0.4188894), (0.4459951, 0.4188894), (0.4459951, 0.4188894), (0.4459951, 0.4188894), (0.4459951, 0.4188894), (0.4459951, 0.4188894), (0.4459951, 0.4188894), (0.4459951, 0.4188894), (0.4459951, 0.4188894), (0.4459951, 0.4188894), (0.4459951, 0.4188894), (0.4459951, 0.4188894), (0.4459951, 0.4188894), (0.4459951, 0.4188894), (0.4459951, 0.4188894), (0.4459951, 0.4188894), (0.4459951, 0.4188894), (0.4459951, 0.4188894), (0.4459951, 0.4188894), (0.4459951, 0.4188894), (0.4459951, 0.4188894), (0.4459951, 0.4188894), (0.4459951, 0.4188894), (0.4459951, 0.4188894), (0.44127655, 0.41968864), (0.44127655, 0.41968864), (0.44127655, 0.41968864), (0.44127655, 0.41968864), (0.44127655, 0.41968864), (0.44127655, 0.41968864), (0.44127655, 0.41968864), (0.44127655, 0.41968864), (0.44127655, 0.41968864), (0.44127655, 0.41968864), (0.44127655, 0.41968864), (0.44127655, 0.41968864), (0.44127655, 0.41968864), (0.44127655, 0.41968864), (0.44127655, 0.41968864), (0.44127655, 0.41968864), (0.44127655, 0.41968864), (0.44127655, 0.41968864), (0.44127655, 0.41968864), (0.44127655, 0.41968864), (0.44127655, 0.41968864), (0.44127655, 0.41968864), (0.44127655, 0.41968864), (0.44127655, 0.41968864), (0.44127655, 0.41968864), (0.44127655, 0.41968864), (0.44127655, 0.41968864), (0.44127655, 0.41968864), (0.44127655, 0.41968864), (0.44127655, 0.41968864), (0.44127655, 0.41968864), (0.44127655, 0.41968864), (0.44127655, 0.41968864), (0.44127655, 0.41968864), (0.4472226, 0.44506353), (0.4472226, 0.44506353), (0.4472226, 0.44506353), (0.4472226, 0.44506353), (0.4472226, 0.44506353), (0.4472226, 0.44506353), (0.4472226, 0.44506353), (0.4472226, 0.44506353), (0.4472226, 0.44506353), (0.4472226, 0.44506353), (0.4472226, 0.44506353), (0.4472226, 0.44506353), (0.4472226, 0.44506353), (0.4472226, 0.44506353), (0.4472226, 0.44506353), (0.4472226, 0.44506353), (0.4472226, 0.44506353), (0.4472226, 0.44506353), (0.4472226, 0.44506353), (0.4472226, 0.44506353), (0.4472226, 0.44506353), (0.4472226, 0.44506353), (0.4472226, 0.44506353), (0.4472226, 0.44506353), (0.4472226, 0.44506353), (0.4472226, 0.44506353), (0.4472226, 0.44506353), (0.4472226, 0.44506353), (0.4472226, 0.44506353), (0.4472226, 0.44506353), (0.4472226, 0.44506353), (0.4472226, 0.44506353), (0.4472226, 0.44506353), (0.4472226, 0.44506353), (0.4425041, 0.4458628), (0.4425041, 0.4458628), (0.4425041, 0.4458628), (0.4425041, 0.4458628), (0.4425041, 0.4458628), (0.4425041, 0.4458628), (0.4425041, 0.4458628), (0.4425041, 0.4458628), (0.4425041, 0.4458628), (0.4425041, 0.4458628), (0.4425041, 0.4458628), (0.4425041, 0.4458628), (0.4425041, 0.4458628), (0.4425041, 0.4458628), (0.4425041, 0.4458628), (0.4425041, 0.4458628), (0.4425041, 0.4458628), (0.4425041, 0.4458628), (0.4425041, 0.4458628), (0.4425041, 0.4458628), (0.4425041, 0.4458628), (0.4425041, 0.4458628), (0.4425041, 0.4458628), (0.4425041, 0.4458628), (0.4425041, 0.4458628), (0.4425041, 0.4458628), (0.4425041, 0.4458628), (0.4425041, 0.4458628), (0.4425041, 0.4458628), (0.4425041, 0.4458628), (0.4425041, 0.4458628), (0.4425041, 0.4458628), (0.4425041, 0.4458628), (0.4425041, 0.4458628), (0.29171598, 0.44752985), (0.29251456, 0.44755745), (0.29091555, 0.44758645), (0.29330927, 0.4476118), (0.29012376, 0.4476689), (0.2885518, 0.447723), (0.2893371, 0.44772738), (0.29274616, 0.45793572), (0.28944516, 0.4579692), (0.2900902, 0.45798787), (0.29208183, 0.45802236), (0.2888033, 0.45802912), (0.29074028, 0.45804825), (0.29140985, 0.45807353), (0.44718808, 0.48027658), (0.44718808, 0.48027658), (0.44718808, 0.48027658), (0.44718808, 0.48027658), (0.44718808, 0.48027658), (0.44718808, 0.48027658), (0.44718808, 0.48027658), (0.44718808, 0.48027658), (0.44718808, 0.48027658), (0.44718808, 0.48027658), (0.44718808, 0.48027658), (0.44718808, 0.48027658), (0.44718808, 0.48027658), (0.44718808, 0.48027658), (0.44718808, 0.48027658), (0.44718808, 0.48027658), (0.44718808, 0.48027658), (0.44718808, 0.48027658), (0.44718808, 0.48027658), (0.44718808, 0.48027658), (0.44718808, 0.48027658), (0.44718808, 0.48027658), (0.44718808, 0.48027658), (0.44718808, 0.48027658), (0.44718808, 0.48027658), (0.44718808, 0.48027658), (0.44718808, 0.48027658), (0.44718808, 0.48027658), (0.44718808, 0.48027658), (0.44718808, 0.48027658), (0.44718808, 0.48027658), (0.44718808, 0.48027658), (0.44718808, 0.48027658), (0.44718808, 0.48027658), (0.44072258, 0.48148537), (0.44072258, 0.48148537), (0.44072258, 0.48148537), (0.44072258, 0.48148537), (0.44072258, 0.48148537), (0.44072258, 0.48148537), (0.44072258, 0.48148537), (0.44072258, 0.48148537), (0.44072258, 0.48148537), (0.44072258, 0.48148537), (0.44072258, 0.48148537), (0.44072258, 0.48148537), (0.44072258, 0.48148537), (0.44072258, 0.48148537), (0.44072258, 0.48148537), (0.44072258, 0.48148537), (0.44072258, 0.48148537), (0.44072258, 0.48148537), (0.44072258, 0.48148537), (0.44072258, 0.48148537), (0.44072258, 0.48148537), (0.44072258, 0.48148537), (0.44072258, 0.48148537), (0.44072258, 0.48148537), (0.44072258, 0.48148537), (0.44072258, 0.48148537), (0.44072258, 0.48148537), (0.44072258, 0.48148537), (0.44072258, 0.48148537), (0.44072258, 0.48148537), (0.44072258, 0.48148537), (0.44072258, 0.48148537), (0.44072258, 0.48148537), (0.44072258, 0.48148537), (0.43865263, 0.4891075), (0.43865263, 0.4891075), (0.43865263, 0.4891075), (0.43865263, 0.4891075), (0.43865263, 0.4891075), (0.43865263, 0.4891075), (0.43865263, 0.4891075), (0.43865263, 0.4891075), (0.43865263, 0.4891075), (0.43865263, 0.4891075), (0.43865263, 0.4891075), (0.43865263, 0.4891075), (0.43865263, 0.4891075), (0.43865263, 0.4891075), (0.43865263, 0.4891075), (0.43865263, 0.4891075), (0.43865263, 0.4891075), (0.43865263, 0.4891075), (0.43865263, 0.4891075), (0.43865263, 0.4891075), (0.43865263, 0.4891075), (0.43865263, 0.4891075), (0.43865263, 0.4891075), (0.43865263, 0.4891075), (0.43865263, 0.4891075), (0.43865263, 0.4891075), (0.43865263, 0.4891075), (0.43865263, 0.4891075), (0.43865263, 0.4891075), (0.43865263, 0.4891075), (0.43865263, 0.4891075), (0.43865263, 0.4891075), (0.43865263, 0.4891075), (0.43865263, 0.4891075), (0.44964907, 0.4906111), (0.44964907, 0.4906111), (0.44964907, 0.4906111), (0.44964907, 0.4906111), (0.44964907, 0.4906111), (0.44964907, 0.4906111), (0.44964907, 0.4906111), (0.44964907, 0.4906111), (0.44964907, 0.4906111), (0.44964907, 0.4906111), (0.44964907, 0.4906111), (0.44964907, 0.4906111), (0.44964907, 0.4906111), (0.44964907, 0.4906111), (0.44964907, 0.4906111), (0.44964907, 0.4906111), (0.44964907, 0.4906111), (0.44964907, 0.4906111), (0.44964907, 0.4906111), (0.44964907, 0.4906111), (0.44964907, 0.4906111), (0.44964907, 0.4906111), (0.44964907, 0.4906111), (0.44964907, 0.4906111), (0.44964907, 0.4906111), (0.44964907, 0.4906111), (0.44964907, 0.4906111), (0.44964907, 0.4906111), (0.44964907, 0.4906111), (0.44964907, 0.4906111), (0.44964907, 0.4906111), (0.44964907, 0.4906111), (0.44964907, 0.4906111), (0.44964907, 0.4906111), (0.42823857, 0.49381804), (0.42823857, 0.49381804), (0.42823857, 0.49381804), (0.42823857, 0.49381804), (0.42823857, 0.49381804), (0.42823857, 0.49381804), (0.42823857, 0.49381804), (0.42823857, 0.49381804), (0.42823857, 0.49381804), (0.42823857, 0.49381804), (0.42823857, 0.49381804), (0.42823857, 0.49381804), (0.42823857, 0.49381804), (0.42823857, 0.49381804), (0.42823857, 0.49381804), (0.42823857, 0.49381804), (0.42823857, 0.49381804), (0.42823857, 0.49381804), (0.42823857, 0.49381804), (0.42823857, 0.49381804), (0.42823857, 0.49381804), (0.42823857, 0.49381804), (0.42823857, 0.49381804), (0.42823857, 0.49381804), (0.42823857, 0.49381804), (0.42823857, 0.49381804), (0.42823857, 0.49381804), (0.42823857, 0.49381804), (0.42823857, 0.49381804), (0.42823857, 0.49381804), (0.42823857, 0.49381804), (0.42823857, 0.49381804), (0.42823857, 0.49381804), (0.42823857, 0.49381804), (0.48725677, 0.5105439), (0.48725677, 0.5105439), (0.48725677, 0.5105439), (0.48725677, 0.5105439), (0.48725677, 0.5105439), (0.48725677, 0.5105439), (0.48725677, 0.5105439), (0.48725677, 0.5105439), (0.48725677, 0.5105439), (0.48725677, 0.5105439), (0.48725677, 0.5105439), (0.48725677, 0.5105439), (0.48725677, 0.5105439), (0.48725677, 0.5105439), (0.48725677, 0.5105439), (0.48725677, 0.5105439), (0.48725677, 0.5105439), (0.48725677, 0.5105439), (0.48725677, 0.5105439), (0.48725677, 0.5105439), (0.48725677, 0.5105439), (0.48725677, 0.5105439), (0.48725677, 0.5105439), (0.48725677, 0.5105439), (0.48725677, 0.5105439), (0.48725677, 0.5105439), (0.48725677, 0.5105439), (0.48725677, 0.5105439), (0.48725677, 0.5105439), (0.48725677, 0.5105439), (0.48725677, 0.5105439), (0.48725677, 0.5105439), (0.48725677, 0.5105439), (0.48725677, 0.5105439), (0.4457263, 0.5437914), (0.4457263, 0.5437914), (0.4457263, 0.5437914), (0.4457263, 0.5437914), (0.4457263, 0.5437914), (0.4457263, 0.5437914), (0.4457263, 0.5437914), (0.4457263, 0.5437914), (0.4457263, 0.5437914), (0.4457263, 0.5437914), (0.4457263, 0.5437914), (0.4457263, 0.5437914), (0.4457263, 0.5437914), (0.4457263, 0.5437914), (0.4457263, 0.5437914), (0.4457263, 0.5437914), (0.4457263, 0.5437914), (0.4457263, 0.5437914), (0.4457263, 0.5437914), (0.4457263, 0.5437914), (0.4457263, 0.5437914), (0.4457263, 0.5437914), (0.4457263, 0.5437914), (0.4457263, 0.5437914), (0.4457263, 0.5437914), (0.4457263, 0.5437914), (0.4457263, 0.5437914), (0.4457263, 0.5437914), (0.4457263, 0.5437914), (0.4457263, 0.5437914), (0.4457263, 0.5437914), (0.4457263, 0.5437914), (0.4457263, 0.5437914), (0.4457263, 0.5437914), (0.46149367, 0.544524), (0.46149367, 0.544524), (0.46149367, 0.544524), (0.46149367, 0.544524), (0.46149367, 0.544524), (0.46149367, 0.544524), (0.46149367, 0.544524), (0.46149367, 0.544524), (0.46149367, 0.544524), (0.46149367, 0.544524), (0.46149367, 0.544524), (0.46149367, 0.544524), (0.46149367, 0.544524), (0.46149367, 0.544524), (0.46149367, 0.544524), (0.46149367, 0.544524), (0.46149367, 0.544524), (0.46149367, 0.544524), (0.46149367, 0.544524), (0.46149367, 0.544524), (0.46149367, 0.544524), (0.46149367, 0.544524), (0.46149367, 0.544524), (0.46149367, 0.544524), (0.46149367, 0.544524), (0.46149367, 0.544524), (0.46149367, 0.544524), (0.46149367, 0.544524), (0.46149367, 0.544524), (0.46149367, 0.544524), (0.46149367, 0.544524), (0.46149367, 0.544524), (0.46149367, 0.544524), (0.46149367, 0.544524), (0.3855209, 0.5447798), (0.3855209, 0.5447798), (0.3855209, 0.5447798), (0.3855209, 0.5447798), (0.3855209, 0.5447798), (0.3855209, 0.5447798), (0.3855209, 0.5447798), (0.3855209, 0.5447798), (0.3855209, 0.5447798), (0.3855209, 0.5447798), (0.3855209, 0.5447798), (0.3855209, 0.5447798), (0.3855209, 0.5447798), (0.3855209, 0.5447798), (0.3855209, 0.5447798), (0.3855209, 0.5447798), (0.3855209, 0.5447798), (0.3855209, 0.5447798), (0.3855209, 0.5447798), (0.3855209, 0.5447798), (0.3855209, 0.5447798), (0.3855209, 0.5447798), (0.3855209, 0.5447798), (0.3855209, 0.5447798), (0.3855209, 0.5447798), (0.3855209, 0.5447798), (0.3855209, 0.5447798), (0.3855209, 0.5447798), (0.3855209, 0.5447798), (0.3855209, 0.5447798), (0.3855209, 0.5447798), (0.3855209, 0.5447798), (0.3855209, 0.5447798), (0.3855209, 0.5447798), (0.5120854, 0.54728657), (0.5120854, 0.54728657), (0.5120854, 0.54728657), (0.5120854, 0.54728657), (0.5120854, 0.54728657), (0.5120854, 0.54728657), (0.5120854, 0.54728657), (0.5120854, 0.54728657), (0.5120854, 0.54728657), (0.5120854, 0.54728657), (0.5120854, 0.54728657), (0.5120854, 0.54728657), (0.5120854, 0.54728657), (0.5120854, 0.54728657), (0.5120854, 0.54728657), (0.5120854, 0.54728657), (0.5120854, 0.54728657), (0.5120854, 0.54728657), (0.5120854, 0.54728657), (0.5120854, 0.54728657), (0.5120854, 0.54728657), (0.5120854, 0.54728657), (0.5120854, 0.54728657), (0.5120854, 0.54728657), (0.5120854, 0.54728657), (0.5120854, 0.54728657), (0.5120854, 0.54728657), (0.5120854, 0.54728657), (0.5120854, 0.54728657), (0.5120854, 0.54728657), (0.5120854, 0.54728657), (0.5120854, 0.54728657), (0.5120854, 0.54728657), (0.5120854, 0.54728657), (0.37416124, 0.5866117), (0.37416124, 0.5866117), (0.37416124, 0.5866117), (0.37416124, 0.5866117), (0.37416124, 0.5866117), (0.37416124, 0.5866117), (0.37416124, 0.5866117), (0.37416124, 0.5866117), (0.37416124, 0.5866117), (0.37416124, 0.5866117), (0.37416124, 0.5866117), (0.37416124, 0.5866117), (0.37416124, 0.5866117), (0.37416124, 0.5866117), (0.37416124, 0.5866117), (0.37416124, 0.5866117), (0.37416124, 0.5866117), (0.37416124, 0.5866117), (0.37416124, 0.5866117), (0.37416124, 0.5866117), (0.37416124, 0.5866117), (0.37416124, 0.5866117), (0.37416124, 0.5866117), (0.37416124, 0.5866117), (0.37416124, 0.5866117), (0.37416124, 0.5866117), (0.37416124, 0.5866117), (0.37416124, 0.5866117), (0.37416124, 0.5866117), (0.37416124, 0.5866117), (0.37416124, 0.5866117), (0.37416124, 0.5866117), (0.37416124, 0.5866117), (0.37416124, 0.5866117), (0.52458453, 0.58775234), (0.52458453, 0.58775234), (0.52458453, 0.58775234), (0.52458453, 0.58775234), (0.52458453, 0.58775234), (0.52458453, 0.58775234), (0.52458453, 0.58775234), (0.52458453, 0.58775234), (0.52458453, 0.58775234), (0.52458453, 0.58775234), (0.52458453, 0.58775234), (0.52458453, 0.58775234), (0.52458453, 0.58775234), (0.52458453, 0.58775234), (0.52458453, 0.58775234), (0.52458453, 0.58775234), (0.52458453, 0.58775234), (0.52458453, 0.58775234), (0.52458453, 0.58775234), (0.52458453, 0.58775234), (0.52458453, 0.58775234), (0.52458453, 0.58775234), (0.52458453, 0.58775234), (0.52458453, 0.58775234), (0.52458453, 0.58775234), (0.52458453, 0.58775234), (0.52458453, 0.58775234), (0.52458453, 0.58775234), (0.52458453, 0.58775234), (0.52458453, 0.58775234), (0.52458453, 0.58775234), (0.52458453, 0.58775234), (0.52458453, 0.58775234), (0.52458453, 0.58775234), (0.4462895, 0.596169), (0.4462895, 0.596169), (0.4462895, 0.596169), (0.4462895, 0.596169), (0.4462895, 0.596169), (0.4462895, 0.596169), (0.4462895, 0.596169), (0.4462895, 0.596169), (0.4462895, 0.596169), (0.4462895, 0.596169), (0.4462895, 0.596169), (0.4462895, 0.596169), (0.4462895, 0.596169), (0.4462895, 0.596169), (0.4462895, 0.596169), (0.4462895, 0.596169), (0.4462895, 0.596169), (0.4462895, 0.596169), (0.4462895, 0.596169), (0.4462895, 0.596169), (0.4462895, 0.596169), (0.4462895, 0.596169), (0.4462895, 0.596169), (0.4462895, 0.596169), (0.4462895, 0.596169), (0.4462895, 0.596169), (0.4462895, 0.596169), (0.4462895, 0.596169), (0.4462895, 0.596169), (0.4462895, 0.596169), (0.4462895, 0.596169), (0.4462895, 0.596169), (0.4462895, 0.596169), (0.4462895, 0.596169), (0.46093047, 0.59690166), (0.46093047, 0.59690166), (0.46093047, 0.59690166), (0.46093047, 0.59690166), (0.46093047, 0.59690166), (0.46093047, 0.59690166), (0.46093047, 0.59690166), (0.46093047, 0.59690166), (0.46093047, 0.59690166), (0.46093047, 0.59690166), (0.46093047, 0.59690166), (0.46093047, 0.59690166), (0.46093047, 0.59690166), (0.46093047, 0.59690166), (0.46093047, 0.59690166), (0.46093047, 0.59690166), (0.46093047, 0.59690166), (0.46093047, 0.59690166), (0.46093047, 0.59690166), (0.46093047, 0.59690166), (0.46093047, 0.59690166), (0.46093047, 0.59690166), (0.46093047, 0.59690166), (0.46093047, 0.59690166), (0.46093047, 0.59690166), (0.46093047, 0.59690166), (0.46093047, 0.59690166), (0.46093047, 0.59690166), (0.46093047, 0.59690166), (0.46093047, 0.59690166), (0.46093047, 0.59690166), (0.46093047, 0.59690166), (0.46093047, 0.59690166), (0.46093047, 0.59690166), (0.5300194, 0.6654366), (0.5300194, 0.6654366), (0.5300194, 0.6654366), (0.5300194, 0.6654366), (0.5300194, 0.6654366), (0.5300194, 0.6654366), (0.5300194, 0.6654366), (0.5300194, 0.6654366), (0.5300194, 0.6654366), (0.5300194, 0.6654366), (0.5300194, 0.6654366), (0.5300194, 0.6654366), (0.5300194, 0.6654366), (0.5300194, 0.6654366), (0.5300194, 0.6654366), (0.5300194, 0.6654366), (0.5300194, 0.6654366), (0.5300194, 0.6654366), (0.5300194, 0.6654366), (0.5300194, 0.6654366), (0.5300194, 0.6654366), (0.5300194, 0.6654366), (0.5300194, 0.6654366), (0.5300194, 0.6654366), (0.5300194, 0.6654366), (0.5300194, 0.6654366), (0.5300194, 0.6654366), (0.5300194, 0.6654366), (0.5300194, 0.6654366), (0.5300194, 0.6654366), (0.5300194, 0.6654366), (0.5300194, 0.6654366), (0.5300194, 0.6654366), (0.5300194, 0.6654366), (0.44459996, 0.66544265), (0.44459996, 0.66544265), (0.44459996, 0.66544265), (0.44459996, 0.66544265), (0.44459996, 0.66544265), (0.44459996, 0.66544265), (0.44459996, 0.66544265), (0.44459996, 0.66544265), (0.44459996, 0.66544265), (0.44459996, 0.66544265), (0.44459996, 0.66544265), (0.44459996, 0.66544265), (0.44459996, 0.66544265), (0.44459996, 0.66544265), (0.44459996, 0.66544265), (0.44459996, 0.66544265), (0.44459996, 0.66544265), (0.44459996, 0.66544265), (0.44459996, 0.66544265), (0.44459996, 0.66544265), (0.44459996, 0.66544265), (0.44459996, 0.66544265), (0.44459996, 0.66544265), (0.44459996, 0.66544265), (0.44459996, 0.66544265), (0.44459996, 0.66544265), (0.44459996, 0.66544265), (0.44459996, 0.66544265), (0.44459996, 0.66544265), (0.44459996, 0.66544265), (0.44459996, 0.66544265), (0.44459996, 0.66544265), (0.44459996, 0.66544265), (0.44459996, 0.66544265), (0.36761963, 0.6656251), (0.36761963, 0.6656251), (0.36761963, 0.6656251), (0.36761963, 0.6656251), (0.36761963, 0.6656251), (0.36761963, 0.6656251), (0.36761963, 0.6656251), (0.36761963, 0.6656251), (0.36761963, 0.6656251), (0.36761963, 0.6656251), (0.36761963, 0.6656251), (0.36761963, 0.6656251), (0.36761963, 0.6656251), (0.36761963, 0.6656251), (0.36761963, 0.6656251), (0.36761963, 0.6656251), (0.36761963, 0.6656251), (0.36761963, 0.6656251), (0.36761963, 0.6656251), (0.36761963, 0.6656251), (0.36761963, 0.6656251), (0.36761963, 0.6656251), (0.36761963, 0.6656251), (0.36761963, 0.6656251), (0.36761963, 0.6656251), (0.36761963, 0.6656251), (0.36761963, 0.6656251), (0.36761963, 0.6656251), (0.36761963, 0.6656251), (0.36761963, 0.6656251), (0.36761963, 0.6656251), (0.36761963, 0.6656251), (0.36761963, 0.6656251), (0.36761963, 0.6656251), (0.4592409, 0.66617537), (0.4592409, 0.66617537), (0.4592409, 0.66617537), (0.4592409, 0.66617537), (0.4592409, 0.66617537), (0.4592409, 0.66617537), (0.4592409, 0.66617537), (0.4592409, 0.66617537), (0.4592409, 0.66617537), (0.4592409, 0.66617537), (0.4592409, 0.66617537), (0.4592409, 0.66617537), (0.4592409, 0.66617537), (0.4592409, 0.66617537), (0.4592409, 0.66617537), (0.4592409, 0.66617537), (0.4592409, 0.66617537), (0.4592409, 0.66617537), (0.4592409, 0.66617537), (0.4592409, 0.66617537), (0.4592409, 0.66617537), (0.4592409, 0.66617537), (0.4592409, 0.66617537), (0.4592409, 0.66617537), (0.4592409, 0.66617537), (0.4592409, 0.66617537), (0.4592409, 0.66617537), (0.4592409, 0.66617537), (0.4592409, 0.66617537), (0.4592409, 0.66617537), (0.4592409, 0.66617537), (0.4592409, 0.66617537), (0.4592409, 0.66617537), (0.4592409, 0.66617537), (0.37988096, 0.71859986), (0.37988096, 0.71859986), (0.37988096, 0.71859986), (0.37988096, 0.71859986), (0.37988096, 0.71859986), (0.37988096, 0.71859986), (0.37988096, 0.71859986), (0.37988096, 0.71859986), (0.37988096, 0.71859986), (0.37988096, 0.71859986), (0.37988096, 0.71859986), (0.37988096, 0.71859986), (0.37988096, 0.71859986), (0.37988096, 0.71859986), (0.37988096, 0.71859986), (0.37988096, 0.71859986), (0.37988096, 0.71859986), (0.37988096, 0.71859986), (0.37988096, 0.71859986), (0.37988096, 0.71859986), (0.37988096, 0.71859986), (0.37988096, 0.71859986), (0.37988096, 0.71859986), (0.37988096, 0.71859986), (0.37988096, 0.71859986), (0.37988096, 0.71859986), (0.37988096, 0.71859986), (0.37988096, 0.71859986), (0.37988096, 0.71859986), (0.37988096, 0.71859986), (0.37988096, 0.71859986), (0.37988096, 0.71859986), (0.37988096, 0.71859986), (0.37988096, 0.71859986), (0.5210653, 0.71947825), (0.5210653, 0.71947825), (0.5210653, 0.71947825), (0.5210653, 0.71947825), (0.5210653, 0.71947825), (0.5210653, 0.71947825), (0.5210653, 0.71947825), (0.5210653, 0.71947825), (0.5210653, 0.71947825), (0.5210653, 0.71947825), (0.5210653, 0.71947825), (0.5210653, 0.71947825), (0.5210653, 0.71947825), (0.5210653, 0.71947825), (0.5210653, 0.71947825), (0.5210653, 0.71947825), (0.5210653, 0.71947825), (0.5210653, 0.71947825), (0.5210653, 0.71947825), (0.5210653, 0.71947825), (0.5210653, 0.71947825), (0.5210653, 0.71947825), (0.5210653, 0.71947825), (0.5210653, 0.71947825), (0.5210653, 0.71947825), (0.5210653, 0.71947825), (0.5210653, 0.71947825), (0.5210653, 0.71947825), (0.5210653, 0.71947825), (0.5210653, 0.71947825), (0.5210653, 0.71947825), (0.5210653, 0.71947825), (0.5210653, 0.71947825), (0.5210653, 0.71947825), (0.45867765, 0.71967924), (0.45867765, 0.71967924), (0.45867765, 0.71967924), (0.45867765, 0.71967924), (0.45867765, 0.71967924), (0.45867765, 0.71967924), (0.45867765, 0.71967924), (0.45867765, 0.71967924), (0.45867765, 0.71967924), (0.45867765, 0.71967924), (0.45867765, 0.71967924), (0.45867765, 0.71967924), (0.45867765, 0.71967924), (0.45867765, 0.71967924), (0.45867765, 0.71967924), (0.45867765, 0.71967924), (0.45867765, 0.71967924), (0.45867765, 0.71967924), (0.45867765, 0.71967924), (0.45867765, 0.71967924), (0.45867765, 0.71967924), (0.45867765, 0.71967924), (0.45867765, 0.71967924), (0.45867765, 0.71967924), (0.45867765, 0.71967924), (0.45867765, 0.71967924), (0.45867765, 0.71967924), (0.45867765, 0.71967924), (0.45867765, 0.71967924), (0.45867765, 0.71967924), (0.45867765, 0.71967924), (0.45867765, 0.71967924), (0.45867765, 0.71967924), (0.45867765, 0.71967924), (0.44459993, 0.7206364), (0.44459993, 0.7206364), (0.44459993, 0.7206364), (0.44459993, 0.7206364), (0.44459993, 0.7206364), (0.44459993, 0.7206364), (0.44459993, 0.7206364), (0.44459993, 0.7206364), (0.44459993, 0.7206364), (0.44459993, 0.7206364), (0.44459993, 0.7206364), (0.44459993, 0.7206364), (0.44459993, 0.7206364), (0.44459993, 0.7206364), (0.44459993, 0.7206364), (0.44459993, 0.7206364), (0.44459993, 0.7206364), (0.44459993, 0.7206364), (0.44459993, 0.7206364), (0.44459993, 0.7206364), (0.44459993, 0.7206364), (0.44459993, 0.7206364), (0.44459993, 0.7206364), (0.44459993, 0.7206364), (0.44459993, 0.7206364), (0.44459993, 0.7206364), (0.44459993, 0.7206364), (0.44459993, 0.7206364), (0.44459993, 0.7206364), (0.44459993, 0.7206364), (0.44459993, 0.7206364), (0.44459993, 0.7206364), (0.44459993, 0.7206364), (0.44459993, 0.7206364), (0.3970582, 0.7488608), (0.3970582, 0.7488608), (0.3970582, 0.7488608), (0.3970582, 0.7488608), (0.3970582, 0.7488608), (0.3970582, 0.7488608), (0.3970582, 0.7488608), (0.3970582, 0.7488608), (0.3970582, 0.7488608), (0.3970582, 0.7488608), (0.3970582, 0.7488608), (0.3970582, 0.7488608), (0.3970582, 0.7488608), (0.3970582, 0.7488608), (0.3970582, 0.7488608), (0.3970582, 0.7488608), (0.3970582, 0.7488608), (0.3970582, 0.7488608), (0.3970582, 0.7488608), (0.3970582, 0.7488608), (0.3970582, 0.7488608), (0.3970582, 0.7488608), (0.3970582, 0.7488608), (0.3970582, 0.7488608), (0.3970582, 0.7488608), (0.3970582, 0.7488608), (0.3970582, 0.7488608), (0.3970582, 0.7488608), (0.3970582, 0.7488608), (0.3970582, 0.7488608), (0.3970582, 0.7488608), (0.3970582, 0.7488608), (0.3970582, 0.7488608), (0.3970582, 0.7488608), (0.5180892, 0.75137424), (0.5180892, 0.75137424), (0.5180892, 0.75137424), (0.5180892, 0.75137424), (0.5180892, 0.75137424), (0.5180892, 0.75137424), (0.5180892, 0.75137424), (0.5180892, 0.75137424), (0.5180892, 0.75137424), (0.5180892, 0.75137424), (0.5180892, 0.75137424), (0.5180892, 0.75137424), (0.5180892, 0.75137424), (0.5180892, 0.75137424), (0.5180892, 0.75137424), (0.5180892, 0.75137424), (0.5180892, 0.75137424), (0.5180892, 0.75137424), (0.5180892, 0.75137424), (0.5180892, 0.75137424), (0.5180892, 0.75137424), (0.5180892, 0.75137424), (0.5180892, 0.75137424), (0.5180892, 0.75137424), (0.5180892, 0.75137424), (0.5180892, 0.75137424), (0.5180892, 0.75137424), (0.5180892, 0.75137424), (0.5180892, 0.75137424), (0.5180892, 0.75137424), (0.5180892, 0.75137424), (0.5180892, 0.75137424), (0.5180892, 0.75137424), (0.5180892, 0.75137424), (0.44285056, 0.75495386), (0.44285056, 0.75495386), (0.44285056, 0.75495386), (0.44285056, 0.75495386), (0.44285056, 0.75495386), (0.44285056, 0.75495386), (0.44285056, 0.75495386), (0.44285056, 0.75495386), (0.44285056, 0.75495386), (0.44285056, 0.75495386), (0.44285056, 0.75495386), (0.44285056, 0.75495386), (0.44285056, 0.75495386), (0.44285056, 0.75495386), (0.44285056, 0.75495386), (0.44285056, 0.75495386), (0.44285056, 0.75495386), (0.44285056, 0.75495386), (0.44285056, 0.75495386), (0.44285056, 0.75495386), (0.44285056, 0.75495386), (0.44285056, 0.75495386), (0.44285056, 0.75495386), (0.44285056, 0.75495386), (0.44285056, 0.75495386), (0.44285056, 0.75495386), (0.44285056, 0.75495386), (0.44285056, 0.75495386), (0.44285056, 0.75495386), (0.44285056, 0.75495386), (0.44285056, 0.75495386), (0.44285056, 0.75495386), (0.44285056, 0.75495386), (0.44285056, 0.75495386), (0.45686144, 0.7552291), (0.45686144, 0.7552291), (0.45686144, 0.7552291), (0.45686144, 0.7552291), (0.45686144, 0.7552291), (0.45686144, 0.7552291), (0.45686144, 0.7552291), (0.45686144, 0.7552291), (0.45686144, 0.7552291), (0.45686144, 0.7552291), (0.45686144, 0.7552291), (0.45686144, 0.7552291), (0.45686144, 0.7552291), (0.45686144, 0.7552291), (0.45686144, 0.7552291), (0.45686144, 0.7552291), (0.45686144, 0.7552291), (0.45686144, 0.7552291), (0.45686144, 0.7552291), (0.45686144, 0.7552291), (0.45686144, 0.7552291), (0.45686144, 0.7552291), (0.45686144, 0.7552291), (0.45686144, 0.7552291), (0.45686144, 0.7552291), (0.45686144, 0.7552291), (0.45686144, 0.7552291), (0.45686144, 0.7552291), (0.45686144, 0.7552291), (0.45686144, 0.7552291), (0.45686144, 0.7552291), (0.45686144, 0.7552291), (0.45686144, 0.7552291), (0.45686144, 0.7552291), (0.48776928, 0.7769225), (0.48776928, 0.7769225), (0.48776928, 0.7769225), (0.48776928, 0.7769225), (0.48776928, 0.7769225), (0.48776928, 0.7769225), (0.48776928, 0.7769225), (0.48776928, 0.7769225), (0.48776928, 0.7769225), (0.48776928, 0.7769225), (0.48776928, 0.7769225), (0.48776928, 0.7769225), (0.48776928, 0.7769225), (0.48776928, 0.7769225), (0.48776928, 0.7769225), (0.48776928, 0.7769225), (0.48776928, 0.7769225), (0.48776928, 0.7769225), (0.48776928, 0.7769225), (0.48776928, 0.7769225), (0.48776928, 0.7769225), (0.48776928, 0.7769225), (0.48776928, 0.7769225), (0.48776928, 0.7769225), (0.48776928, 0.7769225), (0.48776928, 0.7769225), (0.48776928, 0.7769225), (0.48776928, 0.7769225), (0.48776928, 0.7769225), (0.48776928, 0.7769225), (0.48776928, 0.7769225), (0.48776928, 0.7769225), (0.48776928, 0.7769225), (0.48776928, 0.7769225), (0.4220478, 0.78449273), (0.4220478, 0.78449273), (0.4220478, 0.78449273), (0.4220478, 0.78449273), (0.4220478, 0.78449273), (0.4220478, 0.78449273), (0.4220478, 0.78449273), (0.4220478, 0.78449273), (0.4220478, 0.78449273), (0.4220478, 0.78449273), (0.4220478, 0.78449273), (0.4220478, 0.78449273), (0.4220478, 0.78449273), (0.4220478, 0.78449273), (0.4220478, 0.78449273), (0.4220478, 0.78449273), (0.4220478, 0.78449273), (0.4220478, 0.78449273), (0.4220478, 0.78449273), (0.4220478, 0.78449273), (0.4220478, 0.78449273), (0.4220478, 0.78449273), (0.4220478, 0.78449273), (0.4220478, 0.78449273), (0.4220478, 0.78449273), (0.4220478, 0.78449273), (0.4220478, 0.78449273), (0.4220478, 0.78449273), (0.4220478, 0.78449273), (0.4220478, 0.78449273), (0.4220478, 0.78449273), (0.4220478, 0.78449273), (0.4220478, 0.78449273), (0.4220478, 0.78449273), (0.44598395, 0.80001354), (0.44598395, 0.80001354), (0.44598395, 0.80001354), (0.44598395, 0.80001354), (0.44598395, 0.80001354), (0.44598395, 0.80001354), (0.44598395, 0.80001354), (0.44598395, 0.80001354), (0.44598395, 0.80001354), (0.44598395, 0.80001354), (0.44598395, 0.80001354), (0.44598395, 0.80001354), (0.44598395, 0.80001354), (0.44598395, 0.80001354), (0.44598395, 0.80001354), (0.44598395, 0.80001354), (0.44598395, 0.80001354), (0.44598395, 0.80001354), (0.44598395, 0.80001354), (0.44598395, 0.80001354), (0.44598395, 0.80001354), (0.44598395, 0.80001354), (0.44598395, 0.80001354), (0.44598395, 0.80001354), (0.44598395, 0.80001354), (0.44598395, 0.80001354), (0.44598395, 0.80001354), (0.44598395, 0.80001354), (0.44598395, 0.80001354), (0.44598395, 0.80001354), (0.44598395, 0.80001354), (0.44598395, 0.80001354), (0.44598395, 0.80001354), (0.44598395, 0.80001354), (0.45846307, 0.80103296), (0.45846307, 0.80103296), (0.45846307, 0.80103296), (0.45846307, 0.80103296), (0.45846307, 0.80103296), (0.45846307, 0.80103296), (0.45846307, 0.80103296), (0.45846307, 0.80103296), (0.45846307, 0.80103296), (0.45846307, 0.80103296), (0.45846307, 0.80103296), (0.45846307, 0.80103296), (0.45846307, 0.80103296), (0.45846307, 0.80103296), (0.45846307, 0.80103296), (0.45846307, 0.80103296), (0.45846307, 0.80103296), (0.45846307, 0.80103296), (0.45846307, 0.80103296), (0.45846307, 0.80103296), (0.45846307, 0.80103296), (0.45846307, 0.80103296), (0.45846307, 0.80103296), (0.45846307, 0.80103296), (0.45846307, 0.80103296), (0.45846307, 0.80103296), (0.45846307, 0.80103296), (0.45846307, 0.80103296), (0.45846307, 0.80103296), (0.45846307, 0.80103296), (0.45846307, 0.80103296), (0.45846307, 0.80103296), (0.45846307, 0.80103296), (0.45846307, 0.80103296)] (
                        interpolation = "faceVarying"
                    )
                    int[] primvars:st:indices = [35, 176, 178, 37, 178, 180, 39, 180, 182, 181, 39, 182, 177, 36, 179, 176, 34, 177, 27, 33, 35, 29, 35, 37, 39, 29, 37, 38, 30, 39, 34, 32, 36, 28, 34, 33, 22, 28, 27, 29, 22, 27, 30, 21, 29, 26, 20, 30, 24, 32, 31, 23, 31, 28, 15, 23, 22, 14, 22, 21, 20, 14, 21, 19, 13, 20, 24, 18, 25, 16, 24, 23, 9, 10, 11, 6, 11, 10, 4, 8, 6, 4, 0, 2, 1, 3, 0, 5, 9, 3, 4, 6, 10, 178, 189, 188, 180, 188, 185, 184, 180, 185, 187, 182, 184, 186, 179, 183, 189, 177, 186, 74, 108, 142, 142, 190, 224, 190, 258, 224, 258, 428, 394, 428, 360, 496, 394, 326, 258, 462, 598, 530, 496, 632, 428, 428, 598, 394, 530, 700, 734, 564, 768, 632, 632, 700, 598, 700, 802, 734, 768, 836, 870, 768, 904, 700, 1006, 1108, 938, 1040, 1074, 1176, 1006, 1176, 1142, 904, 1040, 1006, 870, 972, 1040, 904, 938, 802, 75, 109, 143, 143, 191, 225, 191, 259, 225, 259, 429, 395, 429, 361, 497, 395, 327, 259, 463, 599, 531, 497, 633, 429, 429, 599, 395, 531, 701, 735, 565, 769, 633, 633, 701, 599, 701, 803, 735, 769, 837, 871, 769, 905, 701, 1007, 1109, 939, 1041, 1075, 1177, 1007, 1177, 1143, 905, 1041, 1007, 871, 973, 1041, 905, 939, 803, 76, 110, 144, 144, 192, 226, 192, 260, 226, 260, 430, 396, 430, 362, 498, 396, 328, 260, 464, 600, 532, 498, 634, 430, 430, 600, 396, 532, 702, 736, 566, 770, 634, 634, 702, 600, 702, 804, 736, 770, 838, 872, 770, 906, 702, 1008, 1110, 940, 1042, 1076, 1178, 1008, 1178, 1144, 906, 1042, 1008, 872, 974, 1042, 906, 940, 804, 77, 111, 145, 145, 193, 227, 193, 261, 227, 261, 431, 397, 431, 363, 499, 397, 329, 261, 465, 601, 533, 499, 635, 431, 431, 601, 397, 533, 703, 737, 567, 771, 635, 635, 703, 601, 703, 805, 737, 771, 839, 873, 771, 907, 703, 1009, 1111, 941, 1043, 1077, 1179, 1009, 1179, 1145, 907, 1043, 1009, 873, 975, 1043, 907, 941, 805, 78, 112, 146, 146, 194, 228, 194, 262, 228, 262, 432, 398, 432, 364, 500, 398, 330, 262, 466, 602, 534, 500, 636, 432, 432, 602, 398, 534, 704, 738, 568, 772, 636, 636, 704, 602, 704, 806, 738, 772, 840, 874, 772, 908, 704, 1010, 1112, 942, 1044, 1078, 1180, 1010, 1180, 1146, 908, 1044, 1010, 874, 976, 1044, 908, 942, 806, 79, 113, 147, 147, 195, 229, 195, 263, 229, 263, 433, 399, 433, 365, 501, 399, 331, 263, 467, 603, 535, 501, 637, 433, 433, 603, 399, 535, 705, 739, 569, 773, 637, 637, 705, 603, 705, 807, 739, 773, 841, 875, 773, 909, 705, 1011, 1113, 943, 1045, 1079, 1181, 1011, 1181, 1147, 909, 1045, 1011, 875, 977, 1045, 909, 943, 807, 80, 114, 148, 148, 196, 230, 196, 264, 230, 264, 434, 400, 434, 366, 502, 400, 332, 264, 468, 604, 536, 502, 638, 434, 434, 604, 400, 536, 706, 740, 570, 774, 638, 638, 706, 604, 706, 808, 740, 774, 842, 876, 774, 910, 706, 1012, 1114, 944, 1046, 1080, 1182, 1012, 1182, 1148, 910, 1046, 1012, 876, 978, 1046, 910, 944, 808, 81, 115, 149, 149, 197, 231, 197, 265, 231, 265, 435, 401, 435, 367, 503, 401, 333, 265, 469, 605, 537, 503, 639, 435, 435, 605, 401, 537, 707, 741, 571, 775, 639, 639, 707, 605, 707, 809, 741, 775, 843, 877, 775, 911, 707, 1013, 1115, 945, 1047, 1081, 1183, 1013, 1183, 1149, 911, 1047, 1013, 877, 979, 1047, 911, 945, 809, 82, 116, 150, 150, 198, 232, 198, 266, 232, 266, 436, 402, 436, 368, 504, 402, 334, 266, 470, 606, 538, 504, 640, 436, 436, 606, 402, 538, 708, 742, 572, 776, 640, 640, 708, 606, 708, 810, 742, 776, 844, 878, 776, 912, 708, 1014, 1116, 946, 1048, 1082, 1184, 1014, 1184, 1150, 912, 1048, 1014, 878, 980, 1048, 912, 946, 810, 83, 117, 151, 151, 199, 233, 199, 267, 233, 267, 437, 403, 437, 369, 505, 403, 335, 267, 471, 607, 539, 505, 641, 437, 437, 607, 403, 539, 709, 743, 573, 777, 641, 641, 709, 607, 709, 811, 743, 777, 845, 879, 777, 913, 709, 1015, 1117, 947, 1049, 1083, 1185, 1015, 1185, 1151, 913, 1049, 1015, 879, 981, 1049, 913, 947, 811, 84, 118, 152, 152, 200, 234, 200, 268, 234, 268, 438, 404, 438, 370, 506, 404, 336, 268, 472, 608, 540, 506, 642, 438, 438, 608, 404, 540, 710, 744, 574, 778, 642, 642, 710, 608, 710, 812, 744, 778, 846, 880, 778, 914, 710, 1016, 1118, 948, 1050, 1084, 1186, 1016, 1186, 1152, 914, 1050, 1016, 880, 982, 1050, 914, 948, 812, 85, 119, 153, 153, 201, 235, 201, 269, 235, 269, 439, 405, 439, 371, 507, 405, 337, 269, 473, 609, 541, 507, 643, 439, 439, 609, 405, 541, 711, 745, 575, 779, 643, 643, 711, 609, 711, 813, 745, 779, 847, 881, 779, 915, 711, 1017, 1119, 949, 1051, 1085, 1187, 1017, 1187, 1153, 915, 1051, 1017, 881, 983, 1051, 915, 949, 813, 86, 120, 154, 154, 202, 236, 202, 270, 236, 270, 440, 406, 440, 372, 508, 406, 338, 270, 474, 610, 542, 508, 644, 440, 440, 610, 406, 542, 712, 746, 576, 780, 644, 644, 712, 610, 712, 814, 746, 780, 848, 882, 780, 916, 712, 1018, 1120, 950, 1052, 1086, 1188, 1018, 1188, 1154, 916, 1052, 1018, 882, 984, 1052, 916, 950, 814, 87, 121, 155, 155, 203, 237, 203, 271, 237, 271, 441, 407, 441, 373, 509, 407, 339, 271, 475, 611, 543, 509, 645, 441, 441, 611, 407, 543, 713, 747, 577, 781, 645, 645, 713, 611, 713, 815, 747, 781, 849, 883, 781, 917, 713, 1019, 1121, 951, 1053, 1087, 1189, 1019, 1189, 1155, 917, 1053, 1019, 883, 985, 1053, 917, 951, 815, 88, 122, 156, 156, 204, 238, 204, 272, 238, 272, 442, 408, 442, 374, 510, 408, 340, 272, 476, 612, 544, 510, 646, 442, 442, 612, 408, 544, 714, 748, 578, 782, 646, 646, 714, 612, 714, 816, 748, 782, 850, 884, 782, 918, 714, 1020, 1122, 952, 1054, 1088, 1190, 1020, 1190, 1156, 918, 1054, 1020, 884, 986, 1054, 918, 952, 816, 89, 123, 157, 157, 205, 239, 205, 273, 239, 273, 443, 409, 443, 375, 511, 409, 341, 273, 477, 613, 545, 511, 647, 443, 443, 613, 409, 545, 715, 749, 579, 783, 647, 647, 715, 613, 715, 817, 749, 783, 851, 885, 783, 919, 715, 1021, 1123, 953, 1055, 1089, 1191, 1021, 1191, 1157, 919, 1055, 1021, 885, 987, 1055, 919, 953, 817, 90, 124, 158, 158, 206, 240, 206, 274, 240, 274, 444, 410, 444, 376, 512, 410, 342, 274, 478, 614, 546, 512, 648, 444, 444, 614, 410, 546, 716, 750, 580, 784, 648, 648, 716, 614, 716, 818, 750, 784, 852, 886, 784, 920, 716, 1022, 1124, 954, 1056, 1090, 1192, 1022, 1192, 1158, 920, 1056, 1022, 886, 988, 1056, 920, 954, 818, 91, 125, 159, 159, 207, 241, 207, 275, 241, 275, 445, 411, 445, 377, 513, 411, 343, 275, 479, 615, 547, 513, 649, 445, 445, 615, 411, 547, 717, 751, 581, 785, 649, 649, 717, 615, 717, 819, 751, 785, 853, 887, 785, 921, 717, 1023, 1125, 955, 1057, 1091, 1193, 1023, 1193, 1159, 921, 1057, 1023, 887, 989, 1057, 921, 955, 819, 92, 126, 160, 160, 208, 242, 208, 276, 242, 276, 446, 412, 446, 378, 514, 412, 344, 276, 480, 616, 548, 514, 650, 446, 446, 616, 412, 548, 718, 752, 582, 786, 650, 650, 718, 616, 718, 820, 752, 786, 854, 888, 786, 922, 718, 1024, 1126, 956, 1058, 1092, 1194, 1024, 1194, 1160, 922, 1058, 1024, 888, 990, 1058, 922, 956, 820, 93, 127, 161, 161, 209, 243, 209, 277, 243, 277, 447, 413, 447, 379, 515, 413, 345, 277, 481, 617, 549, 515, 651, 447, 447, 617, 413, 549, 719, 753, 583, 787, 651, 651, 719, 617, 719, 821, 753, 787, 855, 889, 787, 923, 719, 1025, 1127, 957, 1059, 1093, 1195, 1025, 1195, 1161, 923, 1059, 1025, 889, 991, 1059, 923, 957, 821, 94, 128, 162, 162, 210, 244, 210, 278, 244, 278, 448, 414, 448, 380, 516, 414, 346, 278, 482, 618, 550, 516, 652, 448, 448, 618, 414, 550, 720, 754, 584, 788, 652, 652, 720, 618, 720, 822, 754, 788, 856, 890, 788, 924, 720, 1026, 1128, 958, 1060, 1094, 1196, 1026, 1196, 1162, 924, 1060, 1026, 890, 992, 1060, 924, 958, 822, 95, 129, 163, 163, 211, 245, 211, 279, 245, 279, 449, 415, 449, 381, 517, 415, 347, 279, 483, 619, 551, 517, 653, 449, 449, 619, 415, 551, 721, 755, 585, 789, 653, 653, 721, 619, 721, 823, 755, 789, 857, 891, 789, 925, 721, 1027, 1129, 959, 1061, 1095, 1197, 1027, 1197, 1163, 925, 1061, 1027, 891, 993, 1061, 925, 959, 823, 96, 130, 164, 164, 212, 246, 212, 280, 246, 280, 450, 416, 450, 382, 518, 416, 348, 280, 484, 620, 552, 518, 654, 450, 450, 620, 416, 552, 722, 756, 586, 790, 654, 654, 722, 620, 722, 824, 756, 790, 858, 892, 790, 926, 722, 1028, 1130, 960, 1062, 1096, 1198, 1028, 1198, 1164, 926, 1062, 1028, 892, 994, 1062, 926, 960, 824, 97, 131, 165, 165, 213, 247, 213, 281, 247, 281, 451, 417, 451, 383, 519, 417, 349, 281, 485, 621, 553, 519, 655, 451, 451, 621, 417, 553, 723, 757, 587, 791, 655, 655, 723, 621, 723, 825, 757, 791, 859, 893, 791, 927, 723, 1029, 1131, 961, 1063, 1097, 1199, 1029, 1199, 1165, 927, 1063, 1029, 893, 995, 1063, 927, 961, 825, 98, 132, 166, 166, 214, 248, 214, 282, 248, 282, 452, 418, 452, 384, 520, 418, 350, 282, 486, 622, 554, 520, 656, 452, 452, 622, 418, 554, 724, 758, 588, 792, 656, 656, 724, 622, 724, 826, 758, 792, 860, 894, 792, 928, 724, 1030, 1132, 962, 1064, 1098, 1200, 1030, 1200, 1166, 928, 1064, 1030, 894, 996, 1064, 928, 962, 826, 99, 133, 167, 167, 215, 249, 215, 283, 249, 283, 453, 419, 453, 385, 521, 419, 351, 283, 487, 623, 555, 521, 657, 453, 453, 623, 419, 555, 725, 759, 589, 793, 657, 657, 725, 623, 725, 827, 759, 793, 861, 895, 793, 929, 725, 1031, 1133, 963, 1065, 1099, 1201, 1031, 1201, 1167, 929, 1065, 1031, 895, 997, 1065, 929, 963, 827, 100, 134, 168, 168, 216, 250, 216, 284, 250, 284, 454, 420, 454, 386, 522, 420, 352, 284, 488, 624, 556, 522, 658, 454, 454, 624, 420, 556, 726, 760, 590, 794, 658, 658, 726, 624, 726, 828, 760, 794, 862, 896, 794, 930, 726, 1032, 1134, 964, 1066, 1100, 1202, 1032, 1202, 1168, 930, 1066, 1032, 896, 998, 1066, 930, 964, 828, 101, 135, 169, 169, 217, 251, 217, 285, 251, 285, 455, 421, 455, 387, 523, 421, 353, 285, 489, 625, 557, 523, 659, 455, 455, 625, 421, 557, 727, 761, 591, 795, 659, 659, 727, 625, 727, 829, 761, 795, 863, 897, 795, 931, 727, 1033, 1135, 965, 1067, 1101, 1203, 1033, 1203, 1169, 931, 1067, 1033, 897, 999, 1067, 931, 965, 829, 102, 136, 170, 170, 218, 252, 218, 286, 252, 286, 456, 422, 456, 388, 524, 422, 354, 286, 490, 626, 558, 524, 660, 456, 456, 626, 422, 558, 728, 762, 592, 796, 660, 660, 728, 626, 728, 830, 762, 796, 864, 898, 796, 932, 728, 1034, 1136, 966, 1068, 1102, 1204, 1034, 1204, 1170, 932, 1068, 1034, 898, 1000, 1068, 932, 966, 830, 103, 137, 171, 171, 219, 253, 219, 287, 253, 287, 457, 423, 457, 389, 525, 423, 355, 287, 491, 627, 559, 525, 661, 457, 457, 627, 423, 559, 729, 763, 593, 797, 661, 661, 729, 627, 729, 831, 763, 797, 865, 899, 797, 933, 729, 1035, 1137, 967, 1069, 1103, 1205, 1035, 1205, 1171, 933, 1069, 1035, 899, 1001, 1069, 933, 967, 831, 104, 138, 172, 172, 220, 254, 220, 288, 254, 288, 458, 424, 458, 390, 526, 424, 356, 288, 492, 628, 560, 526, 662, 458, 458, 628, 424, 560, 730, 764, 594, 798, 662, 662, 730, 628, 730, 832, 764, 798, 866, 900, 798, 934, 730, 1036, 1138, 968, 1070, 1104, 1206, 1036, 1206, 1172, 934, 1070, 1036, 900, 1002, 1070, 934, 968, 832, 105, 139, 173, 173, 221, 255, 221, 289, 255, 289, 459, 425, 459, 391, 527, 425, 357, 289, 493, 629, 561, 527, 663, 459, 459, 629, 425, 561, 731, 765, 595, 799, 663, 663, 731, 629, 731, 833, 765, 799, 867, 901, 799, 935, 731, 1037, 1139, 969, 1071, 1105, 1207, 1037, 1207, 1173, 935, 1071, 1037, 901, 1003, 1071, 935, 969, 833, 106, 140, 174, 174, 222, 256, 222, 290, 256, 290, 460, 426, 460, 392, 528, 426, 358, 290, 494, 630, 562, 528, 664, 460, 460, 630, 426, 562, 732, 766, 596, 800, 664, 664, 732, 630, 732, 834, 766, 800, 868, 902, 800, 936, 732, 1038, 1140, 970, 1072, 1106, 1208, 1038, 1208, 1174, 936, 1072, 1038, 902, 1004, 1072, 936, 970, 834, 107, 141, 175, 175, 223, 257, 223, 291, 257, 291, 461, 427, 461, 393, 529, 427, 359, 291, 495, 631, 563, 529, 665, 461, 461, 631, 427, 563, 733, 767, 597, 801, 665, 665, 733, 631, 733, 835, 767, 801, 869, 903, 801, 937, 733, 1039, 1141, 971, 1073, 1107, 1209, 1039, 1209, 1175, 937, 1073, 1039, 903, 1005, 1073, 937, 971, 835, 35, 33, 176, 37, 35, 178, 39, 37, 180, 181, 38, 39, 177, 34, 36, 176, 33, 34, 27, 28, 33, 29, 27, 35, 39, 30, 29, 38, 26, 30, 34, 31, 32, 28, 31, 34, 22, 23, 28, 29, 21, 22, 30, 20, 21, 26, 19, 20, 24, 25, 32, 23, 24, 31, 15, 16, 23, 14, 15, 22, 20, 13, 14, 19, 12, 13, 24, 17, 18, 16, 17, 24, 9, 7, 10, 6, 8, 11, 4, 2, 8, 4, 1, 0, 1, 5, 3, 5, 7, 9, 10, 7, 5, 5, 1, 10, 1, 4, 10, 178, 176, 189, 180, 178, 188, 184, 182, 180, 187, 181, 182, 186, 177, 179, 189, 176, 177, 74, 40, 108, 142, 108, 190, 190, 292, 258, 258, 292, 428, 428, 292, 360, 394, 462, 326, 462, 394, 598, 496, 564, 632, 428, 632, 598, 530, 598, 700, 564, 666, 768, 632, 768, 700, 700, 904, 802, 768, 666, 836, 768, 870, 904, 1006, 1142, 1108, 1040, 972, 1074, 1006, 1040, 1176, 904, 870, 1040, 870, 836, 972, 904, 1006, 938, 75, 41, 109, 143, 109, 191, 191, 293, 259, 259, 293, 429, 429, 293, 361, 395, 463, 327, 463, 395, 599, 497, 565, 633, 429, 633, 599, 531, 599, 701, 565, 667, 769, 633, 769, 701, 701, 905, 803, 769, 667, 837, 769, 871, 905, 1007, 1143, 1109, 1041, 973, 1075, 1007, 1041, 1177, 905, 871, 1041, 871, 837, 973, 905, 1007, 939, 76, 42, 110, 144, 110, 192, 192, 294, 260, 260, 294, 430, 430, 294, 362, 396, 464, 328, 464, 396, 600, 498, 566, 634, 430, 634, 600, 532, 600, 702, 566, 668, 770, 634, 770, 702, 702, 906, 804, 770, 668, 838, 770, 872, 906, 1008, 1144, 1110, 1042, 974, 1076, 1008, 1042, 1178, 906, 872, 1042, 872, 838, 974, 906, 1008, 940, 77, 43, 111, 145, 111, 193, 193, 295, 261, 261, 295, 431, 431, 295, 363, 397, 465, 329, 465, 397, 601, 499, 567, 635, 431, 635, 601, 533, 601, 703, 567, 669, 771, 635, 771, 703, 703, 907, 805, 771, 669, 839, 771, 873, 907, 1009, 1145, 1111, 1043, 975, 1077, 1009, 1043, 1179, 907, 873, 1043, 873, 839, 975, 907, 1009, 941, 78, 44, 112, 146, 112, 194, 194, 296, 262, 262, 296, 432, 432, 296, 364, 398, 466, 330, 466, 398, 602, 500, 568, 636, 432, 636, 602, 534, 602, 704, 568, 670, 772, 636, 772, 704, 704, 908, 806, 772, 670, 840, 772, 874, 908, 1010, 1146, 1112, 1044, 976, 1078, 1010, 1044, 1180, 908, 874, 1044, 874, 840, 976, 908, 1010, 942, 79, 45, 113, 147, 113, 195, 195, 297, 263, 263, 297, 433, 433, 297, 365, 399, 467, 331, 467, 399, 603, 501, 569, 637, 433, 637, 603, 535, 603, 705, 569, 671, 773, 637, 773, 705, 705, 909, 807, 773, 671, 841, 773, 875, 909, 1011, 1147, 1113, 1045, 977, 1079, 1011, 1045, 1181, 909, 875, 1045, 875, 841, 977, 909, 1011, 943, 80, 46, 114, 148, 114, 196, 196, 298, 264, 264, 298, 434, 434, 298, 366, 400, 468, 332, 468, 400, 604, 502, 570, 638, 434, 638, 604, 536, 604, 706, 570, 672, 774, 638, 774, 706, 706, 910, 808, 774, 672, 842, 774, 876, 910, 1012, 1148, 1114, 1046, 978, 1080, 1012, 1046, 1182, 910, 876, 1046, 876, 842, 978, 910, 1012, 944, 81, 47, 115, 149, 115, 197, 197, 299, 265, 265, 299, 435, 435, 299, 367, 401, 469, 333, 469, 401, 605, 503, 571, 639, 435, 639, 605, 537, 605, 707, 571, 673, 775, 639, 775, 707, 707, 911, 809, 775, 673, 843, 775, 877, 911, 1013, 1149, 1115, 1047, 979, 1081, 1013, 1047, 1183, 911, 877, 1047, 877, 843, 979, 911, 1013, 945, 82, 48, 116, 150, 116, 198, 198, 300, 266, 266, 300, 436, 436, 300, 368, 402, 470, 334, 470, 402, 606, 504, 572, 640, 436, 640, 606, 538, 606, 708, 572, 674, 776, 640, 776, 708, 708, 912, 810, 776, 674, 844, 776, 878, 912, 1014, 1150, 1116, 1048, 980, 1082, 1014, 1048, 1184, 912, 878, 1048, 878, 844, 980, 912, 1014, 946, 83, 49, 117, 151, 117, 199, 199, 301, 267, 267, 301, 437, 437, 301, 369, 403, 471, 335, 471, 403, 607, 505, 573, 641, 437, 641, 607, 539, 607, 709, 573, 675, 777, 641, 777, 709, 709, 913, 811, 777, 675, 845, 777, 879, 913, 1015, 1151, 1117, 1049, 981, 1083, 1015, 1049, 1185, 913, 879, 1049, 879, 845, 981, 913, 1015, 947, 84, 50, 118, 152, 118, 200, 200, 302, 268, 268, 302, 438, 438, 302, 370, 404, 472, 336, 472, 404, 608, 506, 574, 642, 438, 642, 608, 540, 608, 710, 574, 676, 778, 642, 778, 710, 710, 914, 812, 778, 676, 846, 778, 880, 914, 1016, 1152, 1118, 1050, 982, 1084, 1016, 1050, 1186, 914, 880, 1050, 880, 846, 982, 914, 1016, 948, 85, 51, 119, 153, 119, 201, 201, 303, 269, 269, 303, 439, 439, 303, 371, 405, 473, 337, 473, 405, 609, 507, 575, 643, 439, 643, 609, 541, 609, 711, 575, 677, 779, 643, 779, 711, 711, 915, 813, 779, 677, 847, 779, 881, 915, 1017, 1153, 1119, 1051, 983, 1085, 1017, 1051, 1187, 915, 881, 1051, 881, 847, 983, 915, 1017, 949, 86, 52, 120, 154, 120, 202, 202, 304, 270, 270, 304, 440, 440, 304, 372, 406, 474, 338, 474, 406, 610, 508, 576, 644, 440, 644, 610, 542, 610, 712, 576, 678, 780, 644, 780, 712, 712, 916, 814, 780, 678, 848, 780, 882, 916, 1018, 1154, 1120, 1052, 984, 1086, 1018, 1052, 1188, 916, 882, 1052, 882, 848, 984, 916, 1018, 950, 87, 53, 121, 155, 121, 203, 203, 305, 271, 271, 305, 441, 441, 305, 373, 407, 475, 339, 475, 407, 611, 509, 577, 645, 441, 645, 611, 543, 611, 713, 577, 679, 781, 645, 781, 713, 713, 917, 815, 781, 679, 849, 781, 883, 917, 1019, 1155, 1121, 1053, 985, 1087, 1019, 1053, 1189, 917, 883, 1053, 883, 849, 985, 917, 1019, 951, 88, 54, 122, 156, 122, 204, 204, 306, 272, 272, 306, 442, 442, 306, 374, 408, 476, 340, 476, 408, 612, 510, 578, 646, 442, 646, 612, 544, 612, 714, 578, 680, 782, 646, 782, 714, 714, 918, 816, 782, 680, 850, 782, 884, 918, 1020, 1156, 1122, 1054, 986, 1088, 1020, 1054, 1190, 918, 884, 1054, 884, 850, 986, 918, 1020, 952, 89, 55, 123, 157, 123, 205, 205, 307, 273, 273, 307, 443, 443, 307, 375, 409, 477, 341, 477, 409, 613, 511, 579, 647, 443, 647, 613, 545, 613, 715, 579, 681, 783, 647, 783, 715, 715, 919, 817, 783, 681, 851, 783, 885, 919, 1021, 1157, 1123, 1055, 987, 1089, 1021, 1055, 1191, 919, 885, 1055, 885, 851, 987, 919, 1021, 953, 90, 56, 124, 158, 124, 206, 206, 308, 274, 274, 308, 444, 444, 308, 376, 410, 478, 342, 478, 410, 614, 512, 580, 648, 444, 648, 614, 546, 614, 716, 580, 682, 784, 648, 784, 716, 716, 920, 818, 784, 682, 852, 784, 886, 920, 1022, 1158, 1124, 1056, 988, 1090, 1022, 1056, 1192, 920, 886, 1056, 886, 852, 988, 920, 1022, 954, 91, 57, 125, 159, 125, 207, 207, 309, 275, 275, 309, 445, 445, 309, 377, 411, 479, 343, 479, 411, 615, 513, 581, 649, 445, 649, 615, 547, 615, 717, 581, 683, 785, 649, 785, 717, 717, 921, 819, 785, 683, 853, 785, 887, 921, 1023, 1159, 1125, 1057, 989, 1091, 1023, 1057, 1193, 921, 887, 1057, 887, 853, 989, 921, 1023, 955, 92, 58, 126, 160, 126, 208, 208, 310, 276, 276, 310, 446, 446, 310, 378, 412, 480, 344, 480, 412, 616, 514, 582, 650, 446, 650, 616, 548, 616, 718, 582, 684, 786, 650, 786, 718, 718, 922, 820, 786, 684, 854, 786, 888, 922, 1024, 1160, 1126, 1058, 990, 1092, 1024, 1058, 1194, 922, 888, 1058, 888, 854, 990, 922, 1024, 956, 93, 59, 127, 161, 127, 209, 209, 311, 277, 277, 311, 447, 447, 311, 379, 413, 481, 345, 481, 413, 617, 515, 583, 651, 447, 651, 617, 549, 617, 719, 583, 685, 787, 651, 787, 719, 719, 923, 821, 787, 685, 855, 787, 889, 923, 1025, 1161, 1127, 1059, 991, 1093, 1025, 1059, 1195, 923, 889, 1059, 889, 855, 991, 923, 1025, 957, 94, 60, 128, 162, 128, 210, 210, 312, 278, 278, 312, 448, 448, 312, 380, 414, 482, 346, 482, 414, 618, 516, 584, 652, 448, 652, 618, 550, 618, 720, 584, 686, 788, 652, 788, 720, 720, 924, 822, 788, 686, 856, 788, 890, 924, 1026, 1162, 1128, 1060, 992, 1094, 1026, 1060, 1196, 924, 890, 1060, 890, 856, 992, 924, 1026, 958, 95, 61, 129, 163, 129, 211, 211, 313, 279, 279, 313, 449, 449, 313, 381, 415, 483, 347, 483, 415, 619, 517, 585, 653, 449, 653, 619, 551, 619, 721, 585, 687, 789, 653, 789, 721, 721, 925, 823, 789, 687, 857, 789, 891, 925, 1027, 1163, 1129, 1061, 993, 1095, 1027, 1061, 1197, 925, 891, 1061, 891, 857, 993, 925, 1027, 959, 96, 62, 130, 164, 130, 212, 212, 314, 280, 280, 314, 450, 450, 314, 382, 416, 484, 348, 484, 416, 620, 518, 586, 654, 450, 654, 620, 552, 620, 722, 586, 688, 790, 654, 790, 722, 722, 926, 824, 790, 688, 858, 790, 892, 926, 1028, 1164, 1130, 1062, 994, 1096, 1028, 1062, 1198, 926, 892, 1062, 892, 858, 994, 926, 1028, 960, 97, 63, 131, 165, 131, 213, 213, 315, 281, 281, 315, 451, 451, 315, 383, 417, 485, 349, 485, 417, 621, 519, 587, 655, 451, 655, 621, 553, 621, 723, 587, 689, 791, 655, 791, 723, 723, 927, 825, 791, 689, 859, 791, 893, 927, 1029, 1165, 1131, 1063, 995, 1097, 1029, 1063, 1199, 927, 893, 1063, 893, 859, 995, 927, 1029, 961, 98, 64, 132, 166, 132, 214, 214, 316, 282, 282, 316, 452, 452, 316, 384, 418, 486, 350, 486, 418, 622, 520, 588, 656, 452, 656, 622, 554, 622, 724, 588, 690, 792, 656, 792, 724, 724, 928, 826, 792, 690, 860, 792, 894, 928, 1030, 1166, 1132, 1064, 996, 1098, 1030, 1064, 1200, 928, 894, 1064, 894, 860, 996, 928, 1030, 962, 99, 65, 133, 167, 133, 215, 215, 317, 283, 283, 317, 453, 453, 317, 385, 419, 487, 351, 487, 419, 623, 521, 589, 657, 453, 657, 623, 555, 623, 725, 589, 691, 793, 657, 793, 725, 725, 929, 827, 793, 691, 861, 793, 895, 929, 1031, 1167, 1133, 1065, 997, 1099, 1031, 1065, 1201, 929, 895, 1065, 895, 861, 997, 929, 1031, 963, 100, 66, 134, 168, 134, 216, 216, 318, 284, 284, 318, 454, 454, 318, 386, 420, 488, 352, 488, 420, 624, 522, 590, 658, 454, 658, 624, 556, 624, 726, 590, 692, 794, 658, 794, 726, 726, 930, 828, 794, 692, 862, 794, 896, 930, 1032, 1168, 1134, 1066, 998, 1100, 1032, 1066, 1202, 930, 896, 1066, 896, 862, 998, 930, 1032, 964, 101, 67, 135, 169, 135, 217, 217, 319, 285, 285, 319, 455, 455, 319, 387, 421, 489, 353, 489, 421, 625, 523, 591, 659, 455, 659, 625, 557, 625, 727, 591, 693, 795, 659, 795, 727, 727, 931, 829, 795, 693, 863, 795, 897, 931, 1033, 1169, 1135, 1067, 999, 1101, 1033, 1067, 1203, 931, 897, 1067, 897, 863, 999, 931, 1033, 965, 102, 68, 136, 170, 136, 218, 218, 320, 286, 286, 320, 456, 456, 320, 388, 422, 490, 354, 490, 422, 626, 524, 592, 660, 456, 660, 626, 558, 626, 728, 592, 694, 796, 660, 796, 728, 728, 932, 830, 796, 694, 864, 796, 898, 932, 1034, 1170, 1136, 1068, 1000, 1102, 1034, 1068, 1204, 932, 898, 1068, 898, 864, 1000, 932, 1034, 966, 103, 69, 137, 171, 137, 219, 219, 321, 287, 287, 321, 457, 457, 321, 389, 423, 491, 355, 491, 423, 627, 525, 593, 661, 457, 661, 627, 559, 627, 729, 593, 695, 797, 661, 797, 729, 729, 933, 831, 797, 695, 865, 797, 899, 933, 1035, 1171, 1137, 1069, 1001, 1103, 1035, 1069, 1205, 933, 899, 1069, 899, 865, 1001, 933, 1035, 967, 104, 70, 138, 172, 138, 220, 220, 322, 288, 288, 322, 458, 458, 322, 390, 424, 492, 356, 492, 424, 628, 526, 594, 662, 458, 662, 628, 560, 628, 730, 594, 696, 798, 662, 798, 730, 730, 934, 832, 798, 696, 866, 798, 900, 934, 1036, 1172, 1138, 1070, 1002, 1104, 1036, 1070, 1206, 934, 900, 1070, 900, 866, 1002, 934, 1036, 968, 105, 71, 139, 173, 139, 221, 221, 323, 289, 289, 323, 459, 459, 323, 391, 425, 493, 357, 493, 425, 629, 527, 595, 663, 459, 663, 629, 561, 629, 731, 595, 697, 799, 663, 799, 731, 731, 935, 833, 799, 697, 867, 799, 901, 935, 1037, 1173, 1139, 1071, 1003, 1105, 1037, 1071, 1207, 935, 901, 1071, 901, 867, 1003, 935, 1037, 969, 106, 72, 140, 174, 140, 222, 222, 324, 290, 290, 324, 460, 460, 324, 392, 426, 494, 358, 494, 426, 630, 528, 596, 664, 460, 664, 630, 562, 630, 732, 596, 698, 800, 664, 800, 732, 732, 936, 834, 800, 698, 868, 800, 902, 936, 1038, 1174, 1140, 1072, 1004, 1106, 1038, 1072, 1208, 936, 902, 1072, 902, 868, 1004, 936, 1038, 970, 107, 73, 141, 175, 141, 223, 223, 325, 291, 291, 325, 461, 461, 325, 393, 427, 495, 359, 495, 427, 631, 529, 597, 665, 461, 665, 631, 563, 631, 733, 597, 699, 801, 665, 801, 733, 733, 937, 835, 801, 699, 869, 801, 903, 937, 1039, 1175, 1141, 1073, 1005, 1107, 1039, 1073, 1209, 937, 903, 1073, 903, 869, 1005, 937, 1039, 971]
                    uniform token subdivisionScheme = "none"
                }
            }
        }
    }
}

